check_id,tier,description,outcome_key,regressor,effect_MAR,se_MAR,p_MAR,effect_KOR,se_KOR,p_KOR,diff_KOR_minus_MAR,se_diff,p_diff,n,n_MAR,n_KOR,weighted,estimator
R01,T2,"Unweighted OLS/logit, HC1-type robust SE",D1_sales,prod_innov,1.9201880384344425,1.0194770057014424,0.05978403750860311,1.8740174998402224,1.5912506803008002,0.23906255293617415,-0.04617053859422008,1.8871168774262799,0.9804833169146635,1925,494,1431,False,ols
R01,T2,"Unweighted OLS/logit, HC1-type robust SE",D1_sales,proc_innov,0.677941386736118,1.4141687045424898,0.631714554626781,-6.173512012868335,2.0123970307240757,0.0021871237675029844,-6.851453399604454,2.4478197466732223,0.005177579819384438,1925,494,1431,False,ols
R01,T2,"Unweighted OLS/logit, HC1-type robust SE",D1_sales,web,0.9020253861327255,0.587324126249353,0.12474763850891205,2.0603878917079927,0.7039204083600057,0.003462743937406674,1.1583625055752673,0.8984287153337617,0.19744282084889456,1925,494,1431,False,ols
R01,T2,"Unweighted OLS/logit, HC1-type robust SE",D1_lp,prod_innov,0.06944880526243068,1.1008387776398976,0.9497036904026549,1.374203315039493,1.7725662271965732,0.4382808033881718,1.3047545097770623,2.087188107810546,0.531963367951307,1925,494,1431,False,ols
R01,T2,"Unweighted OLS/logit, HC1-type robust SE",D1_lp,proc_innov,-1.4911459494866839,1.6107724990371841,0.3547014791984168,-5.647711186436567,2.287825560270224,0.013651501809045475,-4.156565236949883,2.7758643517311508,0.1344557544838402,1925,494,1431,False,ols
R01,T2,"Unweighted OLS/logit, HC1-type robust SE",D1_lp,web,0.3302826444910669,0.6960222682180192,0.6351770792275294,1.901540376632509,0.7768027367686937,0.014458341657497306,1.571257732141442,1.026489280529071,0.12600659974853937,1925,494,1431,False,ols
R01,T2,"Unweighted OLS/logit, HC1-type robust SE",D2_emp,prod_innov,1.8295422687734724,1.159736720982236,0.11483247686707042,0.35704880661912863,0.6115209159560885,0.5593756980378883,-1.4724934621543437,1.3141992825688653,0.262661383420198,1951,495,1456,False,ols
R01,T2,"Unweighted OLS/logit, HC1-type robust SE",D2_emp,proc_innov,2.2641092101518905,1.6293642605653824,0.16482047606914219,-0.785893597043632,0.8501895248853941,0.3554065151751161,-3.0500028071955225,1.8238246508545546,0.09462450997603294,1951,495,1456,False,ols
R01,T2,"Unweighted OLS/logit, HC1-type robust SE",D2_emp,web,0.6215155940649616,0.6546697627371115,0.3425573521896488,0.11919932206673134,0.4041261592612514,0.768059331928695,-0.5023162719982303,0.7566780617931229,0.5068691379617376,1951,495,1456,False,ols
R01,T2,"Unweighted OLS/logit, HC1-type robust SE",D3_female,prod_innov,-0.03714545146186083,0.027904745767273233,0.18329979554305423,0.05029005884352832,0.02619127280150541,0.0549948357655067,0.08743551030538915,0.03818996970984055,0.022160868114056653,1903,418,1485,False,ols
R01,T2,"Unweighted OLS/logit, HC1-type robust SE",D3_female,proc_innov,0.10540656433578409,0.04122465296288064,0.010639104880161085,-0.013952010437073614,0.039248860178030746,0.7222730629270454,-0.1193585747728577,0.05671662292887415,0.03546913378743197,1903,418,1485,False,ols
R01,T2,"Unweighted OLS/logit, HC1-type robust SE",D3_female,web,0.04468653795723826,0.025163795778923175,0.07592253846789813,0.010018381504743143,0.014385755348249039,0.48625793095037273,-0.034668156452495116,0.02899618377598037,0.23199853975419374,1903,418,1485,False,ols
R01,T2,"Unweighted OLS/logit, HC1-type robust SE",D3_lowskill,prod_innov,0.0319715741321714,0.031064476479564014,0.30351950712567954,0.048721392807506606,0.02843315441390036,0.08677984302334818,0.016749818675335204,0.04210885620747564,0.6908423202998335,1872,407,1465,False,ols
R01,T2,"Unweighted OLS/logit, HC1-type robust SE",D3_lowskill,proc_innov,-0.012489427216063678,0.04314206458218828,0.7722346525705929,0.010655603847672813,0.041821189676136634,0.7989138268476684,0.02314503106373649,0.059616454358484394,0.6978886594949716,1872,407,1465,False,ols
R01,T2,"Unweighted OLS/logit, HC1-type robust SE",D3_lowskill,web,-0.09430783348280455,0.025612479347939632,0.00023792762678899983,0.012277268834545108,0.014419113875403573,0.394624807558412,0.10658510231734966,0.029324521582174575,0.000285904990205627,1872,407,1465,False,ols
R01,T2,"Unweighted OLS/logit, HC1-type robust SE",D4_energy,prod_innov,1.084186671854356,0.3565038771934047,0.00238783729057846,0.8843298974484614,0.23426458545341625,0.00016481417223241328,-0.19985677440589467,0.4272992254394989,0.6400361188355552,1978,502,1476,False,logit
R01,T2,"Unweighted OLS/logit, HC1-type robust SE",D4_energy,proc_innov,0.2747814385302637,0.5338209798324435,0.606789490517656,0.42039671902660924,0.3600925365387534,0.24316298105273718,0.14561528049634556,0.6405038087030673,0.8201792287896016,1978,502,1476,False,logit
R01,T2,"Unweighted OLS/logit, HC1-type robust SE",D4_energy,web,-0.49165528208005094,0.26694729127155303,0.06565969649235559,0.39472771395716844,0.16552292515456105,0.017186029897134823,0.8863829960372194,0.30935896205531593,0.0042114749188003845,1978,502,1476,False,logit
R01,T2,"Unweighted OLS/logit, HC1-type robust SE",D4_co2,prod_innov,0.8131955889533036,0.4656584568545606,0.08090754498270454,0.5670363599406857,0.2711698830113266,0.03664833480415491,-0.24615922901261786,0.5406044726756708,0.6489139617105354,1999,504,1495,False,logit
R01,T2,"Unweighted OLS/logit, HC1-type robust SE",D4_co2,proc_innov,-1.8224965043949894,1.0452422351809771,0.08138172675403385,-0.2774064448660969,0.42263406502786266,0.5116589735616619,1.5450900595288926,1.1177454416130606,0.16702681115749113,1999,504,1495,False,logit
R01,T2,"Unweighted OLS/logit, HC1-type robust SE",D4_co2,web,0.15705069900750784,0.359590669447644,0.6623412511059549,0.06872906165897404,0.19745446137398912,0.7278204050683457,-0.08832163734853381,0.4060124023608615,0.8278143220361007,1999,504,1495,False,logit
R02a,T2,Weights wmedian (instead of wstrict),D1_sales,prod_innov,0.9931193597604225,1.0825649929376213,0.3590924251217157,8.95794367322013,3.871845770071002,0.020823178958917617,7.964824313459708,4.010261775692231,0.04720205098371592,1925,494,1431,True,ols
R02a,T2,Weights wmedian (instead of wstrict),D1_sales,proc_innov,0.6029115952438818,1.5706860620406091,0.7011420417657831,-13.253814540606287,4.9251971097100595,0.007202151913513806,-13.856726135850169,5.083395670257509,0.006487344647758776,1925,494,1431,True,ols
R02a,T2,Weights wmedian (instead of wstrict),D1_sales,web,0.1503101661488587,1.1565221228948255,0.8966095802462233,3.4509802769538975,1.4278655101319575,0.015772351033503683,3.3006701108050387,1.8116257209786772,0.06866262628822412,1925,494,1431,True,ols
R02a,T2,Weights wmedian (instead of wstrict),D1_lp,prod_innov,2.216108585697199,1.7216341969969922,0.19821812086925997,7.741502298658386,4.229757178013777,0.06741049344296501,5.525393712961186,4.544555465754967,0.2242413361957953,1925,494,1431,True,ols
R02a,T2,Weights wmedian (instead of wstrict),D1_lp,proc_innov,-2.222426696082431,2.986431094149363,0.4568868392709417,-9.890470329612107,4.48834591613661,0.027704140374712877,-7.668043633529676,5.300066643561535,0.148165950792916,1925,494,1431,True,ols
R02a,T2,Weights wmedian (instead of wstrict),D1_lp,web,-1.3115018436967834,1.5984411166026622,0.4120677820469069,2.1373673021930903,1.6820107408556901,0.20402398013227055,3.4488691458898737,2.2331819938928943,0.12270774658936949,1925,494,1431,True,ols
R02a,T2,Weights wmedian (instead of wstrict),D2_emp,prod_innov,-1.3694685128187278,1.4819898146354522,0.35559360075839974,1.2847646117170557,2.0519254482959166,0.5313255804912079,2.6542331245357835,2.547834479431114,0.2976875649396153,1951,495,1456,True,ols
R02a,T2,Weights wmedian (instead of wstrict),D2_emp,proc_innov,2.824174199729129,2.491444900469865,0.2571617077230225,-3.4849662411657305,1.9785352396127927,0.07837289838473907,-6.3091404408948595,3.105699459964282,0.04237992902780511,1951,495,1456,True,ols
R02a,T2,Weights wmedian (instead of wstrict),D2_emp,web,1.224209436608134,1.0369905251860734,0.23796900084805997,1.317165266600063,0.9723786114790413,0.1757514525860087,0.09295582999192901,1.3817567063733067,0.946372647403433,1951,495,1456,True,ols
R02a,T2,Weights wmedian (instead of wstrict),D3_female,prod_innov,-0.061913611230871,0.029749321820647906,0.03758879030874397,0.10490238168353508,0.05555329792749531,0.05917795616261301,0.16681599291440607,0.06328941150013825,0.008482283486521656,1903,418,1485,True,ols
R02a,T2,Weights wmedian (instead of wstrict),D3_female,proc_innov,0.10065108636047931,0.042775599126241654,0.01875242769104364,-0.02306786278856457,0.0591961038745938,0.6968250434874833,-0.12371894914904388,0.0731599954901597,0.09103269054688877,1903,418,1485,True,ols
R02a,T2,Weights wmedian (instead of wstrict),D3_female,web,0.033765621576149395,0.03373662452389298,0.3170578984953129,0.018469226029968984,0.03089523178108312,0.5500633824203843,-0.01529639554618041,0.04451149304025958,0.7311578442011141,1903,418,1485,True,ols
R02a,T2,Weights wmedian (instead of wstrict),D3_lowskill,prod_innov,0.013206889066012917,0.04954651951056636,0.7898492161847419,0.04944039084451092,0.07215325434899342,0.49331799265528775,0.036233501778498,0.08754638893452547,0.6790244762204057,1872,407,1465,True,ols
R02a,T2,Weights wmedian (instead of wstrict),D3_lowskill,proc_innov,-0.039588204624329666,0.045718229767958134,0.3866778986808759,-0.048091788372538795,0.08129002874704301,0.5542051211046346,-0.008503583748209129,0.09289127123994231,0.927073381291771,1872,407,1465,True,ols
R02a,T2,Weights wmedian (instead of wstrict),D3_lowskill,web,-0.07418137985450904,0.04397562961317038,0.09184120580312813,0.06749742429918507,0.028245141386758106,0.016988431567353225,0.1416788041536941,0.0513372613675211,0.00585663283816921,1872,407,1465,True,ols
R02a,T2,Weights wmedian (instead of wstrict),D4_energy,prod_innov,-0.6484884605979442,1.2579172789302215,0.6062590286492471,0.008698111144329723,0.5246608198951943,0.9867749676964671,0.6571865717422739,1.3590274678866971,0.6287582004776722,1978,502,1476,True,logit
R02a,T2,Weights wmedian (instead of wstrict),D4_energy,proc_innov,1.6906335501845784,1.275867698137586,0.18533727616032902,0.7013139308304055,0.8053942789596947,0.384013470630084,-0.9893196193541729,1.5116660369115622,0.5129144207772309,1978,502,1476,True,logit
R02a,T2,Weights wmedian (instead of wstrict),D4_energy,web,1.1709738608034663,0.41414086109130027,0.004751656412971943,0.48108092592235085,0.36177399606267113,0.183784537788121,-0.6898929348811155,0.5220888825282141,0.1865591732588432,1978,502,1476,True,logit
R02a,T2,Weights wmedian (instead of wstrict),D4_co2,prod_innov,2.302095272348433,0.8128219639158479,0.004681262198024998,-0.779997601674463,0.4676441632835353,0.09552820725553442,-3.082092874022896,0.9492830042684863,0.0011917846268647992,1999,504,1495,True,logit
R02a,T2,Weights wmedian (instead of wstrict),D4_co2,proc_innov,-5.7341634877116485,1.3161075994778682,1.4042441993281151e-05,-0.8030276966030181,0.620856373400041,0.19605545558195595,4.93113579110863,1.4195961531280012,0.0005273748736569559,1999,504,1495,True,logit
R02a,T2,Weights wmedian (instead of wstrict),D4_co2,web,0.26033690815326954,0.8692647350390891,0.7646049537217575,-0.5190812413890771,0.38451225549036816,0.1772183058943011,-0.7794181495423467,0.9703977804190083,0.4219833684541213,1999,504,1495,True,logit
R02b,T2,Weights wweak (instead of wstrict),D1_sales,prod_innov,1.000310411956767,1.0655880731297929,0.3480146515999851,8.180332086756511,3.728778168382696,0.02839946815921069,7.180021674799744,3.8651449357348646,0.06341617881241424,1925,494,1431,True,ols
R02b,T2,Weights wweak (instead of wstrict),D1_sales,proc_innov,0.5942365560601794,1.562581952215512,0.7037827093383285,-13.388628768003372,4.991329700182694,0.007390040987562839,-13.982865324063551,5.129605389823163,0.006486669742170055,1925,494,1431,True,ols
R02b,T2,Weights wweak (instead of wstrict),D1_sales,web,0.09481467462263456,1.1465784834461188,0.9341061824058431,3.819442006935467,1.4425678226586907,0.008189471615773427,3.7246273323128323,1.8188093932972198,0.040748980728075875,1925,494,1431,True,ols
R02b,T2,Weights wweak (instead of wstrict),D1_lp,prod_innov,2.1616306043994626,1.6749382834797257,0.19704978093342765,7.099358127895606,3.917199783815206,0.07013036661038627,4.937727523496143,4.230568965717873,0.2433327561397035,1925,494,1431,True,ols
R02b,T2,Weights wweak (instead of wstrict),D1_lp,proc_innov,-2.1382715639725656,2.9146638405427825,0.4632912343722759,-10.228598993536828,4.771532807299208,0.0322189606856936,-8.090327429564262,5.494636489457176,0.14112062722725402,1925,494,1431,True,ols
R02b,T2,Weights wweak (instead of wstrict),D1_lp,web,-1.3225183730457386,1.5889342985313424,0.40535442041246006,2.469864426724773,1.69120800667123,0.14438481173174314,3.792382799770512,2.229843558105926,0.0891983808315503,1925,494,1431,True,ols
R02b,T2,Weights wweak (instead of wstrict),D2_emp,prod_innov,-1.2924501073076222,1.4672005213601775,0.3785130007764613,1.1734966521017032,2.1174659843286383,0.5795240433184805,2.4659467594093254,2.5944980300666463,0.34203275922548143,1951,495,1456,True,ols
R02b,T2,Weights wweak (instead of wstrict),D2_emp,proc_innov,2.7381478215331234,2.4435625563017167,0.26265313954574687,-3.298090714251219,1.8637153125628187,0.07698783655343512,-6.036238535784342,2.9944858081097414,0.04399725585981329,1951,495,1456,True,ols
R02b,T2,Weights wweak (instead of wstrict),D2_emp,web,1.201003379207464,1.040308296666332,0.2484885793452993,1.3497049853034464,0.9992206825798824,0.1769730702478034,0.14870160609598246,1.409347874174094,0.9159842455410193,1951,495,1456,True,ols
R02b,T2,Weights wweak (instead of wstrict),D3_female,prod_innov,-0.06032933502207662,0.029591835419744816,0.04165534230453657,0.11127371255111432,0.059996571401066054,0.0638419088498001,0.17160304757319095,0.06709896883779484,0.010642588060464545,1903,418,1485,True,ols
R02b,T2,Weights wweak (instead of wstrict),D3_female,proc_innov,0.10274428403509317,0.04223668106205872,0.01510902249455102,-0.03265040218883197,0.06434789539561139,0.6119465274080749,-0.13539468622392514,0.0770949701486868,0.07925941387286195,1903,418,1485,True,ols
R02b,T2,Weights wweak (instead of wstrict),D3_female,web,0.03535317133963935,0.033649310612919994,0.2935969356441107,0.01724283866700042,0.03186013241211123,0.5884480483311728,-0.018110332672638927,0.04525445427528213,0.6890749486260512,1903,418,1485,True,ols
R02b,T2,Weights wweak (instead of wstrict),D3_lowskill,prod_innov,0.01269418807552418,0.049786823771566874,0.7987815591170486,0.03783027484465851,0.06334821325262607,0.5504799894675044,0.025136086769134328,0.08051408158220176,0.7549370076725125,1872,407,1465,True,ols
R02b,T2,Weights wweak (instead of wstrict),D3_lowskill,proc_innov,-0.04133456711896766,0.04553964580145126,0.36420716722003504,-0.035519243118996055,0.08228464038135755,0.666050066585482,0.005815323999971603,0.09378298016050701,0.9505647083753856,1872,407,1465,True,ols
R02b,T2,Weights wweak (instead of wstrict),D3_lowskill,web,-0.07375860554319696,0.044099384924376164,0.09462951356519445,0.0629019790197419,0.027536474514673098,0.022496102744729896,0.13666058456293886,0.051071430137841364,0.007536933005162686,1872,407,1465,True,ols
R02b,T2,Weights wweak (instead of wstrict),D4_energy,prod_innov,-0.613182038872679,1.2600458539708843,0.6265857177180448,-0.04655764065571322,0.5085070997069474,0.9270613942808443,0.5666243982169658,1.3542218961767238,0.6757026971822507,1978,502,1476,True,logit
R02b,T2,Weights wweak (instead of wstrict),D4_energy,proc_innov,1.6916209551040662,1.284049192712252,0.1878946118452732,0.9438099491187326,0.7876726759406025,0.23101136732617553,-0.7478110059853336,1.5081854711180487,0.6200808717787437,1978,502,1476,True,logit
R02b,T2,Weights wweak (instead of wstrict),D4_energy,web,1.1207549589259826,0.414611261524064,0.006943338428429131,0.562340987150444,0.36193440537019,0.1204569123852922,-0.5584139717755386,0.5240704141877013,0.2868003038666058,1978,502,1476,True,logit
R02b,T2,Weights wweak (instead of wstrict),D4_co2,prod_innov,2.3072056187920187,0.7981318878910633,0.0038957581744154305,-0.735591505736501,0.47121200819694115,0.1187095925054362,-3.0427971245285197,0.938806308774228,0.0012153913732651795,1999,504,1495,True,logit
R02b,T2,Weights wweak (instead of wstrict),D4_co2,proc_innov,-5.760714506733156,1.3099618479735244,1.1677027119569589e-05,-0.9359277744855916,0.6054731412856679,0.12235854705615062,4.824786732247564,1.4014746195404442,0.0005911042596413413,1999,504,1495,True,logit
R02b,T2,Weights wweak (instead of wstrict),D4_co2,web,0.23707309163487955,0.8560059596373941,0.7818527846386712,-0.37866677799734805,0.39074860351123747,0.33265372050102443,-0.6157398696322276,0.9616261043758504,0.5220633857068658,1999,504,1495,True,logit
R03,T2,"Weighted, strata ignored (HC-type SE)",D1_sales,prod_innov,0.9685504444378178,1.0395277151199767,0.3515981648741032,8.201103354156954,3.1887969727835452,0.010190712299593618,7.232552909719136,3.3422161484289608,0.030588011918456438,1925,494,1431,True,ols
R03,T2,"Weighted, strata ignored (HC-type SE)",D1_sales,proc_innov,0.5248149531785352,1.4519675560179384,0.7178023952821966,-10.702957581963432,4.268953894725469,0.0122529389758493,-11.227772535141966,4.459351571608829,0.011890102410797956,1925,494,1431,True,ols
R03,T2,"Weighted, strata ignored (HC-type SE)",D1_sales,web,0.25900017481578663,1.1777049805092854,0.8259574269864007,2.318060429677932,1.1863472856985826,0.05085317975469539,2.0590602548621453,1.6503386123737251,0.21230880945137046,1925,494,1431,True,ols
R03,T2,"Weighted, strata ignored (HC-type SE)",D1_lp,prod_innov,2.2894715713920486,1.7795931456057177,0.19841963366597284,6.482770267262072,3.2920280052979978,0.04907068116460339,4.193298695870023,3.720861566685074,0.25989680234714796,1925,494,1431,True,ols
R03,T2,"Weighted, strata ignored (HC-type SE)",D1_lp,proc_innov,-2.451440493572452,3.201304611096261,0.4439119751049001,-7.609837041493643,3.821786849141978,0.04660416043225372,-5.158396547921191,4.9151859000641185,0.29408934866874903,1925,494,1431,True,ols
R03,T2,"Weighted, strata ignored (HC-type SE)",D1_lp,web,-1.229564756585592,1.6512652403804449,0.45659321246492574,1.5353405476742046,1.3572803105931395,0.2581175636541109,2.7649053042597966,2.084676866332324,0.1848991725035898,1925,494,1431,True,ols
R03,T2,"Weighted, strata ignored (HC-type SE)",D2_emp,prod_innov,-1.429864335083828,1.5021464008099612,0.341276252553415,1.8061454101285244,2.1017088520824894,0.39024284258584074,3.2360097452123524,2.6079688413684594,0.21482402674385012,1951,495,1456,True,ols
R03,T2,"Weighted, strata ignored (HC-type SE)",D2_emp,proc_innov,2.980531764400738,2.6723527457924923,0.2648512118968025,-3.1728309149991216,1.803051157675287,0.07861643551886396,-6.1533626793998595,3.141034689479737,0.05025330881225615,1951,495,1456,True,ols
R03,T2,"Weighted, strata ignored (HC-type SE)",D2_emp,web,1.2703306782394992,0.9849737759124323,0.1973053571137994,0.7998355519675375,0.7481981150262329,0.2851958509283642,-0.4704951262719617,1.230635675632036,0.7022668927514892,1951,495,1456,True,ols
R03,T2,"Weighted, strata ignored (HC-type SE)",D3_female,prod_innov,-0.061999321228254155,0.029078074217867414,0.03312182561423573,0.10622415844295033,0.051311392636661436,0.03857055199245439,0.1682234796712045,0.059051577054960176,0.004436623591062673,1903,418,1485,True,ols
R03,T2,"Weighted, strata ignored (HC-type SE)",D3_female,proc_innov,0.09934379038089344,0.042159231486216815,0.018554969068817675,0.010644987783834395,0.06004694855876545,0.8593092447953544,-0.08869880259705905,0.07343751551132413,0.22727038651336834,1903,418,1485,True,ols
R03,T2,"Weighted, strata ignored (HC-type SE)",D3_female,web,0.029091979609703285,0.034240765454353915,0.39563858121240497,0.011469418970324007,0.023223466510261692,0.6214540559355609,-0.017622560639379278,0.04127813682571759,0.6694845378707203,1903,418,1485,True,ols
R03,T2,"Weighted, strata ignored (HC-type SE)",D3_lowskill,prod_innov,0.004360588603028931,0.04726668292806763,0.926505378573965,0.04491656964870305,0.0559912247908132,0.4225356965131225,0.04055598104567412,0.07320859496849659,0.579660320806176,1872,407,1465,True,ols
R03,T2,"Weighted, strata ignored (HC-type SE)",D3_lowskill,proc_innov,-0.03469224009140687,0.043458936541012655,0.4248122272876616,0.008044008302252284,0.07981866892761823,0.9197371478552435,0.04273624839365915,0.09038264993733004,0.6363851425662751,1872,407,1465,True,ols
R03,T2,"Weighted, strata ignored (HC-type SE)",D3_lowskill,web,-0.07101290180941107,0.03854521759761378,0.06558664328698109,0.04654701758350005,0.02342101920275374,0.0470243671695343,0.11755991939291112,0.04473780161883153,0.008665852564541587,1872,407,1465,True,ols
R03,T2,"Weighted, strata ignored (HC-type SE)",D4_energy,prod_innov,-0.8139535594472055,1.3020763191686011,0.5319651568963756,0.21325940386188857,0.45064611511164493,0.6361014883858924,1.027212963309094,1.380282480095981,0.45684160739886925,1978,502,1476,True,logit
R03,T2,"Weighted, strata ignored (HC-type SE)",D4_energy,proc_innov,1.7995521323348251,1.226761083819285,0.14255982837728964,0.6776842317110054,0.7145411253024833,0.34303303648353933,-1.1218679006238197,1.4182456145675026,0.42902489580509323,1978,502,1476,True,logit
R03,T2,"Weighted, strata ignored (HC-type SE)",D4_energy,web,1.3873836308062355,0.4449255411390477,0.0018457559941297268,0.5857724477912238,0.3050187137184227,0.054946120913445244,-0.8016111830150117,0.521008063515743,0.12406868927629205,1978,502,1476,True,logit
R03,T2,"Weighted, strata ignored (HC-type SE)",D4_co2,prod_innov,2.3197798563134864,0.8493524621970309,0.006365634085504205,-0.30473738367323344,0.4224935156113559,0.4708204096903019,-2.62451723998672,0.9717984714543518,0.006978604327683106,1999,504,1495,True,logit
R03,T2,"Weighted, strata ignored (HC-type SE)",D4_co2,proc_innov,-5.743215664851918,1.3350642866757867,1.7762553294053325e-05,-0.7259611288826466,0.5489051985264266,0.18613352590470714,5.017254535969271,1.4053580098124836,0.00036534724727736267,1999,504,1495,True,logit
R03,T2,"Weighted, strata ignored (HC-type SE)",D4_co2,web,0.4050952184242069,0.898274018698787,0.652059984766608,-0.27403939295069857,0.34545860054184296,0.4277196876900727,-0.6791346113749055,0.9903339408913909,0.4929425427765362,1999,504,1495,True,logit
R04,T2,Growth outcomes NOT winsorised,D1_sales,prod_innov,0.8345016632070947,1.1036676283680609,0.4496974084177455,8.431339539371155,3.324338026632148,0.01130510306634503,7.596837876164061,3.4750701113879345,0.028962065462560565,1925,494,1431,True,ols
R04,T2,Growth outcomes NOT winsorised,D1_sales,proc_innov,0.31991776565171365,1.5195581857530622,0.8332798596020778,-11.342612825105066,4.323125250330812,0.008785731753105586,-11.662530590756779,4.488006112811593,0.009451857955130915,1925,494,1431,True,ols
R04,T2,Growth outcomes NOT winsorised,D1_sales,web,0.26696594761118136,1.2339591575643323,0.8287449429843431,2.289622740747558,1.3966222681229936,0.10133880873792496,2.0226567931363766,1.8840231340660993,0.28318123005522744,1925,494,1431,True,ols
R04,T2,Growth outcomes NOT winsorised,D1_lp,prod_innov,2.2960189039113543,1.8188138837036645,0.20701056552780722,6.694787861109772,3.437904122910414,0.05167894317233455,4.398768957198418,3.856543723157857,0.2542182879167678,1925,494,1431,True,ols
R04,T2,Growth outcomes NOT winsorised,D1_lp,proc_innov,-2.519463580184641,3.1555952276920562,0.4247576043186168,-8.265509957507646,3.9603646407235202,0.03705069859097934,-5.7460463773230055,4.967442117503001,0.24756144307550979,1925,494,1431,True,ols
R04,T2,Growth outcomes NOT winsorised,D1_lp,web,-1.4257629672112564,1.7426086883514202,0.4133853562220015,1.4831463191788636,1.539632375330074,0.3355456292749061,2.90890928639012,2.313297663324157,0.20877737929431117,1925,494,1431,True,ols
R04,T2,Growth outcomes NOT winsorised,D2_emp,prod_innov,-1.5326092318730735,1.5352225544777944,0.3182930573608159,1.6773781041737643,2.1357024975119114,0.43234156622316267,3.209987336046838,2.656235371526103,0.22705255905820287,1951,495,1456,True,ols
R04,T2,Growth outcomes NOT winsorised,D2_emp,proc_innov,2.76809296984468,2.6562234931404953,0.29752275818577634,-3.163872869013384,1.8565574734898314,0.08855431827239077,-5.931965838858064,3.1583025195331733,0.06054227842440294,1951,495,1456,True,ols
R04,T2,Growth outcomes NOT winsorised,D2_emp,web,1.5888020473282807,1.1061936878757699,0.15112784798105353,0.8962028479915496,0.8543446552293039,0.2943465339795294,-0.6925991993367311,1.398652487166528,0.6205369697193986,1951,495,1456,True,ols
R04,T2,Growth outcomes NOT winsorised,D3_female,prod_innov,-0.061999321228254155,0.02996046188033904,0.03868399997014644,0.10622415844295033,0.05166458046272857,0.03995377194331245,0.1682234796712045,0.05977173543604519,0.0049508585475080925,1903,418,1485,True,ols
R04,T2,Growth outcomes NOT winsorised,D3_female,proc_innov,0.09934379038089344,0.04346735555383993,0.022425150328237692,0.010644987783834395,0.060463254403508866,0.86027307129312,-0.08869880259705905,0.07469633241690571,0.23523680629404634,1903,418,1485,True,ols
R04,T2,Growth outcomes NOT winsorised,D3_female,web,0.029091979609703285,0.03369284489733119,0.3880313750765105,0.011469418970324007,0.023046481120605675,0.6187941597200672,-0.017622560639379278,0.04065788906180336,0.6647616205573439,1903,418,1485,True,ols
R04,T2,Growth outcomes NOT winsorised,D3_lowskill,prod_innov,0.004360588603028931,0.04846917765907684,0.9283264084584979,0.04491656964870305,0.05629415182890107,0.4250638711156556,0.04055598104567412,0.0743138590020504,0.5853286945150903,1872,407,1465,True,ols
R04,T2,Growth outcomes NOT winsorised,D3_lowskill,proc_innov,-0.03469224009140687,0.043946152419363546,0.42999126967138357,0.008044008302252284,0.07935809757202147,0.9192758998248726,0.04273624839365915,0.09015400812075704,0.6355451418870722,1872,407,1465,True,ols
R04,T2,Growth outcomes NOT winsorised,D3_lowskill,web,-0.07101290180941107,0.041178864076912874,0.08482963585837552,0.04654701758350005,0.023679741694699545,0.049523908043139483,0.11755991939291112,0.046883480180837885,0.012267067850318825,1872,407,1465,True,ols
R04,T2,Growth outcomes NOT winsorised,D4_energy,prod_innov,-0.8139535594472055,1.2807000141141966,0.52516078830586,0.21325940386188857,0.4491732333503686,0.635008889464181,1.027212963309094,1.3584116717365664,0.4496516036586041,1978,502,1476,True,logit
R04,T2,Growth outcomes NOT winsorised,D4_energy,proc_innov,1.7995521323348251,1.2495714297141025,0.15003011250282253,0.6776842317110054,0.707581996576237,0.33833925404906484,-1.1218679006238197,1.4386242672475493,0.43561538424718227,1978,502,1476,True,logit
R04,T2,Growth outcomes NOT winsorised,D4_energy,web,1.3873836308062355,0.42129756760931514,0.0010130389962391718,0.5857724477912238,0.2925004331407026,0.045389284751561496,-0.8016111830150117,0.490040248677716,0.10208213797620218,1978,502,1476,True,logit
R04,T2,Growth outcomes NOT winsorised,D4_co2,prod_innov,2.3197798563134864,0.8429105874846385,0.005989142981126561,-0.30473738367323344,0.41234306831386547,0.4599936288885076,-2.62451723998672,0.9569989014823451,0.006167325395460703,1999,504,1495,True,logit
R04,T2,Growth outcomes NOT winsorised,D4_co2,proc_innov,-5.743215664851918,1.333021424905086,1.7458218936573804e-05,-0.7259611288826466,0.5660372947851016,0.19984445350179197,5.017254535969271,1.4096168934307831,0.00038286218247763514,1999,504,1495,True,logit
R04,T2,Growth outcomes NOT winsorised,D4_co2,web,0.4050952184242069,0.9065589216562551,0.6550452318952332,-0.27403939295069857,0.33085167727654496,0.4076346002006591,-0.6791346113749055,0.9942342946571137,0.4946610451769498,1999,504,1495,True,logit
R05,T2,Growth outcomes winsorised at 5/95 within country,D1_sales,prod_innov,1.0541978558395877,0.9542178749805508,0.2694327486857006,5.782127039068443,2.2046179614874513,0.008810730055428906,4.727929183228855,2.403387786285058,0.04934420830561576,1925,494,1431,True,ols
R05,T2,Growth outcomes winsorised at 5/95 within country,D1_sales,proc_innov,0.7645140700033162,1.4076876259113693,0.5871418506844905,-6.292107286791436,3.0049432601443926,0.036434046037163124,-7.056621356794752,3.3023873772827863,0.03277302764753147,1925,494,1431,True,ols
R05,T2,Growth outcomes winsorised at 5/95 within country,D1_sales,web,0.11018849029648692,1.148280804353752,0.9235654787735685,1.5320103691223566,0.9359301952848408,0.1018633684601791,1.4218218788258696,1.4431796839009405,0.32468366390434866,1925,494,1431,True,ols
R05,T2,Growth outcomes winsorised at 5/95 within country,D1_lp,prod_innov,2.401313083221509,1.5960919389388544,0.1326635214986305,3.491562597007847,2.00470292712673,0.08176761333543095,1.0902495137863384,2.5565307750805726,0.6698360885854588,1925,494,1431,True,ols
R05,T2,Growth outcomes winsorised at 5/95 within country,D1_lp,proc_innov,-1.7180578357536997,2.812750067294142,0.5414170805775018,-4.81992022212345,3.2300705167284267,0.13585543436812383,-3.10186238636975,4.254077795190255,0.4660230660200206,1925,494,1431,True,ols
R05,T2,Growth outcomes winsorised at 5/95 within country,D1_lp,web,-1.3393228638304735,1.31249598607911,0.30768391970296155,0.8438424361789538,0.9951690596786201,0.3966068091505103,2.1831653000094273,1.5887577136630744,0.169604686250939,1925,494,1431,True,ols
R05,T2,Growth outcomes winsorised at 5/95 within country,D2_emp,prod_innov,-1.3348497372604486,1.5082526645543441,0.3762793819970823,0.8351319763422895,1.1999519884601824,0.4865527334399553,2.169981713602738,1.9373380152370479,0.26285390288079,1951,495,1456,True,ols
R05,T2,Growth outcomes winsorised at 5/95 within country,D2_emp,proc_innov,3.2186255063046736,2.6887044268903466,0.23145653541306388,-1.9717570650172882,1.2385672630004052,0.1115991664969955,-5.190382571321962,2.8816859503071806,0.07187447581601364,1951,495,1456,True,ols
R05,T2,Growth outcomes winsorised at 5/95 within country,D2_emp,web,1.0316496295423068,0.9386931647578264,0.2719291907135317,0.6816357735294976,0.5577031319153721,0.22181304507390065,-0.35001385601280915,1.0927383389580443,0.7487779439604941,1951,495,1456,True,ols
R05,T2,Growth outcomes winsorised at 5/95 within country,D3_female,prod_innov,-0.061999321228254155,0.02996046188033904,0.03868399997014644,0.10622415844295033,0.05166458046272857,0.03995377194331245,0.1682234796712045,0.05977173543604519,0.0049508585475080925,1903,418,1485,True,ols
R05,T2,Growth outcomes winsorised at 5/95 within country,D3_female,proc_innov,0.09934379038089344,0.04346735555383993,0.022425150328237692,0.010644987783834395,0.060463254403508866,0.86027307129312,-0.08869880259705905,0.07469633241690571,0.23523680629404634,1903,418,1485,True,ols
R05,T2,Growth outcomes winsorised at 5/95 within country,D3_female,web,0.029091979609703285,0.03369284489733119,0.3880313750765105,0.011469418970324007,0.023046481120605675,0.6187941597200672,-0.017622560639379278,0.04065788906180336,0.6647616205573439,1903,418,1485,True,ols
R05,T2,Growth outcomes winsorised at 5/95 within country,D3_lowskill,prod_innov,0.004360588603028931,0.04846917765907684,0.9283264084584979,0.04491656964870305,0.05629415182890107,0.4250638711156556,0.04055598104567412,0.0743138590020504,0.5853286945150903,1872,407,1465,True,ols
R05,T2,Growth outcomes winsorised at 5/95 within country,D3_lowskill,proc_innov,-0.03469224009140687,0.043946152419363546,0.42999126967138357,0.008044008302252284,0.07935809757202147,0.9192758998248726,0.04273624839365915,0.09015400812075704,0.6355451418870722,1872,407,1465,True,ols
R05,T2,Growth outcomes winsorised at 5/95 within country,D3_lowskill,web,-0.07101290180941107,0.041178864076912874,0.08482963585837552,0.04654701758350005,0.023679741694699545,0.049523908043139483,0.11755991939291112,0.046883480180837885,0.012267067850318825,1872,407,1465,True,ols
R05,T2,Growth outcomes winsorised at 5/95 within country,D4_energy,prod_innov,-0.8139535594472055,1.2807000141141966,0.52516078830586,0.21325940386188857,0.4491732333503686,0.635008889464181,1.027212963309094,1.3584116717365664,0.4496516036586041,1978,502,1476,True,logit
R05,T2,Growth outcomes winsorised at 5/95 within country,D4_energy,proc_innov,1.7995521323348251,1.2495714297141025,0.15003011250282253,0.6776842317110054,0.707581996576237,0.33833925404906484,-1.1218679006238197,1.4386242672475493,0.43561538424718227,1978,502,1476,True,logit
R05,T2,Growth outcomes winsorised at 5/95 within country,D4_energy,web,1.3873836308062355,0.42129756760931514,0.0010130389962391718,0.5857724477912238,0.2925004331407026,0.045389284751561496,-0.8016111830150117,0.490040248677716,0.10208213797620218,1978,502,1476,True,logit
R05,T2,Growth outcomes winsorised at 5/95 within country,D4_co2,prod_innov,2.3197798563134864,0.8429105874846385,0.005989142981126561,-0.30473738367323344,0.41234306831386547,0.4599936288885076,-2.62451723998672,0.9569989014823451,0.006167325395460703,1999,504,1495,True,logit
R05,T2,Growth outcomes winsorised at 5/95 within country,D4_co2,proc_innov,-5.743215664851918,1.333021424905086,1.7458218936573804e-05,-0.7259611288826466,0.5660372947851016,0.19984445350179197,5.017254535969271,1.4096168934307831,0.00038286218247763514,1999,504,1495,True,logit
R05,T2,Growth outcomes winsorised at 5/95 within country,D4_co2,web,0.4050952184242069,0.9065589216562551,0.6550452318952332,-0.27403939295069857,0.33085167727654496,0.4076346002006591,-0.6791346113749055,0.9942342946571137,0.4946610451769498,1999,504,1495,True,logit
R06,T2,Growth outcomes trimmed (observations outside country p1-p99 dropped),D1_sales,prod_innov,1.1624251202991682,1.0352862258292608,0.2617030615826106,7.931065826095995,3.1314251794367336,0.011420777233064401,6.768640705796827,3.3004473481827374,0.0404605655534336,1891,489,1402,True,ols
R06,T2,Growth outcomes trimmed (observations outside country p1-p99 dropped),D1_sales,proc_innov,0.8813748704986212,1.5133752098396156,0.5603930212528174,-9.237581161240131,4.260302419006291,0.030296092229303347,-10.118956031738753,4.495437111351998,0.024536321859529538,1891,489,1402,True,ols
R06,T2,Growth outcomes trimmed (observations outside country p1-p99 dropped),D1_sales,web,0.411805445350403,1.1734925798502294,0.7256963558131285,1.4903906531415512,1.095856927671713,0.17403074827536957,1.0785852077911482,1.5563333407135458,0.488400172754787,1891,489,1402,True,ols
R06,T2,Growth outcomes trimmed (observations outside country p1-p99 dropped),D1_lp,prod_innov,2.3820903287963104,1.8730957148846894,0.20366661598764474,5.1659524462130815,3.2374165336161846,0.11077011440344633,2.7838621174167715,3.7295789204668837,0.45552818644004867,1888,487,1401,True,ols
R06,T2,Growth outcomes trimmed (observations outside country p1-p99 dropped),D1_lp,proc_innov,-2.279438149336341,3.2180901559297777,0.47885868063812376,-6.481799775455261,3.7161517276346627,0.08132896566796533,-4.20236162611892,4.868304217245225,0.3881635514837321,1888,487,1401,True,ols
R06,T2,Growth outcomes trimmed (observations outside country p1-p99 dropped),D1_lp,web,-0.917994581814038,1.6234544362414218,0.5718488178155965,1.4046582478376664,1.2448413655087025,0.25934206064305837,2.3226528296517044,1.9499033958905168,0.23378175361156023,1888,487,1401,True,ols
R06,T2,Growth outcomes trimmed (observations outside country p1-p99 dropped),D2_emp,prod_innov,-1.1856544319042037,1.5036502217898509,0.43051928089657804,1.9669755544067071,2.162853382079978,0.3632670982620217,3.152629986310911,2.6557501818693896,0.23537866130798282,1915,485,1430,True,ols
R06,T2,Growth outcomes trimmed (observations outside country p1-p99 dropped),D2_emp,proc_innov,3.3790121247830043,2.7260821633304286,0.21535066888688584,-3.2294137742094304,1.7519963229431876,0.06548674045072435,-6.608425898992435,3.1560893667009116,0.03644027997337439,1915,485,1430,True,ols
R06,T2,Growth outcomes trimmed (observations outside country p1-p99 dropped),D2_emp,web,0.6967620850743435,0.9586421815603835,0.4674490361366933,0.6821767460393283,0.6941959687167005,0.3259211559292481,-0.014585339035015129,1.1752593255795354,0.9900999130921877,1915,485,1430,True,ols
R06,T2,Growth outcomes trimmed (observations outside country p1-p99 dropped),D3_female,prod_innov,-0.061999321228254155,0.02996046188033904,0.03868399997014644,0.10622415844295033,0.05166458046272857,0.03995377194331245,0.1682234796712045,0.05977173543604519,0.0049508585475080925,1903,418,1485,True,ols
R06,T2,Growth outcomes trimmed (observations outside country p1-p99 dropped),D3_female,proc_innov,0.09934379038089344,0.04346735555383993,0.022425150328237692,0.010644987783834395,0.060463254403508866,0.86027307129312,-0.08869880259705905,0.07469633241690571,0.23523680629404634,1903,418,1485,True,ols
R06,T2,Growth outcomes trimmed (observations outside country p1-p99 dropped),D3_female,web,0.029091979609703285,0.03369284489733119,0.3880313750765105,0.011469418970324007,0.023046481120605675,0.6187941597200672,-0.017622560639379278,0.04065788906180336,0.6647616205573439,1903,418,1485,True,ols
R06,T2,Growth outcomes trimmed (observations outside country p1-p99 dropped),D3_lowskill,prod_innov,0.004360588603028931,0.04846917765907684,0.9283264084584979,0.04491656964870305,0.05629415182890107,0.4250638711156556,0.04055598104567412,0.0743138590020504,0.5853286945150903,1872,407,1465,True,ols
R06,T2,Growth outcomes trimmed (observations outside country p1-p99 dropped),D3_lowskill,proc_innov,-0.03469224009140687,0.043946152419363546,0.42999126967138357,0.008044008302252284,0.07935809757202147,0.9192758998248726,0.04273624839365915,0.09015400812075704,0.6355451418870722,1872,407,1465,True,ols
R06,T2,Growth outcomes trimmed (observations outside country p1-p99 dropped),D3_lowskill,web,-0.07101290180941107,0.041178864076912874,0.08482963585837552,0.04654701758350005,0.023679741694699545,0.049523908043139483,0.11755991939291112,0.046883480180837885,0.012267067850318825,1872,407,1465,True,ols
R06,T2,Growth outcomes trimmed (observations outside country p1-p99 dropped),D4_energy,prod_innov,-0.8139535594472055,1.2807000141141966,0.52516078830586,0.21325940386188857,0.4491732333503686,0.635008889464181,1.027212963309094,1.3584116717365664,0.4496516036586041,1978,502,1476,True,logit
R06,T2,Growth outcomes trimmed (observations outside country p1-p99 dropped),D4_energy,proc_innov,1.7995521323348251,1.2495714297141025,0.15003011250282253,0.6776842317110054,0.707581996576237,0.33833925404906484,-1.1218679006238197,1.4386242672475493,0.43561538424718227,1978,502,1476,True,logit
R06,T2,Growth outcomes trimmed (observations outside country p1-p99 dropped),D4_energy,web,1.3873836308062355,0.42129756760931514,0.0010130389962391718,0.5857724477912238,0.2925004331407026,0.045389284751561496,-0.8016111830150117,0.490040248677716,0.10208213797620218,1978,502,1476,True,logit
R06,T2,Growth outcomes trimmed (observations outside country p1-p99 dropped),D4_co2,prod_innov,2.3197798563134864,0.8429105874846385,0.005989142981126561,-0.30473738367323344,0.41234306831386547,0.4599936288885076,-2.62451723998672,0.9569989014823451,0.006167325395460703,1999,504,1495,True,logit
R06,T2,Growth outcomes trimmed (observations outside country p1-p99 dropped),D4_co2,proc_innov,-5.743215664851918,1.333021424905086,1.7458218936573804e-05,-0.7259611288826466,0.5660372947851016,0.19984445350179197,5.017254535969271,1.4096168934307831,0.00038286218247763514,1999,504,1495,True,logit
R06,T2,Growth outcomes trimmed (observations outside country p1-p99 dropped),D4_co2,web,0.4050952184242069,0.9065589216562551,0.6550452318952332,-0.27403939295069857,0.33085167727654496,0.4076346002006591,-0.6791346113749055,0.9942342946571137,0.4946610451769498,1999,504,1495,True,logit
R07a,T2,"Alternative growth: sales (S_t-S_t-3)/S_t [Adewumi-Zhang], employment DHS arc growth",D1_sales,prod_innov,0.027890457096794524,0.022862539045234397,0.22268639543070223,0.1892823734299375,0.07439921709171186,0.011053727603073858,0.16139191633314298,0.0776441330700592,0.03782211438361777,1925,494,1431,True,ols
R07a,T2,"Alternative growth: sales (S_t-S_t-3)/S_t [Adewumi-Zhang], employment DHS arc growth",D1_sales,proc_innov,0.006251716218793312,0.03522617742862045,0.8591602730211411,-0.33674119257415686,0.16377345703270582,0.039941014958435814,-0.3429929087929502,0.16676757706705503,0.0398858547928968,1925,494,1431,True,ols
R07a,T2,"Alternative growth: sales (S_t-S_t-3)/S_t [Adewumi-Zhang], employment DHS arc growth",D1_sales,web,0.009696941144866725,0.028329786906865058,0.7321820589269932,0.04624545727981961,0.0371168229552714,0.2129789959160494,0.036548516134952885,0.04560095365904026,0.4229769068018625,1925,494,1431,True,ols
R07a,T2,"Alternative growth: sales (S_t-S_t-3)/S_t [Adewumi-Zhang], employment DHS arc growth",D2_emp,prod_innov,-1.4239996626924654,1.492621678583848,0.3402214551112452,1.6649027398307943,2.0032526101488184,0.4060471290740332,3.0889024025232596,2.521486377080256,0.22075183524648662,1951,495,1456,True,ols
R07a,T2,"Alternative growth: sales (S_t-S_t-3)/S_t [Adewumi-Zhang], employment DHS arc growth",D2_emp,proc_innov,2.73189356571665,2.5752046532677335,0.2889278924876624,-3.0272488887036424,1.7670523543931307,0.0868853877630827,-5.759142454420292,3.0441292747927737,0.05869523418694732,1951,495,1456,True,ols
R07a,T2,"Alternative growth: sales (S_t-S_t-3)/S_t [Adewumi-Zhang], employment DHS arc growth",D2_emp,web,1.5121930987770864,1.063311280829766,0.1551854460796122,0.8039169490321755,0.7918720447043935,0.3101661367561743,-0.7082761497449109,1.3241752497835089,0.5928099887956341,1951,495,1456,True,ols
R07b,T2,"Alternative growth: CAGR (sales, employment, productivity)",D1_sales,prod_innov,0.6605779187942167,1.5955812952921338,0.6789297262549344,9.289908867863897,4.234391508484724,0.028393623453836937,8.62933094906968,4.457320843060426,0.053055795049258316,1925,494,1431,True,ols
R07b,T2,"Alternative growth: CAGR (sales, employment, productivity)",D1_sales,proc_innov,0.27773786494186575,1.9756269021976114,0.8882188553834092,-13.028054692244886,4.648313064139297,0.005131831472748016,-13.305792557186752,4.922935022106843,0.006952727678188781,1925,494,1431,True,ols
R07b,T2,"Alternative growth: CAGR (sales, employment, productivity)",D1_sales,web,0.6864809184373731,1.7000506388141712,0.6864169218845062,0.4332266324803152,4.516116908647124,0.9235897155823497,-0.25325428595705796,5.283894514604328,0.9617788043965951,1925,494,1431,True,ols
R07b,T2,"Alternative growth: CAGR (sales, employment, productivity)",D1_lp,prod_innov,2.415403036012704,2.2884455605236567,0.29137623760153003,7.524681004674509,4.335624202772145,0.08284845273225508,5.1092779686618055,4.830465398899015,0.29035292091007747,1925,494,1431,True,ols
R07b,T2,"Alternative growth: CAGR (sales, employment, productivity)",D1_lp,proc_innov,-2.828956488765688,3.6581817415495568,0.43945254255827243,-9.653637114335368,4.704248575398785,0.0403314942094592,-6.82468062556968,5.8362647658349385,0.24244462230268998,1925,494,1431,True,ols
R07b,T2,"Alternative growth: CAGR (sales, employment, productivity)",D1_lp,web,-1.1861826382330276,2.2405368350962354,0.5965928899959685,-0.6121015006928803,4.567382233036457,0.8934079666047737,0.5740811375401473,5.515839406524027,0.9171207892173343,1925,494,1431,True,ols
R07b,T2,"Alternative growth: CAGR (sales, employment, productivity)",D2_emp,prod_innov,-1.826642586992681,1.6886245501878312,0.27954142731399306,1.710135239539351,2.4849559338015834,0.4914342023238302,3.536777826532032,3.036116278357488,0.24424050494119978,1951,495,1456,True,ols
R07b,T2,"Alternative growth: CAGR (sales, employment, productivity)",D2_emp,proc_innov,3.0323896417661733,2.95686282710113,0.30526942224639037,-3.4742339553482338,2.0517561158689364,0.09060263940923521,-6.506623597114407,3.5057472226503776,0.06364772291394517,1951,495,1456,True,ols
R07b,T2,"Alternative growth: CAGR (sales, employment, productivity)",D2_emp,web,1.762061344285996,1.2297867975848986,0.15211425105664855,1.1477482058441297,0.9831842774875658,0.24323967634617288,-0.6143131384418662,1.5821096589918102,0.6978575010848325,1951,495,1456,True,ols
R08a,T2,Korea: sales ratio >5 or <0.2 (likely unit/entry errors) excluded from D1,D1_sales,prod_innov,1.1683809720053946,1.0127483575308356,0.248820436252119,7.558629741647151,3.162297164412609,0.016962161711551252,6.390248769641756,3.322653896723239,0.054642166229248855,1897,494,1403,True,ols
R08a,T2,Korea: sales ratio >5 or <0.2 (likely unit/entry errors) excluded from D1,D1_sales,proc_innov,0.9264191762005344,1.4943049625434124,0.5353752752038923,-9.597182673624898,4.268112249435559,0.024686076349512726,-10.523601849825432,4.494691532398924,0.019346835447334575,1897,494,1403,True,ols
R08a,T2,Korea: sales ratio >5 or <0.2 (likely unit/entry errors) excluded from D1,D1_sales,web,0.31367650058836133,1.171685705647208,0.788956910596202,1.659539542024319,1.0925398502442665,0.1289827864685726,1.3458630414359578,1.545947384492111,0.38412756462308606,1897,494,1403,True,ols
R08a,T2,Korea: sales ratio >5 or <0.2 (likely unit/entry errors) excluded from D1,D1_lp,prod_innov,2.4923031547248296,1.8187119989400318,0.17078028062418688,5.665224421407742,3.293138942928156,0.0855850302725662,3.1729212666829123,3.754399322176601,0.39818004202916085,1897,494,1403,True,ols
R08a,T2,Korea: sales ratio >5 or <0.2 (likely unit/entry errors) excluded from D1,D1_lp,proc_innov,-2.009128932417473,3.1765711410984045,0.5271687311219166,-6.3764410562840705,3.7628002653086687,0.09036185896831021,-4.367312123866597,4.877562597578109,0.37072528947202676,1897,494,1403,True,ols
R08a,T2,Korea: sales ratio >5 or <0.2 (likely unit/entry errors) excluded from D1,D1_lp,web,-1.2023379405232233,1.6421427213567126,0.4641769879757398,0.8024368960842092,1.2675404608061769,0.5267883488872511,2.0047748366074325,1.988328653716637,0.31348913187181066,1897,494,1403,True,ols
R08b,T2,Morocco: 118 firms reporting sales 3y ago = exactly 90% of current sales excluded from D1,D1_sales,prod_innov,1.2494024468887035,1.2184329584421694,0.3053425047504093,8.206649161233726,3.1866901074391505,0.010116970876026695,6.957246714345022,3.405296607274532,0.041231864449636904,1822,391,1431,True,ols
R08b,T2,Morocco: 118 firms reporting sales 3y ago = exactly 90% of current sales excluded from D1,D1_sales,proc_innov,0.49863075424632947,1.6757940383793697,0.7660913694159628,-10.64997097179267,4.268939096624253,0.012718227656096467,-11.148601726038999,4.50390268055009,0.013428714511713529,1822,391,1431,True,ols
R08b,T2,Morocco: 118 firms reporting sales 3y ago = exactly 90% of current sales excluded from D1,D1_sales,web,0.6796417757369003,1.3965613680124984,0.6265795472372075,2.303781049330255,1.1752030309381223,0.05015479022473321,1.6241392735933544,1.8041805679416967,0.36816317718601804,1822,391,1431,True,ols
R08b,T2,Morocco: 118 firms reporting sales 3y ago = exactly 90% of current sales excluded from D1,D1_lp,prod_innov,1.4640828542422148,2.0854773321266533,0.48277202219671606,6.529284559938132,3.300654154178873,0.04810333093987049,5.065201705695917,3.8875983307474646,0.19281771794513827,1822,391,1431,True,ols
R08b,T2,Morocco: 118 firms reporting sales 3y ago = exactly 90% of current sales excluded from D1,D1_lp,proc_innov,-2.756768806235043,3.7412476513348234,0.46133146515926726,-7.48159371509445,3.8255661797475398,0.05070021327715819,-4.724824908859407,5.244613121734851,0.3678004362729492,1822,391,1431,True,ols
R08b,T2,Morocco: 118 firms reporting sales 3y ago = exactly 90% of current sales excluded from D1,D1_lp,web,-0.4284677543577729,1.8531299964648074,0.8171829451612888,1.4559361454523356,1.358727258540762,0.284108627862644,1.8844038998101085,2.2450319782813453,0.4014064497401657,1822,391,1431,True,ols
R08c,T2,Both data-quality exclusions (R08a + R08b),D1_sales,prod_innov,1.3627695330451564,1.2202124020593499,0.2642615281464087,7.557175934363681,3.1635537527166515,0.0170360512291854,6.194406401318524,3.3909459590994397,0.06795346811625476,1794,391,1403,True,ols
R08c,T2,Both data-quality exclusions (R08a + R08b),D1_sales,proc_innov,1.0120918700908341,1.6845549443944396,0.5480674130423897,-9.537653161087206,4.266456914592135,0.02554413158706878,-10.549745031178041,4.5493810946845334,0.020543701480387918,1794,391,1403,True,ols
R08c,T2,Both data-quality exclusions (R08a + R08b),D1_sales,web,0.7586120188388707,1.3664435446419763,0.5788665832309278,1.6521895283775114,1.0961944156342482,0.13198703325729544,0.8935775095386408,1.7050488461045832,0.6003088886042351,1794,391,1403,True,ols
R08c,T2,Both data-quality exclusions (R08a + R08b),D1_lp,prod_innov,1.58123314908364,2.115835883866085,0.4549901299371087,5.699092847307941,3.294493288104749,0.08387450279829366,4.117859698224302,3.9068580990606216,0.29206375607282264,1794,391,1403,True,ols
R08c,T2,Both data-quality exclusions (R08a + R08b),D1_lp,proc_innov,-2.2072467500695594,3.755164540145744,0.556769677582944,-6.239653116396813,3.7544579425326603,0.09675356111235034,-4.032406366327253,5.239743942433697,0.44168029773550377,1794,391,1403,True,ols
R08c,T2,Both data-quality exclusions (R08a + R08b),D1_lp,web,-0.3722397814374695,1.8224739234140601,0.8381884794111456,0.728079981371801,1.2740405581702976,0.5677720101985799,1.1003197628092705,2.147800993413044,0.6085226158320038,1794,391,1403,True,ols
R09a,T2,Minimal controls: size + sector,D1_sales,prod_innov,1.1451853503404974,0.981862011551065,0.24365476842620315,8.10436814707086,3.207861330380264,0.01162157199418145,6.959182796730362,3.3539763541399856,0.03815860928925599,1986,552,1434,True,ols
R09a,T2,Minimal controls: size + sector,D1_sales,proc_innov,0.6671203418387913,1.411513016241353,0.6365447059628813,-11.34232611751561,4.308342238013405,0.008555811058700777,-12.0094464593544,4.527308199506758,0.008066675509662573,1986,552,1434,True,ols
R09a,T2,Minimal controls: size + sector,D1_sales,web,0.021336102152191883,1.06130636824503,0.983963276668803,2.384085588467219,1.1789934532607063,0.04333231708436231,2.3627494863150273,1.5482030202369998,0.12718135149895687,1986,552,1434,True,ols
R09a,T2,Minimal controls: size + sector,D1_lp,prod_innov,2.171336834390861,1.7262266550680707,0.2086333434990576,6.480839818059298,3.329355238070092,0.05176465843489383,4.309502983668437,3.746205989284556,0.25016967752972485,1986,552,1434,True,ols
R09a,T2,Minimal controls: size + sector,D1_lp,proc_innov,-2.3126392196495265,2.992666038702614,0.4397760065367608,-8.214850275889063,3.876594667974833,0.034240246078879065,-5.902211056239537,4.887238792661531,0.22735382962442618,1986,552,1434,True,ols
R09a,T2,Minimal controls: size + sector,D1_lp,web,-1.3598131821946906,1.4387737600165866,0.3447439320122558,1.584473256320236,1.3500663452314436,0.24072358081147474,2.9442864385149266,1.9234428505390018,0.1260365952365213,1986,552,1434,True,ols
R09a,T2,Minimal controls: size + sector,D2_emp,prod_innov,-1.0789741663179893,1.4690121641151281,0.4627589688827872,1.7107579066329968,2.1249962863720264,0.4209034473449458,2.789732072950986,2.583958189160665,0.2804688396689431,2013,553,1460,True,ols
R09a,T2,Minimal controls: size + sector,D2_emp,proc_innov,3.089886177726536,2.581418852620128,0.23149633706274855,-3.233050879377751,1.824513265228371,0.07658530166319787,-6.322937057104287,3.15507867104797,0.0452344276351677,2013,553,1460,True,ols
R09a,T2,Minimal controls: size + sector,D2_emp,web,1.2016589675615739,0.9317356410838185,0.1973430534005612,0.8704927632285748,0.7486668362285498,0.245116493104039,-0.331166204332999,1.174464792688949,0.7780017567511394,2013,553,1460,True,ols
R09a,T2,Minimal controls: size + sector,D3_female,prod_innov,-0.051094016418549326,0.02524638217514477,0.043164150229772894,0.10225165520663304,0.05193733126223791,0.04916353488240131,0.15334567162518237,0.057713309056003505,0.007966089030326855,1938,448,1490,True,ols
R09a,T2,Minimal controls: size + sector,D3_female,proc_innov,0.10672239306219916,0.03739948427554555,0.0043816696348603044,0.013985713910797684,0.060876706341630296,0.8183260667119013,-0.09273667915140148,0.0715652757677978,0.1952299910333178,1938,448,1490,True,ols
R09a,T2,Minimal controls: size + sector,D3_female,web,0.021902725517154005,0.032385199299250295,0.4989412316009378,0.002340623529209617,0.022685814090748175,0.9178372053521233,-0.019562101987944388,0.03906402565912192,0.6166054697112904,1938,448,1490,True,ols
R09a,T2,Minimal controls: size + sector,D3_lowskill,prod_innov,-0.003973747236918368,0.048081978354467425,0.9341446521168432,0.043241953103464396,0.05614706292471922,0.4413291821661577,0.04721570034038276,0.07408840451793029,0.5240341528321072,1915,445,1470,True,ols
R09a,T2,Minimal controls: size + sector,D3_lowskill,proc_innov,-0.030774288264683383,0.04343542927951429,0.47874087673776916,0.005211621843562518,0.07917344143344675,0.9475256275131407,0.0359859101082459,0.090280372362629,0.690243476582841,1915,445,1470,True,ols
R09a,T2,Minimal controls: size + sector,D3_lowskill,web,-0.06998709075366288,0.038525997081606166,0.06947498243287863,0.04329382007049001,0.023570238732202143,0.0664372824080737,0.1132809108241529,0.04445009071095077,0.01091781714832441,1915,445,1470,True,ols
R09a,T2,Minimal controls: size + sector,D4_energy,prod_innov,-1.0232357443033477,1.2196986924776212,0.40163539005448556,0.25166617524853163,0.44428939836738834,0.5711688993677646,1.2749019195518794,1.294364329256886,0.3247892389877937,2043,562,1481,True,logit
R09a,T2,Minimal controls: size + sector,D4_energy,proc_innov,1.549424737721345,1.2056219891632167,0.1989182257064967,0.6109962464443177,0.6920240116218884,0.3774151023420824,-0.9384284912770273,1.3932876277138169,0.5007030144274408,2043,562,1481,True,logit
R09a,T2,Minimal controls: size + sector,D4_energy,web,1.6239943599852924,0.3951496918999919,4.15808687328857e-05,0.5799074015898118,0.29082452799710945,0.04631850966526731,-1.0440869583954806,0.4840096865955742,0.031140040694223214,2043,562,1481,True,logit
R09a,T2,Minimal controls: size + sector,D4_co2,prod_innov,2.2464144264885477,0.9227949955466825,0.015024392295650606,-0.2286485737919408,0.4072997954686334,0.5746176257963304,-2.4750630002804885,1.0118481320354817,0.014546404498210708,2064,564,1500,True,logit
R09a,T2,Minimal controls: size + sector,D4_co2,proc_innov,-5.472776171060047,1.3372868218333103,4.4761079515130246e-05,-0.5009850229172956,0.5075439206467328,0.32375058303468823,4.971791148142751,1.4331910772835317,0.0005358560256732868,2064,564,1500,True,logit
R09a,T2,Minimal controls: size + sector,D4_co2,web,0.6962829735370301,0.8991542603754579,0.4388205621606738,-0.25207638604932914,0.31074066782263793,0.4173621094831956,-0.9483593595863592,0.972779290586569,0.3297554314955777,2064,564,1500,True,logit
R09b,T2,Extended controls: + credit access + female top manager,D1_sales,prod_innov,1.1735171999546343,1.1036413829156666,0.2878180341596648,8.647609559415999,3.291482216768081,0.00869877662008064,7.474092359461364,3.4640772400985416,0.03112402176197209,1857,458,1399,True,ols
R09b,T2,Extended controls: + credit access + female top manager,D1_sales,proc_innov,0.6249986238074343,1.5333382680098961,0.6836232320334176,-11.011047881782035,4.335170484276989,0.011191756599075753,-11.63604650558947,4.525261474016427,0.010229865198847936,1857,458,1399,True,ols
R09b,T2,Extended controls: + credit access + female top manager,D1_sales,web,0.23039429935166678,1.247390240854455,0.8534895411520836,2.3729716925624293,1.1864569829052507,0.04568266462241375,2.142577393210763,1.7047660354472731,0.2090242021121443,1857,458,1399,True,ols
R09b,T2,Extended controls: + credit access + female top manager,D1_lp,prod_innov,2.480789388267515,1.7690602161129239,0.16103524869714855,6.769445716003167,3.3952289583024826,0.04636115305602036,4.2886563277356515,3.797439417167195,0.258936428557822,1857,458,1399,True,ols
R09b,T2,Extended controls: + credit access + female top manager,D1_lp,proc_innov,-2.4354493290293733,3.0195541472651515,0.4200537358390074,-7.721728605371215,3.934800470910554,0.049906129324537106,-5.286279276341841,4.900964594668576,0.2809378507132293,1857,458,1399,True,ols
R09b,T2,Extended controls: + credit access + female top manager,D1_lp,web,-1.5189679491701096,1.7265284752421415,0.37912454057194483,1.6216544654236755,1.3730763942434787,0.237783058477219,3.140622414593785,2.155527901390587,0.14533221068348323,1857,458,1399,True,ols
R09b,T2,Extended controls: + credit access + female top manager,D2_emp,prod_innov,-1.4878521994832512,1.5159646302525898,0.3265305400128683,1.8960166338440414,2.261944098279685,0.4020418213206926,3.3838688333272926,2.7249848047114593,0.21451201654250976,1881,459,1422,True,ols
R09b,T2,Extended controls: + credit access + female top manager,D2_emp,proc_innov,2.934731292873182,2.6284866259806736,0.264387530317268,-3.3210114910488233,1.8878895716033752,0.07876758370245049,-6.255742783922005,3.16541320620784,0.048310917040554,1881,459,1422,True,ols
R09b,T2,Extended controls: + credit access + female top manager,D2_emp,web,1.5075300536987906,1.0380770546003686,0.14665146321913491,0.7638889307865471,0.7629858634677434,0.3169038429307403,-0.7436411229122435,1.2905467652182327,0.5645540552024013,1881,459,1422,True,ols
R09b,T2,Extended controls: + credit access + female top manager,D3_female,prod_innov,-0.06812617156480025,0.03081217788835216,0.027192683127972045,0.11355972377827711,0.05094333145601076,0.02595967700287562,0.18168589534307736,0.05972867720389811,0.002394089421227615,1845,392,1453,True,ols
R09b,T2,Extended controls: + credit access + female top manager,D3_female,proc_innov,0.09839172741819854,0.046581115959807566,0.03483671209787844,0.017377896381092467,0.061233638576747317,0.7766073977438542,-0.08101383103710608,0.0770984140346297,0.2935351640996814,1845,392,1453,True,ols
R09b,T2,Extended controls: + credit access + female top manager,D3_female,web,0.03484798039878957,0.03438531079014479,0.31101422945085305,0.008214334933487586,0.022616845535569457,0.7165126187109251,-0.026633645465301985,0.04099712295692895,0.5160248717094272,1845,392,1453,True,ols
R09b,T2,Extended controls: + credit access + female top manager,D3_lowskill,prod_innov,0.0028462948765773516,0.046237740105241794,0.9509236853758519,0.03867279003325299,0.05831683284641267,0.5073430808718606,0.03582649515667564,0.07426519677949095,0.6295874791817211,1822,379,1443,True,ols
R09b,T2,Extended controls: + credit access + female top manager,D3_lowskill,proc_innov,-0.04130346411663154,0.04201158289504878,0.32570490262852336,0.010989213571511072,0.08095041336933874,0.8920363928269545,0.052292677688142615,0.09048694252745365,0.5634218700888725,1822,379,1443,True,ols
R09b,T2,Extended controls: + credit access + female top manager,D3_lowskill,web,-0.05290423370938711,0.04028654824963789,0.1893297401777872,0.044140144370667336,0.02315092171210718,0.05677215967202073,0.09704437808005445,0.045661169062300326,0.0337337740131315,1822,379,1443,True,ols
R09b,T2,Extended controls: + credit access + female top manager,D4_energy,prod_innov,-0.8479183114399699,1.1690875827094451,0.4683925612400371,0.275176227314781,0.457989297623004,0.5480406975978238,1.1230945387547508,1.2483176790175112,0.36843210750682454,1913,466,1447,True,logit
R09b,T2,Extended controls: + credit access + female top manager,D4_energy,proc_innov,1.5508301835975045,1.0942314807851448,0.15661017365654328,0.5883063995142006,0.6711057292505163,0.38083262967954656,-0.9625237840833039,1.2981303446880401,0.4585254796332096,1913,466,1447,True,logit
R09b,T2,Extended controls: + credit access + female top manager,D4_energy,web,1.1729948814806013,0.4369085765772215,0.007338448688008662,0.6176829912061462,0.2928190275304952,0.03507294404830683,-0.555311890274455,0.5041558216200308,0.2708701111644422,1913,466,1447,True,logit
R09b,T2,Extended controls: + credit access + female top manager,D4_co2,prod_innov,2.1597333959691714,0.8982984029822667,0.01632536374366596,-0.2537461815588431,0.430858581118264,0.5559952118559877,-2.4134795775280145,1.0055922733287863,0.01651277413642027,1932,467,1465,True,logit
R09b,T2,Extended controls: + credit access + female top manager,D4_co2,proc_innov,-5.784639281231436,1.3780735574077787,2.8543814538572487e-05,-0.7940419669707683,0.5994557489254384,0.18550242801022584,4.990597314260667,1.4510486628069343,0.0005990626462308277,1932,467,1465,True,logit
R09b,T2,Extended controls: + credit access + female top manager,D4_co2,web,0.26294955427696753,0.9347639039224469,0.7785184165720876,-0.24734514846726585,0.3292082040154177,0.45256890258276156,-0.5102947027442334,1.0112004547817806,0.6138835046915299,1932,467,1465,True,logit
R09c,T2,Extended controls: + manager experience + R&D dummy (R&D is a possible mediator),D1_sales,prod_innov,1.0454438461290925,1.1421886795014011,0.3601852497248768,8.818923279701893,3.319011094938273,0.007967286742902006,7.773479433572802,3.4422815332452124,0.024077430614381126,1885,474,1411,True,ols
R09c,T2,Extended controls: + manager experience + R&D dummy (R&D is a possible mediator),D1_sales,proc_innov,0.5977744468157951,1.516638714757181,0.6935318194040386,-11.09025503032269,4.288230336800043,0.009799436704597861,-11.688029477138484,4.476314364962308,0.00911759906869773,1885,474,1411,True,ols
R09c,T2,Extended controls: + manager experience + R&D dummy (R&D is a possible mediator),D1_sales,web,0.23448787187952483,1.202269971113747,0.8453905053126967,2.223906476464728,1.173418599495113,0.05825742489525575,1.9894186045852034,1.6504574304485535,0.2282533152959733,1885,474,1411,True,ols
R09c,T2,Extended controls: + manager experience + R&D dummy (R&D is a possible mediator),D1_lp,prod_innov,2.4331935074319797,2.012574626070383,0.2268594216938068,6.604529109610141,3.490314671351623,0.058655143802756486,4.171335602178161,3.931163853256924,0.2888216988740801,1885,474,1411,True,ols
R09c,T2,Extended controls: + manager experience + R&D dummy (R&D is a possible mediator),D1_lp,proc_innov,-2.1868597157986347,3.0829197441225937,0.4782219194566918,-7.710740682111421,3.9005479021508997,0.048247258206337455,-5.523880966312786,4.893000993133345,0.2591097526651834,1885,474,1411,True,ols
R09c,T2,Extended controls: + manager experience + R&D dummy (R&D is a possible mediator),D1_lp,web,-1.3673564442361463,1.6622796335597547,0.4108810838329831,1.2960656732414206,1.3597146687806436,0.3406511185334676,2.663422117477567,2.0839003791377744,0.20141821113220387,1885,474,1411,True,ols
R09c,T2,Extended controls: + manager experience + R&D dummy (R&D is a possible mediator),D2_emp,prod_innov,-1.5326403007970513,1.6248637293255552,0.3457099659217085,2.2436966952978743,2.273392071384519,0.32383344739145,3.7763369960949253,2.735099877972274,0.16758015997300293,1909,475,1434,True,ols
R09c,T2,Extended controls: + manager experience + R&D dummy (R&D is a possible mediator),D2_emp,proc_innov,2.76894086306028,2.557241651866566,0.2790795291036035,-3.4389710956584425,1.8660669498444178,0.06554256801449047,-6.207911958718722,3.1030873496242712,0.045621130358736266,1909,475,1434,True,ols
R09c,T2,Extended controls: + manager experience + R&D dummy (R&D is a possible mediator),D2_emp,web,1.3827636399226282,1.0068128659848814,0.1698326691604785,0.9532953320898854,0.7600158596872416,0.20992629100717153,-0.42946830783274287,1.2635928179859197,0.7339957996686073,1909,475,1434,True,ols
R09c,T2,Extended controls: + manager experience + R&D dummy (R&D is a possible mediator),D3_female,prod_innov,-0.06136216786983654,0.031979399848578956,0.05520473095962255,0.08851847917755834,0.05079636236627549,0.08161223970508354,0.14988064704739487,0.06018033432435164,0.012866258826862688,1871,406,1465,True,ols
R09c,T2,Extended controls: + manager experience + R&D dummy (R&D is a possible mediator),D3_female,proc_innov,0.09932418699088869,0.04469600832924099,0.026421984967567886,0.01954337990316453,0.06002843086856565,0.7447974871684769,-0.07978080708772416,0.07436986289372959,0.2835579497865703,1871,406,1465,True,ols
R09c,T2,Extended controls: + manager experience + R&D dummy (R&D is a possible mediator),D3_female,web,0.032263540699948294,0.0341044868391555,0.34429525031059444,0.013052044496240367,0.022961814654554265,0.569834872815777,-0.019211496203707927,0.04095177550772843,0.6390506704218436,1871,406,1465,True,ols
R09c,T2,Extended controls: + manager experience + R&D dummy (R&D is a possible mediator),D3_lowskill,prod_innov,0.006120664232931672,0.04788942940504333,0.8983185406718832,0.049117814419473806,0.05868842002678372,0.4027733206532083,0.042997150186542134,0.07550030091669002,0.5691080077421924,1852,395,1457,True,ols
R09c,T2,Extended controls: + manager experience + R&D dummy (R&D is a possible mediator),D3_lowskill,proc_innov,-0.026170689414098246,0.04353615681899248,0.5478509493282983,0.0020043890887927254,0.07902233352097188,0.9797674627753605,0.02817507850289097,0.08917462992582531,0.7520831691296365,1852,395,1457,True,ols
R09c,T2,Extended controls: + manager experience + R&D dummy (R&D is a possible mediator),D3_lowskill,web,-0.0846724478327438,0.04097645078161617,0.038971903229178005,0.0430911135640441,0.02377816982913864,0.07016117107012841,0.1277635613967879,0.0467756440449936,0.006383243770273085,1852,395,1457,True,ols
R09c,T2,Extended controls: + manager experience + R&D dummy (R&D is a possible mediator),D4_energy,prod_innov,-0.7352364500764262,1.1917220009140965,0.5373580719074444,0.1358818795579151,0.44494460233912764,0.7601105005639637,0.8711183296343413,1.2894669812458606,0.4994197745268977,1940,482,1458,True,logit
R09c,T2,Extended controls: + manager experience + R&D dummy (R&D is a possible mediator),D4_energy,proc_innov,1.6330855337759895,1.1659539684853006,0.16152475623625767,0.5181448042854031,0.7394204032430556,0.48356964068406993,-1.1149407294905864,1.3849447419334846,0.42092041466697855,1940,482,1458,True,logit
R09c,T2,Extended controls: + manager experience + R&D dummy (R&D is a possible mediator),D4_energy,web,1.169321584756385,0.44676287468252107,0.008950186150488242,0.654054797396421,0.3053851747080256,0.032373079905619606,-0.5152667873599639,0.5192042373267501,0.3211523038198731,1940,482,1458,True,logit
R09c,T2,Extended controls: + manager experience + R&D dummy (R&D is a possible mediator),D4_co2,prod_innov,2.517362072971895,0.8303329185237792,0.0024719570597887225,-0.27846839881452023,0.4337049987215364,0.5209240860690487,-2.7958304717864153,0.9518917909893574,0.003361834322551946,1961,484,1477,True,logit
R09c,T2,Extended controls: + manager experience + R&D dummy (R&D is a possible mediator),D4_co2,proc_innov,-6.0686153730861125,1.3628707620967155,9.085161399786511e-06,-0.85105615294027,0.5746140988151442,0.13878657819212695,5.2175592201458425,1.4230148166090955,0.00025419027583855887,1961,484,1477,True,logit
R09c,T2,Extended controls: + manager experience + R&D dummy (R&D is a possible mediator),D4_co2,web,0.42008825848810105,0.9765267579029151,0.6671204084795054,-0.16293187300524326,0.33036414641204886,0.6219495140711342,-0.5830201314933443,1.0339198869836344,0.5729090423730867,1961,484,1477,True,logit
R09d,T2,Country-specific sampling-region fixed effects added,D1_sales,prod_innov,0.956904001429769,1.0366879449030768,0.3561344372016088,8.736310636357368,3.2035655414269493,0.006464333484479721,7.779406634927599,3.3617886613019574,0.020798027960192852,1925,494,1431,True,ols
R09d,T2,Country-specific sampling-region fixed effects added,D1_sales,proc_innov,0.5222177818346296,1.4015691905239307,0.7095022647392959,-10.693709411057196,4.194870723322285,0.010894385309363055,-11.215927192891826,4.3633399168885765,0.010250794904545361,1925,494,1431,True,ols
R09d,T2,Country-specific sampling-region fixed effects added,D1_sales,web,-0.19675300117904887,1.298852948757052,0.8796157009712529,1.9906627290065588,1.187763408531641,0.09395050051517152,2.1874157301856076,1.7616055102035777,0.21453429789240258,1925,494,1431,True,ols
R09d,T2,Country-specific sampling-region fixed effects added,D1_lp,prod_innov,2.355567293379407,1.8888787186517304,0.21256509371359128,7.684621396879638,3.303156161178864,0.020126768173477215,5.329054103500232,3.7758464970739265,0.15834696537910492,1925,494,1431,True,ols
R09d,T2,Country-specific sampling-region fixed effects added,D1_lp,proc_innov,-3.3096039481155395,2.8291201172079363,0.24225244620612,-7.8546992715839785,3.702657774330799,0.034053813739461,-4.545095323468439,4.592268873841658,0.3224662592082597,1925,494,1431,True,ols
R09d,T2,Country-specific sampling-region fixed effects added,D1_lp,web,-1.2442575160308351,1.6718642125253549,0.4568512710891806,0.8002428748369383,1.3600669760160697,0.5563621960930948,2.0445003908677735,2.14801474356917,0.34134643831524025,1925,494,1431,True,ols
R09d,T2,Country-specific sampling-region fixed effects added,D2_emp,prod_innov,-1.5480324383274169,1.5828030418802719,0.32821318530657845,1.2236444101468338,1.9177131552338396,0.5235206097346481,2.7716768484742507,2.505186375639879,0.2687381742519095,1951,495,1456,True,ols
R09d,T2,Country-specific sampling-region fixed effects added,D2_emp,proc_innov,3.776910905645532,2.5238950937275533,0.13474004410785187,-2.826673063158715,1.7581561473279799,0.10809684578511859,-6.603583968804247,3.0106705799084983,0.02842929145756298,1951,495,1456,True,ols
R09d,T2,Country-specific sampling-region fixed effects added,D2_emp,web,0.9282138507983019,0.9340767441986499,0.3205149175083193,1.0601791649246624,0.7679419947377255,0.16762053984381706,0.13196531412636048,1.2227709178001358,0.9140708060248544,1951,495,1456,True,ols
R09d,T2,Country-specific sampling-region fixed effects added,D3_female,prod_innov,-0.07403510108181496,0.03385588195958009,0.028914837859584906,0.10418769259396837,0.050523495613929034,0.03936594226701905,0.17822279367578334,0.0607707487627219,0.003411743282773811,1903,418,1485,True,ols
R09d,T2,Country-specific sampling-region fixed effects added,D3_female,proc_innov,0.0837302172539923,0.04395695841103464,0.0569962681943291,0.020642952256288732,0.06319573322668294,0.7439778944703629,-0.06308726499770356,0.07695796984348244,0.41248309815475026,1903,418,1485,True,ols
R09d,T2,Country-specific sampling-region fixed effects added,D3_female,web,-0.0029747038381064106,0.0389711637226909,0.9391661350969671,0.0031770448114788086,0.024232722883909624,0.8957095698638009,0.006151748649585219,0.046554914102109504,0.8948917715834372,1903,418,1485,True,ols
R09d,T2,Country-specific sampling-region fixed effects added,D3_lowskill,prod_innov,0.029954952294500972,0.046703925223469674,0.5213767200812072,0.05650824557900587,0.05649902359024864,0.3173973691236832,0.026553293284504897,0.07336115543386747,0.7174395372582573,1872,407,1465,True,ols
R09d,T2,Country-specific sampling-region fixed effects added,D3_lowskill,proc_innov,-0.01731844930731259,0.04818460321037263,0.7193338697707895,0.006565826474746614,0.08086969715891631,0.9353018326839264,0.023884275782059206,0.09366645256663397,0.7987645587582296,1872,407,1465,True,ols
R09d,T2,Country-specific sampling-region fixed effects added,D3_lowskill,web,0.006530356244298478,0.04533103291149028,0.88547354912878,0.021520114000085674,0.0236823562661041,0.3636595403844021,0.014989757755787196,0.051252962020062555,0.7699718027990362,1872,407,1465,True,ols
R09d,T2,Country-specific sampling-region fixed effects added,D4_energy,prod_innov,-0.49575096686482084,0.9532076766685389,0.6030768416502473,0.33042058753745146,0.5270206969857285,0.5307777576276467,0.8261715544022723,1.0976352754077499,0.4517541300128166,1978,502,1476,True,logit
R09d,T2,Country-specific sampling-region fixed effects added,D4_energy,proc_innov,1.3464809486371314,1.0123046357311503,0.18367538822337043,0.7649232238890474,0.9217750639928464,0.4067580548199224,-0.581557724748084,1.3573676854649979,0.6683862552502586,1978,502,1476,True,logit
R09d,T2,Country-specific sampling-region fixed effects added,D4_energy,web,1.6508705144297564,0.45956337704858996,0.0003380176055908132,0.5908075252976477,0.30973075438914716,0.056641325155704206,-1.0600629891321087,0.5430815095495017,0.05112427241324554,1978,502,1476,True,logit
R09d,T2,Country-specific sampling-region fixed effects added,D4_co2,prod_innov,2.6905832227708153,0.898046608133165,0.0027777847726571463,-0.23198297356456843,0.45436095790552467,0.60972380178894,-2.9225661963353837,1.0196344108592288,0.004208279560973665,1999,504,1495,True,logit
R09d,T2,Country-specific sampling-region fixed effects added,D4_co2,proc_innov,-5.774652914693168,1.3757663182116118,2.850500918972108e-05,-0.502229198086912,0.5831609616644701,0.3892484568221672,5.272423716606256,1.4525659646680558,0.0002927749819245162,1999,504,1495,True,logit
R09d,T2,Country-specific sampling-region fixed effects added,D4_co2,web,0.789287532968994,0.5239952256469087,0.13219362029241485,-0.5783908073803278,0.39464248046275363,0.1429547120109952,-1.3676783403493218,0.6709163734077233,0.04166417913217092,1999,504,1495,True,logit
R09e,T2,Growth models with CURRENT size ln(l1) (mechanical size-growth link; Phan-style),D1_sales,prod_innov,1.0450646357435363,1.033540684551443,0.3121060092735828,7.766965894770411,2.999496046757443,0.00970572427708255,6.721901259026875,3.1577450714146744,0.03343968268985431,1935,498,1437,True,ols
R09e,T2,Growth models with CURRENT size ln(l1) (mechanical size-growth link; Phan-style),D1_sales,proc_innov,0.5089328004163174,1.475232295824719,0.7301536118636927,-10.393970282436804,4.208220773377621,0.01362373186220565,-10.902903082853122,4.404135405943787,0.01340960589847166,1935,498,1437,True,ols
R09e,T2,Growth models with CURRENT size ln(l1) (mechanical size-growth link; Phan-style),D1_sales,web,0.15975603628682328,1.1888493218607574,0.8931209543827162,2.2162812495939255,1.1771283090140159,0.0599206528906806,2.0565252133071024,1.6347938251227303,0.20859552672037054,1935,498,1437,True,ols
R09e,T2,Growth models with CURRENT size ln(l1) (mechanical size-growth link; Phan-style),D1_lp,prod_innov,2.2873986194930107,1.85309094283603,0.21725788609351815,5.750717479428733,3.217964230678893,0.07412772865657821,3.4633188599357227,3.6965475346470362,0.3489569495803235,1925,494,1431,True,ols
R09e,T2,Growth models with CURRENT size ln(l1) (mechanical size-growth link; Phan-style),D1_lp,proc_innov,-2.7914243790569038,3.288472236890938,0.3960988690610429,-7.230359123358264,3.7339645097274223,0.05300856224023491,-4.438934744301361,4.89964449494053,0.3650962391398992,1925,494,1431,True,ols
R09e,T2,Growth models with CURRENT size ln(l1) (mechanical size-growth link; Phan-style),D1_lp,web,-1.7082825734674856,1.658829533100451,0.30326362130035567,2.895628914436009,1.3600447152394968,0.0334104141767897,4.603911487903495,2.082661097324702,0.027214021798113133,1925,494,1431,True,ols
R09e,T2,Growth models with CURRENT size ln(l1) (mechanical size-growth link; Phan-style),D2_emp,prod_innov,-1.369642478186575,1.4547150426906963,0.34658756086489834,2.445238594188107,2.1384723332413302,0.2530304466872413,3.814881072374682,2.60815964247579,0.14376290447761383,1951,495,1456,True,ols
R09e,T2,Growth models with CURRENT size ln(l1) (mechanical size-growth link; Phan-style),D2_emp,proc_innov,3.22781434179895,2.697331568668731,0.23162104691721977,-3.312087915332515,1.5923048336465058,0.03768645269202501,-6.539902257131465,3.048671130485843,0.03209689603675533,1951,495,1456,True,ols
R09e,T2,Growth models with CURRENT size ln(l1) (mechanical size-growth link; Phan-style),D2_emp,web,1.6861095063067335,0.9894896852884081,0.08858079950302394,-0.5744093454429291,0.7764532345993729,0.459543408152399,-2.2605188517496626,1.2565144846413334,0.07220973034483158,1951,495,1456,True,ols
R10a,T2,Sector from ISIC rev.4 division of main product (d1a2_v4) instead of sampling stratum a4a,D1_sales,prod_innov,1.1319103854556873,1.0236808857555773,0.26902181629771105,7.976150154884116,3.1697501490929563,0.011961504557383004,6.8442397694284285,3.308469238314876,0.03874429173971484,1925,494,1431,True,ols
R10a,T2,Sector from ISIC rev.4 division of main product (d1a2_v4) instead of sampling stratum a4a,D1_sales,proc_innov,0.5516865343371209,1.4281680677124833,0.6993367361036917,-10.957867225477159,4.239168483444308,0.009833755135214312,-11.50955375981428,4.410077410866583,0.009148508514094177,1925,494,1431,True,ols
R10a,T2,Sector from ISIC rev.4 division of main product (d1a2_v4) instead of sampling stratum a4a,D1_sales,web,0.06626540297746973,1.2136604299319418,0.9564646803482665,2.497547398290513,1.2007308095015177,0.037692208439274545,2.4312819953130433,1.6741918420423896,0.14665087982003655,1925,494,1431,True,ols
R10a,T2,Sector from ISIC rev.4 division of main product (d1a2_v4) instead of sampling stratum a4a,D1_lp,prod_innov,2.312384621266111,1.772620968379068,0.19226236541555838,6.102484064850459,3.283089227604981,0.06325572611928572,3.7900994435843476,3.696602602411713,0.3053897812621998,1925,494,1431,True,ols
R10a,T2,Sector from ISIC rev.4 division of main product (d1a2_v4) instead of sampling stratum a4a,D1_lp,proc_innov,-2.321746430330358,3.1472431749501326,0.46080684222048174,-7.7110684560725025,3.809255606019757,0.04311571544365162,-5.389322025742144,4.873495076044135,0.2689709579834599,1925,494,1431,True,ols
R10a,T2,Sector from ISIC rev.4 division of main product (d1a2_v4) instead of sampling stratum a4a,D1_lp,web,-1.408253735349415,1.6636587517723211,0.39741955115276006,1.7276792053058752,1.3789854224704954,0.2104502252527353,3.13593294065529,2.1007545330433084,0.13570815359333546,1925,494,1431,True,ols
R10a,T2,Sector from ISIC rev.4 division of main product (d1a2_v4) instead of sampling stratum a4a,D2_emp,prod_innov,-1.279594682361221,1.5161297228208686,0.39880844647017877,1.9234895465559336,2.142578338114636,0.3694628037487686,3.2030842289171546,2.642532202216342,0.22565121940576133,1951,495,1456,True,ols
R10a,T2,Sector from ISIC rev.4 division of main product (d1a2_v4) instead of sampling stratum a4a,D2_emp,proc_innov,2.882268752747633,2.649351104052595,0.27680421014162054,-3.2824252401528584,1.8125828973627132,0.07035103635739444,-6.164693992900491,3.1311963743120312,0.049156750933797025,1951,495,1456,True,ols
R10a,T2,Sector from ISIC rev.4 division of main product (d1a2_v4) instead of sampling stratum a4a,D2_emp,web,1.2961409749621065,1.0185059816985718,0.2033570189372896,0.8074954817878068,0.7569366597457794,0.2862333937685542,-0.4886454931742996,1.2635967469337241,0.6990247611067878,1951,495,1456,True,ols
R10a,T2,Sector from ISIC rev.4 division of main product (d1a2_v4) instead of sampling stratum a4a,D3_female,prod_innov,-0.0591203322649111,0.028906083352790143,0.04100569351486376,0.10937890827215854,0.05312242011331176,0.03966869124931645,0.16849924053706963,0.06040807129809744,0.005348894027496785,1903,418,1485,True,ols
R10a,T2,Sector from ISIC rev.4 division of main product (d1a2_v4) instead of sampling stratum a4a,D3_female,proc_innov,0.09121842214018978,0.039950070846413,0.022552892321470043,0.010476906968623176,0.0669468304295992,0.875663407845921,-0.08074151517156661,0.07783579187009834,0.2997504032170448,1903,418,1485,True,ols
R10a,T2,Sector from ISIC rev.4 division of main product (d1a2_v4) instead of sampling stratum a4a,D3_female,web,0.03298225073458387,0.03313615761284957,0.31972574820996835,0.0199737685185164,0.023075544483631694,0.38685951460226287,-0.013008482216067471,0.040157668850176714,0.746032746313666,1903,418,1485,True,ols
R10a,T2,Sector from ISIC rev.4 division of main product (d1a2_v4) instead of sampling stratum a4a,D3_lowskill,prod_innov,-0.01756369008275374,0.0443565490801909,0.6921879273041557,0.04337699474526023,0.0558087078887392,0.43714070799864174,0.06094068482801397,0.0711206423512772,0.3916610239760675,1872,407,1465,True,ols
R10a,T2,Sector from ISIC rev.4 division of main product (d1a2_v4) instead of sampling stratum a4a,D3_lowskill,proc_innov,-0.03258376124585075,0.042715607149130565,0.44570185639284365,0.01965679605994907,0.08605768637896394,0.8193562736447931,0.05224055730579982,0.09576013265761914,0.5854686233734282,1872,407,1465,True,ols
R10a,T2,Sector from ISIC rev.4 division of main product (d1a2_v4) instead of sampling stratum a4a,D3_lowskill,web,-0.06850999623532761,0.04206215846879715,0.10357551536873404,0.045177916717548755,0.024292917967432763,0.06312692815723703,0.11368791295287636,0.04795325268302538,0.01787859891543678,1872,407,1465,True,ols
R10a,T2,Sector from ISIC rev.4 division of main product (d1a2_v4) instead of sampling stratum a4a,D4_energy,prod_innov,-0.7420097702547989,1.24074479114719,0.5499030391717508,0.21634283474511096,0.44268413716037314,0.625117975606842,0.9583526049999098,1.3206433339203851,0.4681495238065159,1978,502,1476,True,logit
R10a,T2,Sector from ISIC rev.4 division of main product (d1a2_v4) instead of sampling stratum a4a,D4_energy,proc_innov,1.8198603769301562,1.2250897348085201,0.1376161103504092,0.7381516795349394,0.6445842374766609,0.25231913677970763,-1.0817086973952168,1.3856832226383515,0.43513761439557147,1978,502,1476,True,logit
R10a,T2,Sector from ISIC rev.4 division of main product (d1a2_v4) instead of sampling stratum a4a,D4_energy,web,1.4370839013477124,0.4299289218648125,0.0008496281474162636,0.5025972168730034,0.29267319151527343,0.08612975415482974,-0.934486684474709,0.4921996956135949,0.05780280216912285,1978,502,1476,True,logit
R10a,T2,Sector from ISIC rev.4 division of main product (d1a2_v4) instead of sampling stratum a4a,D4_co2,prod_innov,2.1473304792030086,0.759679933528944,0.004763485238194809,-0.26446136201584824,0.40246585830152004,0.5112108315638204,-2.411791841218857,0.8801377498427831,0.006208595741851622,1999,504,1495,True,logit
R10a,T2,Sector from ISIC rev.4 division of main product (d1a2_v4) instead of sampling stratum a4a,D4_co2,proc_innov,-5.542448316095984,1.2610025218276988,1.1802451266660072e-05,-0.6440104362337058,0.5634466890418199,0.2532188057485011,4.8984378798622785,1.3610217140767022,0.000329207244763858,1999,504,1495,True,logit
R10a,T2,Sector from ISIC rev.4 division of main product (d1a2_v4) instead of sampling stratum a4a,D4_co2,web,0.38948266955460054,0.8727114229147823,0.6554488112695358,-0.3529342914181579,0.33758828053116513,0.2959716660611058,-0.7424169609727584,0.9630850624045171,0.44089726385421757,1999,504,1495,True,logit
R10b,T2,Foreign ownership = any foreign share (>0) instead of >=10%,D1_sales,prod_innov,0.9795427002925929,1.1069486362102618,0.3763499485337057,8.190562243949715,3.1957851808849296,0.01047584656106323,7.211019543657122,3.330417939698496,0.030529001726405564,1925,494,1431,True,ols
R10b,T2,Foreign ownership = any foreign share (>0) instead of >=10%,D1_sales,proc_innov,0.644151058910522,1.4779594640172207,0.6630166542636156,-10.656908170493574,4.255956782825332,0.012384920871107914,-11.301059229404096,4.484225213451423,0.011832113856382182,1925,494,1431,True,ols
R10b,T2,Foreign ownership = any foreign share (>0) instead of >=10%,D1_sales,web,0.3144110651488578,1.1748197267759952,0.7890246741040918,2.31415327609457,1.1717026707085676,0.048446603983541024,1.9997422109457121,1.6159866939569134,0.21610390456514922,1925,494,1431,True,ols
R10b,T2,Foreign ownership = any foreign share (>0) instead of >=10%,D1_lp,prod_innov,2.2764695903641656,1.8605903738152052,0.22132474164728483,6.466982598692912,3.309771985179649,0.05089724391358217,4.190513008328747,3.7346465794655783,0.26201403306410886,1925,494,1431,True,ols
R10b,T2,Foreign ownership = any foreign share (>0) instead of >=10%,D1_lp,proc_innov,-2.3438781843684384,3.180199861935806,0.46122359578722666,-7.567930864649282,3.814976027586057,0.04746585139014723,-5.2240526802808445,4.929662130413672,0.2894427480747575,1925,494,1431,True,ols
R10b,T2,Foreign ownership = any foreign share (>0) instead of >=10%,D1_lp,web,-1.1778057960839046,1.6460927957807965,0.4744011486738905,1.531397005928928,1.3524700557218339,0.25769008084117034,2.7092028020128325,2.0527573702361193,0.1871066739736954,1925,494,1431,True,ols
R10b,T2,Foreign ownership = any foreign share (>0) instead of >=10%,D2_emp,prod_innov,-1.4337081665233107,1.5229034845901899,0.3466329719648264,1.7964463979439926,2.1475869485737245,0.40300711304821224,3.2301545644673033,2.6461712071775225,0.2223917746719574,1951,495,1456,True,ols
R10b,T2,Foreign ownership = any foreign share (>0) instead of >=10%,D2_emp,proc_innov,3.0362784084184042,2.619377705423996,0.24657199931058274,-3.14507355231499,1.7934502192435315,0.07969197683620562,-6.181351960733394,3.11947096707741,0.04770988614869116,1951,495,1456,True,ols
R10b,T2,Foreign ownership = any foreign share (>0) instead of >=10%,D2_emp,web,1.2968338333804967,1.0041018459760778,0.1967131578812767,0.7988139066056824,0.7550297649397317,0.29022724820807544,-0.4980199267748143,1.25313783743489,0.6911145202529516,1951,495,1456,True,ols
R10b,T2,Foreign ownership = any foreign share (>0) instead of >=10%,D3_female,prod_innov,-0.06573709869242848,0.032488943695297194,0.04321414033244614,0.10553760812277056,0.05169521513347739,0.04137418558285317,0.17127470681519905,0.06031736610210488,0.004579190805205022,1903,418,1485,True,ols
R10b,T2,Foreign ownership = any foreign share (>0) instead of >=10%,D3_female,proc_innov,0.09898921101889793,0.042485521532073835,0.0199422289332758,0.01016501320312918,0.060424416744136726,0.866427691177885,-0.08882419781576875,0.07426564518673681,0.23187455879843522,1903,418,1485,True,ols
R10b,T2,Foreign ownership = any foreign share (>0) instead of >=10%,D3_female,web,0.029159157594078784,0.0334191438891912,0.3830612423761895,0.011358355047922493,0.02302003216142719,0.6217946691822352,-0.01780080254615629,0.04043035514414793,0.6597961908796968,1903,418,1485,True,ols
R10b,T2,Foreign ownership = any foreign share (>0) instead of >=10%,D3_lowskill,prod_innov,0.005018345557468801,0.048922920434512886,0.9183131321775829,0.044693697249667125,0.05643238423407606,0.42849718114407026,0.039675351692198324,0.07401453803725058,0.5920070262405758,1872,407,1465,True,ols
R10b,T2,Foreign ownership = any foreign share (>0) instead of >=10%,D3_lowskill,proc_innov,-0.030988728007420988,0.04254007830104465,0.4664491979415607,0.009402819568642223,0.07910015217903027,0.9053928661463674,0.04039154757606321,0.08971675295960192,0.6526245609026495,1872,407,1465,True,ols
R10b,T2,Foreign ownership = any foreign share (>0) instead of >=10%,D3_lowskill,web,-0.06910761690054439,0.040571623186752684,0.08871581850853254,0.04652500243392395,0.023714756646146036,0.049968811180620916,0.11563261933446833,0.046408316845055864,0.012825981363517392,1872,407,1465,True,ols
R10b,T2,Foreign ownership = any foreign share (>0) instead of >=10%,D4_energy,prod_innov,-0.866689062321508,1.286870169335132,0.5007381000936343,0.22973152606636993,0.45086642629159585,0.6104505653579074,1.096420588387878,1.3701384761445234,0.4237018789613538,1978,502,1476,True,logit
R10b,T2,Foreign ownership = any foreign share (>0) instead of >=10%,D4_energy,proc_innov,1.712551147360009,1.261465337870497,0.1747909412075273,0.6184117374186213,0.7163051326325847,0.3880859299203827,-1.0941394099413877,1.4447978716485852,0.44898723240807287,1978,502,1476,True,logit
R10b,T2,Foreign ownership = any foreign share (>0) instead of >=10%,D4_energy,web,1.3610305276901835,0.4207060454264642,0.0012414771478997638,0.5880315997387239,0.2935515894880007,0.04533287613058044,-0.7729989279514596,0.4910880925129669,0.11567824360248977,1978,502,1476,True,logit
R10b,T2,Foreign ownership = any foreign share (>0) instead of >=10%,D4_co2,prod_innov,2.3059189408193803,0.8499145844842334,0.006737840877986282,-0.32033557609411467,0.4123240145610983,0.4373327852236273,-2.626254516913495,0.9661019658586865,0.0066316548853998306,1999,504,1495,True,logit
R10b,T2,Foreign ownership = any foreign share (>0) instead of >=10%,D4_co2,proc_innov,-5.683217876129449,1.3233516592153889,1.8571450150968213e-05,-0.6882931010850637,0.5533502136281905,0.21373402021667853,4.994924775044385,1.406396898397597,0.0003941907995606859,1999,504,1495,True,logit
R10b,T2,Foreign ownership = any foreign share (>0) instead of >=10%,D4_co2,web,0.4596355851459804,0.9123989319025062,0.6144961672434511,-0.2743186948295539,0.3308627628798293,0.40717264935156544,-0.7339542799755343,1.0017534174499811,0.4638688489053031,1999,504,1495,True,logit
R10c,T2,Foreign ownership = majority foreign (>=50%),D1_sales,prod_innov,0.97254335599261,1.0351246178379079,0.34760305265624075,8.215563565954447,3.1846674307028713,0.009981964004182484,7.243020209961838,3.341851415156319,0.030363120309848456,1925,494,1431,True,ols
R10c,T2,Foreign ownership = majority foreign (>=50%),D1_sales,proc_innov,0.8048373962067313,1.4914087782205963,0.5895188306190444,-10.68982459426366,4.256939923996255,0.012137771722331091,-11.49466199047039,4.529953300821558,0.011265531098504752,1925,494,1431,True,ols
R10c,T2,Foreign ownership = majority foreign (>=50%),D1_sales,web,0.3359506343214726,1.1703400798569763,0.7741105713308374,2.286830092419852,1.1666568388402334,0.05016164142611041,1.9508794580983793,1.6062356683479417,0.22472201242139622,1925,494,1431,True,ols
R10c,T2,Foreign ownership = majority foreign (>=50%),D1_lp,prod_innov,2.28199101860259,1.8543647952183042,0.21866271661565898,6.498691266264464,3.2982312037977506,0.04898046868935623,4.2167002476618745,3.7685228560653865,0.2633499137496721,1925,494,1431,True,ols
R10c,T2,Foreign ownership = majority foreign (>=50%),D1_lp,proc_innov,-2.1501283182981314,3.2108946495999473,0.5031929725838511,-7.603079655401903,3.8182203879516203,0.04663241575382338,-5.452951337103771,4.983227648857942,0.2740155375240556,1925,494,1431,True,ols
R10c,T2,Foreign ownership = majority foreign (>=50%),D1_lp,web,-1.1501891472785042,1.63660861354055,0.4822963973602207,1.4997961930789838,1.347296383452096,0.26580469407929397,2.649985340357488,2.0366500176637405,0.19340645101072612,1925,494,1431,True,ols
R10c,T2,Foreign ownership = majority foreign (>=50%),D2_emp,prod_innov,-1.4162915796080886,1.5169831246475358,0.35064547959245834,1.811214783020066,2.144570867351861,0.39848979934235773,3.2275063626281546,2.648649104385847,0.22320385496614736,1951,495,1456,True,ols
R10c,T2,Foreign ownership = majority foreign (>=50%),D2_emp,proc_innov,3.1109499634892956,2.5912845968669913,0.2301143986175106,-3.138763446249975,1.786780965206543,0.0791763716506666,-6.249713409739271,3.115281664927002,0.0450165161314976,1951,495,1456,True,ols
R10c,T2,Foreign ownership = majority foreign (>=50%),D2_emp,web,1.310480910684045,1.0060356404691102,0.1929012328522705,0.7842421703183884,0.7552003361946028,0.29922219917914916,-0.5262387403656565,1.2538699008596699,0.6747697189690358,1951,495,1456,True,ols
R10c,T2,Foreign ownership = majority foreign (>=50%),D3_female,prod_innov,-0.06595640862967632,0.028025160755127745,0.018728887914842028,0.10682268466497148,0.051702770255703814,0.03899298423450706,0.1727790932946478,0.059054634237832485,0.0034885147579661524,1903,418,1485,True,ols
R10c,T2,Foreign ownership = majority foreign (>=50%),D3_female,proc_innov,0.1060169478294064,0.04074628268430876,0.009363679429281397,0.010759593908392637,0.06109512341452954,0.8602298596381639,-0.09525735392101377,0.07386099997701491,0.19736133004290224,1903,418,1485,True,ols
R10c,T2,Foreign ownership = majority foreign (>=50%),D3_female,web,0.03090243839734681,0.033299542251253866,0.3535512641008676,0.009839400951062793,0.02302216005536695,0.6691585605492474,-0.021063037446284016,0.040247818902348645,0.6008202300642514,1903,418,1485,True,ols
R10c,T2,Foreign ownership = majority foreign (>=50%),D3_lowskill,prod_innov,0.006708261039949162,0.04761186247927057,0.887972546135998,0.04494004929684593,0.05630457523387755,0.4249076459349862,0.03823178825689677,0.07378099099884093,0.6044116873266796,1872,407,1465,True,ols
R10c,T2,Foreign ownership = majority foreign (>=50%),D3_lowskill,proc_innov,-0.030040595282937288,0.04271292202564651,0.48197231240521915,0.009814460141485806,0.07905555838526739,0.9012164895900375,0.039855055424423094,0.08969114889533862,0.6568490641029668,1872,407,1465,True,ols
R10c,T2,Foreign ownership = majority foreign (>=50%),D3_lowskill,web,-0.06876717301882598,0.04031669477020159,0.08828147541397759,0.04663208493791442,0.02373173932913423,0.04960755382042424,0.1153992579567404,0.046365989787139635,0.012925487656445888,1872,407,1465,True,ols
R10c,T2,Foreign ownership = majority foreign (>=50%),D4_energy,prod_innov,-0.8872509887704667,1.315357427104613,0.500073136261116,0.2161017348065144,0.44765526600111166,0.6293472193366122,1.103352723576981,1.3899678118360792,0.42743439086374824,1978,502,1476,True,logit
R10c,T2,Foreign ownership = majority foreign (>=50%),D4_energy,proc_innov,1.6058193007960126,1.3026961867684848,0.2178778978494138,0.5921496330802996,0.7033915449618261,0.4000016317162234,-1.013669667715713,1.488380160307951,0.4959375725245048,1978,502,1476,True,logit
R10c,T2,Foreign ownership = majority foreign (>=50%),D4_energy,web,1.3291771577979812,0.41608472542127156,0.0014288481299615313,0.5909793731026902,0.29411648577146365,0.04467361703145675,-0.738197784695291,0.48702210454475536,0.1297886610425697,1978,502,1476,True,logit
R10c,T2,Foreign ownership = majority foreign (>=50%),D4_co2,prod_innov,2.392421587792924,0.8879624779601066,0.007128881248066279,-0.3120564939997599,0.4111396608468429,0.4479638150318642,-2.7044780817926837,1.0008282337478707,0.0069612563081314135,1999,504,1495,True,logit
R10c,T2,Foreign ownership = majority foreign (>=50%),D4_co2,proc_innov,-5.609420219058401,1.307368623269572,1.8900575212295257e-05,-0.6246588406310662,0.5319834935415301,0.24048933518164184,4.984761378427335,1.4046973938691265,0.00039857976826000827,1999,504,1495,True,logit
R10c,T2,Foreign ownership = majority foreign (>=50%),D4_co2,web,0.46096963765709886,0.9075774674806644,0.6115859730023261,-0.2648318363754516,0.33016849414758104,0.4226095077905285,-0.7258014740325505,0.9942107555513251,0.46548162787510816,1999,504,1495,True,logit
R10d,T2,Exporter = any export share (>0) instead of >=10%,D1_sales,prod_innov,0.9623892972060313,1.0445790096648984,0.357032060803051,8.199403421802879,3.19263895386355,0.010317868558810707,7.237014124596848,3.3580663566388234,0.0313110314945785,1925,494,1431,True,ols
R10d,T2,Exporter = any export share (>0) instead of >=10%,D1_sales,proc_innov,0.5132262736548074,1.4715557516952467,0.7273149356700969,-10.711212821590365,4.276049102313823,0.01235240581441875,-11.224439095245172,4.466817613687397,0.012079796449273652,1925,494,1431,True,ols
R10d,T2,Exporter = any export share (>0) instead of >=10%,D1_sales,web,0.2699135544274097,1.1842820480971377,0.8197446309094528,2.3399434559236245,1.1763407071340564,0.04686292683903002,2.070029901496215,1.6390550572239149,0.20680586934497414,1925,494,1431,True,ols
R10d,T2,Exporter = any export share (>0) instead of >=10%,D1_lp,prod_innov,2.263345323594523,1.8082142978274942,0.21087287492542098,6.482039735805625,3.312247135036399,0.05053298135221526,4.218694412211102,3.761548468350553,0.2622405597349228,1925,494,1431,True,ols
R10d,T2,Exporter = any export share (>0) instead of >=10%,D1_lp,proc_innov,-2.471816580262183,3.1738088975445446,0.4362098276607098,-7.636322294741369,3.8393039864559917,0.04688341390338827,-5.164505714479185,4.914133406899747,0.2934504210125404,1925,494,1431,True,ols
R10d,T2,Exporter = any export share (>0) instead of >=10%,D1_lp,web,-1.1994343892052632,1.6529137228099207,0.4681670164809869,1.576831909417015,1.358721717181858,0.24601863606299731,2.776266298622278,2.0760380407502663,0.181329714401804,1925,494,1431,True,ols
R10d,T2,Exporter = any export share (>0) instead of >=10%,D2_emp,prod_innov,-1.4034540569142604,1.5088677105208421,0.3524469498102488,1.8034585128573521,2.1452718352234665,0.40066623005980556,3.2069125697716125,2.6465599734800733,0.22580361162490936,1951,495,1456,True,ols
R10d,T2,Exporter = any export share (>0) instead of >=10%,D2_emp,proc_innov,2.9852032824080075,2.662255479852841,0.2623337815809953,-3.1523326915437098,1.8074492014906445,0.08134654660983497,-6.137535973951717,3.1357932300273403,0.05049974272696753,1951,495,1456,True,ols
R10d,T2,Exporter = any export share (>0) instead of >=10%,D2_emp,web,1.2471762525523442,1.011590719244716,0.2178078636231503,0.7845888626105932,0.7589431611081331,0.301397311131265,-0.462587389941751,1.2619703985382762,0.7139982832174369,1951,495,1456,True,ols
R10d,T2,Exporter = any export share (>0) instead of >=10%,D3_female,prod_innov,-0.06130514982828787,0.030168156344714838,0.042319855925544415,0.10633871888673489,0.051743910805516345,0.040044411948864045,0.16764386871502276,0.0599598511352201,0.0052416770003752425,1903,418,1485,True,ols
R10d,T2,Exporter = any export share (>0) instead of >=10%,D3_female,proc_innov,0.09891359226963434,0.04360893283509146,0.023460454215704814,0.010739200405399066,0.060484547502802855,0.8590984312048913,-0.08817439186423527,0.07481800793452618,0.23877897143349708,1903,418,1485,True,ols
R10d,T2,Exporter = any export share (>0) instead of >=10%,D3_female,web,0.028799572676249878,0.03361582979462694,0.3917343667612617,0.01202994106440633,0.023107559120453734,0.6027187160149176,-0.016769631611843548,0.040683128813394226,0.6802515447031396,1903,418,1485,True,ols
R10d,T2,Exporter = any export share (>0) instead of >=10%,D3_lowskill,prod_innov,0.003597527859305144,0.04852152103183081,0.9409068175668563,0.04437147323763227,0.05625963784120939,0.4304207278064895,0.040773945378327126,0.07434955394121379,0.5834951760184757,1872,407,1465,True,ols
R10d,T2,Exporter = any export share (>0) instead of >=10%,D3_lowskill,proc_innov,-0.03496584427419962,0.043960664374203345,0.42651642984620786,0.007896232179420676,0.07946053291034744,0.9208557645508434,0.04286207645362029,0.0902365970285206,0.6348604933911982,1872,407,1465,True,ols
R10d,T2,Exporter = any export share (>0) instead of >=10%,D3_lowskill,web,-0.0702826868587755,0.041179480961302396,0.08808308875843836,0.046796022678216614,0.02373317622433094,0.04882617764753072,0.11707870953699212,0.04689012831263899,0.012638909266129348,1872,407,1465,True,ols
R10d,T2,Exporter = any export share (>0) instead of >=10%,D4_energy,prod_innov,-0.8116959249593756,1.2889149144804253,0.5289496691128962,0.208545812378087,0.4475496770805667,0.6413004095971693,1.0202417373374626,1.365437088701963,0.45506134594221775,1978,502,1476,True,logit
R10d,T2,Exporter = any export share (>0) instead of >=10%,D4_energy,proc_innov,1.7960438852389196,1.2586459063643536,0.15379043023446737,0.6762227051997733,0.7012541776157467,0.33504292427449045,-1.1198211800391462,1.443064723202318,0.4378656314775315,1978,502,1476,True,logit
R10d,T2,Exporter = any export share (>0) instead of >=10%,D4_energy,web,1.3832520268401984,0.41897289542115734,0.0009833563792346163,0.6129322440428099,0.29393551259561673,0.03720815260000752,-0.7703197827973886,0.48905323296073067,0.1154308379309017,1978,502,1476,True,logit
R10d,T2,Exporter = any export share (>0) instead of >=10%,D4_co2,prod_innov,2.343794284112801,0.8484925691574405,0.005806125602366075,-0.31139569639419395,0.4133032724403601,0.4513031380130299,-2.655189980506995,0.9631106171875253,0.0059026552219896495,1999,504,1495,True,logit
R10d,T2,Exporter = any export share (>0) instead of >=10%,D4_co2,proc_innov,-5.779373459946185,1.342210032708533,1.7658662058974717e-05,-0.7220727627044141,0.5702204719912702,0.20559109216528249,5.057300697241771,1.415862359242679,0.0003650654889039692,1999,504,1495,True,logit
R10d,T2,Exporter = any export share (>0) instead of >=10%,D4_co2,web,0.40113811160964197,0.9080495040240641,0.6587249182626513,-0.25579881838837104,0.33137222083209134,0.4402667929479369,-0.656936929998013,0.9942336401556875,0.5088710621104346,1999,504,1495,True,logit
R10e,T2,Low-skilled = l4b / ALL permanent FT employees (not only production workers),D3_lowskill,prod_innov,0.004862429836348825,0.0476111746708065,0.9186690943142343,0.006301774022287265,0.030898247425933334,0.8384189071067178,0.0014393441859384404,0.05678031284139248,0.9797797539397164,1882,407,1475,True,ols
R10e,T2,Low-skilled = l4b / ALL permanent FT employees (not only production workers),D3_lowskill,proc_innov,-0.03408094730051538,0.0451055803757842,0.45002129649494155,0.05617368779925354,0.07250299476052767,0.43859592876457343,0.09025463509976892,0.08476898760444007,0.28718095933053395,1882,407,1475,True,ols
R10e,T2,Low-skilled = l4b / ALL permanent FT employees (not only production workers),D3_lowskill,web,-0.07420671276810308,0.04057075150187457,0.06759200712713696,0.025482613467814483,0.020402531632725728,0.2118668617626078,0.09968932623591756,0.0452465352975008,0.027732142881861172,1882,407,1475,True,ols
R10f,T2,Female share from route l5 only (half-sample),D3_female,prod_innov,-0.046392111976275976,0.03304172011702418,0.1608040954808057,-0.001642256788336613,0.09344482418604498,0.9859838438131262,0.044749855187939364,0.09921669491490147,0.6521240381056673,850,216,634,True,ols
R10f,T2,Female share from route l5 only (half-sample),D3_female,proc_innov,0.12789797666918146,0.048572411697252654,0.008670186277497728,0.05375029212912824,0.11139311466719551,0.6296007087404065,-0.07414768454005322,0.1204032525710645,0.5382333756211124,850,216,634,True,ols
R10f,T2,Female share from route l5 only (half-sample),D3_female,web,0.02622802580401209,0.039210810248466545,0.503808832167393,0.02221070563433134,0.03482049926623215,0.5237976564082071,-0.004017320169680751,0.052380472098577636,0.9388908469351399,850,216,634,True,ols
R10g,T2,Female share from route l5a+l5b only (other half-sample),D3_female,prod_innov,-0.1942620419120065,0.07380528008985318,0.008655018148958292,0.17457519807418484,0.05872876141302022,0.003044673587276497,0.36883723998619133,0.09282008881404173,7.737577103830624e-05,1053,202,851,True,ols
R10g,T2,Female share from route l5a+l5b only (other half-sample),D3_female,proc_innov,0.034760390194381915,0.15785386347035163,0.825768606068223,0.017517516311255282,0.07649281023926983,0.8189226001293606,-0.017242873883126633,0.17307849228321845,0.9206681344079087,1053,202,851,True,ols
R10g,T2,Female share from route l5a+l5b only (other half-sample),D3_female,web,0.08785333170628613,0.0678641489176105,0.19586210973443904,-0.013819605910294505,0.02642865493648799,0.6011916605711395,-0.10167293761658064,0.06990812067610251,0.1462459820502665,1053,202,851,True,ols
R10h,T3,EXPLORATORY: digitalization proxy = e-filing of taxes (j36) instead of website,D1_sales,prod_innov,1.302786355511999,1.1056180464871013,0.23885261332261803,8.818501905688295,3.1900624015467556,0.005773847645046931,7.515715550176296,3.363190495705309,0.025585431663066004,1904,490,1414,True,ols
R10h,T3,EXPLORATORY: digitalization proxy = e-filing of taxes (j36) instead of website,D1_sales,proc_innov,0.527291500894498,1.488436518665955,0.7231953540999786,-10.277290829408793,4.0562481538781565,0.011388838595901368,-10.80458233030329,4.261906670486392,0.011341737784506669,1904,490,1414,True,ols
R10h,T3,EXPLORATORY: digitalization proxy = e-filing of taxes (j36) instead of website,D1_sales,web,0.6611725903244621,0.9996716775404928,0.508465006954747,-3.509587707715813,2.1632440363964824,0.10493587038147649,-4.170760298040275,2.39480330725214,0.0817876582656219,1904,490,1414,True,ols
R10h,T3,EXPLORATORY: digitalization proxy = e-filing of taxes (j36) instead of website,D1_lp,prod_innov,1.7240565699592856,1.7009256836236915,0.31093925133992084,6.999447544928655,3.35877881111985,0.037337473662765484,5.27539097496937,3.7423558696052517,0.158854098567638,1904,490,1414,True,ols
R10h,T3,EXPLORATORY: digitalization proxy = e-filing of taxes (j36) instead of website,D1_lp,proc_innov,-2.459761887197542,3.1215264472167323,0.4308226468311267,-7.342780607253712,3.7025242503423454,0.047531024279766104,-4.883018720056169,4.77226806606133,0.3063765726166237,1904,490,1414,True,ols
R10h,T3,EXPLORATORY: digitalization proxy = e-filing of taxes (j36) instead of website,D1_lp,web,-1.4071405144842006,1.5402952702770945,0.36110035835119314,-2.160132216308819,2.472055688293845,0.38235745814470934,-0.7529917018246179,2.9401597499484122,0.7979046843345073,1904,490,1414,True,ols
R10h,T3,EXPLORATORY: digitalization proxy = e-filing of taxes (j36) instead of website,D2_emp,prod_innov,-0.6208467595693893,1.4394085664404905,0.6662968678993196,1.9320393478678164,2.098752008434229,0.3574244927348571,2.552886107437206,2.5676099365865355,0.3202532172560409,1929,491,1438,True,ols
R10h,T3,EXPLORATORY: digitalization proxy = e-filing of taxes (j36) instead of website,D2_emp,proc_innov,2.9962859537425195,2.611622922891572,0.2514443530982198,-2.969825834110597,1.7726048042134868,0.09406281588322501,-5.966111787853117,3.0737340686188945,0.05244475968472184,1929,491,1438,True,ols
R10h,T3,EXPLORATORY: digitalization proxy = e-filing of taxes (j36) instead of website,D2_emp,web,1.8700620779482613,0.9258683360446401,0.04358157672036892,-0.7273222157002242,1.6466198049829854,0.6587651775295515,-2.5973842936484854,1.8976118307008685,0.17127679445260835,1929,491,1438,True,ols
R10h,T3,EXPLORATORY: digitalization proxy = e-filing of taxes (j36) instead of website,D3_female,prod_innov,-0.05127451567786739,0.03342708053026374,0.12526445478778758,0.10707279664424696,0.049826737375649396,0.03180523797107814,0.15834731232211435,0.06021668327296339,0.00863721309540783,1886,417,1469,True,ols
R10h,T3,EXPLORATORY: digitalization proxy = e-filing of taxes (j36) instead of website,D3_female,proc_innov,0.09950919351003074,0.043084981787598405,0.02104835529568858,0.010068670420614767,0.059470883906223494,0.8655806982029395,-0.08944052308941597,0.073676660481472,0.22495823787997185,1886,417,1469,True,ols
R10h,T3,EXPLORATORY: digitalization proxy = e-filing of taxes (j36) instead of website,D3_female,web,0.023470308504010086,0.03470270983196718,0.49894089473573366,-0.06197712327639895,0.07661042199616892,0.4186515552373994,-0.08544743178040903,0.08422147340146192,0.3104845320226745,1886,417,1469,True,ols
R10h,T3,EXPLORATORY: digitalization proxy = e-filing of taxes (j36) instead of website,D3_lowskill,prod_innov,-0.008399270002853272,0.049164470861211604,0.8643732554067838,0.05856643572172064,0.05783930448026316,0.3114340068263025,0.06696570572457392,0.07574411380317779,0.3767866174212493,1861,405,1456,True,ols
R10h,T3,EXPLORATORY: digitalization proxy = e-filing of taxes (j36) instead of website,D3_lowskill,proc_innov,-0.03961081831835669,0.04467904033949328,0.3754610249171265,0.025256094749891635,0.07424131379548458,0.7337633768909883,0.06486691306824832,0.0858768200409928,0.4501628487630171,1861,405,1456,True,ols
R10h,T3,EXPLORATORY: digitalization proxy = e-filing of taxes (j36) instead of website,D3_lowskill,web,-0.03172489651317761,0.038892861377561205,0.41480604808625277,0.06596605878881201,0.05550938279599366,0.23487988863252243,0.09769095530198961,0.06817069335447434,0.15206384217669994,1861,405,1456,True,ols
R10h,T3,EXPLORATORY: digitalization proxy = e-filing of taxes (j36) instead of website,D4_energy,prod_innov,-0.2539680502873385,1.0963636293064118,0.8168439721996387,0.36652213727738625,0.47530163016552374,0.4407450041442829,0.6204901875647247,1.194632116261912,0.603557675701985,1956,498,1458,True,logit
R10h,T3,EXPLORATORY: digitalization proxy = e-filing of taxes (j36) instead of website,D4_energy,proc_innov,1.6927652480288253,1.1023774153288397,0.12485259408007449,0.8456047288936576,0.7038961144134828,0.22981215985685974,-0.8471605191351678,1.308687766033476,0.5175113301258705,1956,498,1458,True,logit
R10h,T3,EXPLORATORY: digitalization proxy = e-filing of taxes (j36) instead of website,D4_energy,web,0.7263676693317628,0.5838949468387384,0.213687884940111,0.33993182021942026,0.7320087978430347,0.6424397873162172,-0.3864358491123425,0.9353918968899716,0.679571075441637,1956,498,1458,True,logit
R10h,T3,EXPLORATORY: digitalization proxy = e-filing of taxes (j36) instead of website,D4_co2,prod_innov,2.5297222773392822,0.8051633044446198,0.0017103280163125625,-0.4018264642027267,0.4216972488789959,0.34079936334103716,-2.931548741542009,0.9266346231333662,0.0015881508681629887,1977,500,1477,True,logit
R10h,T3,EXPLORATORY: digitalization proxy = e-filing of taxes (j36) instead of website,D4_co2,proc_innov,-5.612814204641823,1.323544970209673,2.358960581001355e-05,-0.8196159821777416,0.5677410817030919,0.14904045096314994,4.793198222464081,1.3912303871273977,0.000585598009925827,1977,500,1477,True,logit
R10h,T3,EXPLORATORY: digitalization proxy = e-filing of taxes (j36) instead of website,D4_co2,web,0.7702822761816535,0.5758429289245107,0.18120264631698554,-0.29414615605137895,0.6954954722364277,0.6724045072387468,-1.0644284322330324,0.8861629403093375,0.2298697780094748,1977,500,1477,True,logit
R11,T2,DK on innovation/website kept as separate category (DK dummies added) instead of listwise deletion,D1_sales,prod_innov,0.9771047715762409,1.0446041763006444,0.34973876507221585,8.206979640029708,3.1865422457233694,0.010102375587326493,7.229874868453468,3.3437332963816373,0.030756175055429203,1949,511,1438,True,ols
R11,T2,DK on innovation/website kept as separate category (DK dummies added) instead of listwise deletion,D1_sales,proc_innov,0.5043523453591259,1.4713299567826437,0.731806048233139,-10.705327660221274,4.268828658976236,0.012251788650940836,-11.209680005580399,4.457533990806822,0.012012853462363885,1949,511,1438,True,ols
R11,T2,DK on innovation/website kept as separate category (DK dummies added) instead of listwise deletion,D1_sales,web,0.2752863661632139,1.1874666501410507,0.8167037109709193,2.302291306628772,1.1690836347546452,0.04909749891739275,2.027004940465558,1.6330139947969724,0.21469785153571605,1949,511,1438,True,ols
R11,T2,DK on innovation/website kept as separate category (DK dummies added) instead of listwise deletion,D1_lp,prod_innov,2.291034218340594,1.8098588489914123,0.20575480525176737,6.485432008885899,3.2995781142899987,0.049533252339876335,4.194397790545305,3.7422227522875566,0.2625359823984223,1949,511,1438,True,ols
R11,T2,DK on innovation/website kept as separate category (DK dummies added) instead of listwise deletion,D1_lp,proc_innov,-2.4534342627055303,3.177275827677698,0.44012614951633555,-7.591734641702583,3.8273812305498893,0.04748661091898418,-5.138300378997053,4.904016010876777,0.29490834765644847,1949,511,1438,True,ols
R11,T2,DK on innovation/website kept as separate category (DK dummies added) instead of listwise deletion,D1_lp,web,-1.2208154736685086,1.6562977084492163,0.46118988395456945,1.5178427797242529,1.3501919666761417,0.2611181626199033,2.7386582533927615,2.0704148346339557,0.18611359185198342,1949,511,1438,True,ols
R11,T2,DK on innovation/website kept as separate category (DK dummies added) instead of listwise deletion,D2_emp,prod_innov,-1.4222802657585327,1.5105662391222525,0.3465674563131196,1.8100767963708866,2.1451613824093374,0.39891399770658714,3.2323570621294193,2.646545431476209,0.22213931527983732,1975,512,1463,True,ols
R11,T2,DK on innovation/website kept as separate category (DK dummies added) instead of listwise deletion,D2_emp,proc_innov,2.9629609342822656,2.6695627849796457,0.26721203832252965,-3.1894252857864727,1.8015636917876325,0.0768627639469616,-6.152386220068738,3.1381454025286915,0.05011420291973548,1975,512,1463,True,ols
R11,T2,DK on innovation/website kept as separate category (DK dummies added) instead of listwise deletion,D2_emp,web,1.2781230629672053,1.008897203315148,0.20539854804737706,0.7992185474278641,0.7532391532068115,0.28883590289777644,-0.47890451553934116,1.255551160399814,0.7029366632463476,1975,512,1463,True,ols
R11,T2,DK on innovation/website kept as separate category (DK dummies added) instead of listwise deletion,D3_female,prod_innov,-0.06234224943636636,0.030088544110807098,0.03843963858844882,0.10661682799320517,0.051674414957734234,0.03926125755745077,0.16895907742957153,0.05983678588649273,0.004810493699016486,1920,429,1491,True,ols
R11,T2,DK on innovation/website kept as separate category (DK dummies added) instead of listwise deletion,D3_female,proc_innov,0.0986654153386629,0.0436385425858329,0.023903801494437285,0.011063685292446987,0.06033606520340726,0.8545342860120888,-0.08760173004621591,0.0746866697480189,0.24101269461473693,1920,429,1491,True,ols
R11,T2,DK on innovation/website kept as separate category (DK dummies added) instead of listwise deletion,D3_female,web,0.029060540080930647,0.033545551004256366,0.3864636391516399,0.01078198384472482,0.022997233211757142,0.639253300746675,-0.018278556236205827,0.04050499516852682,0.651862516899397,1920,429,1491,True,ols
R11,T2,DK on innovation/website kept as separate category (DK dummies added) instead of listwise deletion,D3_lowskill,prod_innov,0.005327259368330119,0.04830195722021436,0.9121937920839907,0.04488781268468866,0.056262716778105425,0.42510036258976264,0.03956055331635854,0.07417244843185881,0.5938653512879157,1890,421,1469,True,ols
R11,T2,DK on innovation/website kept as separate category (DK dummies added) instead of listwise deletion,D3_lowskill,proc_innov,-0.03431002920969724,0.043881216521438955,0.43440812939520845,0.008327619497066924,0.07936447725161402,0.9164465709143679,0.04263764870676416,0.0901221668712206,0.6362050998061457,1890,421,1469,True,ols
R11,T2,DK on innovation/website kept as separate category (DK dummies added) instead of listwise deletion,D3_lowskill,web,-0.0714422992512799,0.0410480382078695,0.08198754285599433,0.04670982801102633,0.023628169705560795,0.04824227388142618,0.11815212726230623,0.04673312868849943,0.011567519955445643,1890,421,1469,True,ols
R11,T2,DK on innovation/website kept as separate category (DK dummies added) instead of listwise deletion,D4_energy,prod_innov,-0.7735914091092009,1.2640570400705595,0.5406319416173357,0.2079758112373138,0.44954250644362675,0.6436870699928848,0.9815672203465147,1.3428967800790268,0.4649287513428372,2000,519,1481,True,logit
R11,T2,DK on innovation/website kept as separate category (DK dummies added) instead of listwise deletion,D4_energy,proc_innov,1.7805577971936126,1.2508946336930011,0.15480995053519103,0.672204410440304,0.7077879188709496,0.3423970514688625,-1.1083533867533086,1.4393830475552372,0.4414034278928302,2000,519,1481,True,logit
R11,T2,DK on innovation/website kept as separate category (DK dummies added) instead of listwise deletion,D4_energy,web,1.3708376468198678,0.4180508724918106,0.001064000476648679,0.6017049744059096,0.2919314533100768,0.03945537001807464,-0.7691326724139581,0.48684332361029276,0.1143448126395363,2000,519,1481,True,logit
R11,T2,DK on innovation/website kept as separate category (DK dummies added) instead of listwise deletion,D4_co2,prod_innov,2.340289642620132,0.8444442929040641,0.00564634748543286,-0.31758902555302715,0.41201540354886346,0.4409285697801479,-2.657878668173159,0.95819743100517,0.005604450067652289,2021,521,1500,True,logit
R11,T2,DK on innovation/website kept as separate category (DK dummies added) instead of listwise deletion,D4_co2,proc_innov,-5.741169658607174,1.33401066891629,1.7816902282277732e-05,-0.7381581252142233,0.5651126619467527,0.19166773961051214,5.003011533392951,1.4100501891172734,0.0003992230260081787,2021,521,1500,True,logit
R11,T2,DK on innovation/website kept as separate category (DK dummies added) instead of listwise deletion,D4_co2,web,0.37506080600280656,0.8975831162694194,0.6761082867240947,-0.24245987589540663,0.32639477594229155,0.45768629152309215,-0.6175206818982132,0.9847271429010412,0.5306844083215433,2021,521,1500,True,logit
R12,T2,Fractional logit (quasi-binomial) for D3 shares instead of OLS,D3_female,prod_innov,-0.34464690898080313,0.16602304078229857,0.038075220364203,0.46664326361725356,0.21900879596561457,0.03327742143627297,0.8112901725980567,0.27503196608723746,0.0032295784121378064,1903,418,1485,True,frac
R12,T2,Fractional logit (quasi-binomial) for D3 shares instead of OLS,D3_female,proc_innov,0.5139585125143861,0.19998747701255354,0.010268068218068464,0.04240522837937094,0.2632644500084695,0.872056532495626,-0.4715532841350151,0.3319583864371236,0.15566662641450288,1903,418,1485,True,frac
R12,T2,Fractional logit (quasi-binomial) for D3 shares instead of OLS,D3_female,web,0.15030423657353031,0.18259805329681328,0.4105591583933577,0.05687139608496346,0.10582971684971626,0.5910816579397333,-0.09343284048856686,0.20956428555361575,0.6557754514831031,1903,418,1485,True,frac
R12,T2,Fractional logit (quasi-binomial) for D3 shares instead of OLS,D3_lowskill,prod_innov,0.04332918253943713,0.24896203842923645,0.861858709457213,0.2955165620788399,0.3468990629682487,0.3944202008944345,0.2521873795394028,0.4281361990323524,0.5559287094680144,1872,407,1465,True,frac
R12,T2,Fractional logit (quasi-binomial) for D3 shares instead of OLS,D3_lowskill,proc_innov,-0.17264789794460306,0.2322326486747782,0.45734321835752734,0.05145711725976254,0.4662892245184587,0.9121434083801305,0.2241050152043656,0.5167098050419497,0.6645592207081661,1872,407,1465,True,frac
R12,T2,Fractional logit (quasi-binomial) for D3 shares instead of OLS,D3_lowskill,web,-0.3577368625322357,0.20056211084840123,0.07468490454334233,0.3369023767323591,0.15638393729676558,0.03137770906672969,0.6946392392645948,0.24779666711647716,0.005125797345815528,1872,407,1465,True,frac
