check_id,tier,description,term,coef,se,t,p,ci_low,ci_high,model,outcome_key,outcome,estimator,n,df,weighted,fit,n_treated,n_MAR,n_KOR,wald_F_interactions,wald_p_interactions,ame,ame_se,ame_p,ame_ci_low,ame_ci_high,odds_ratio,y1_among_treated,y1_among_untreated,sparse_cell_flag,p_holm,p_holm_interaction
R01,T2,"Unweighted OLS/logit, HC1-type robust SE",prod_innov,1.8387767911794741,1.0259716963896814,1.7922295494602762,0.07372195040681062,-0.17714231467396901,3.8546958970329173,M1 Morocco,D1_sales,g_sales,ols,494,483,False,0.045010767014236785,72.0,494,0,,,,,,,,,,,,1.0,
R01,T2,"Unweighted OLS/logit, HC1-type robust SE",proc_innov,0.5941899285156091,1.4085546099108597,0.4218437285532099,0.673326774831718,-2.173461615624789,3.361841472656007,M1 Morocco,D1_sales,g_sales,ols,494,483,False,0.045010767014236785,37.0,494,0,,,,,,,,,,,,1.0,
R01,T2,"Unweighted OLS/logit, HC1-type robust SE",web,0.9924080304208385,0.5993746158367744,1.6557391724628816,0.09842416443621851,-0.1852957443331893,2.1701118051748662,M1 Morocco,D1_sales,g_sales,ols,494,483,False,0.045010767014236785,314.0,494,0,,,,,,,,,,,,1.0,
R01,T2,"Unweighted OLS/logit, HC1-type robust SE",prod_innov,1.894466382568344,1.6024587902699403,1.1822247124677783,0.237314473876654,-1.2489744669332912,5.03790723206998,M2 Korea,D1_sales,g_sales,ols,1431,1420,False,0.034195215028669845,111.0,0,1431,,,,,,,,,,,,1.0,
R01,T2,"Unweighted OLS/logit, HC1-type robust SE",proc_innov,-6.167658334692289,2.0417728338842376,-3.0207367990879916,0.0025666576852834493,-10.172873426902717,-2.162443242481862,M2 Korea,D1_sales,g_sales,ols,1431,1420,False,0.034195215028669845,47.0,0,1431,,,,,,,,,,,,0.05133315370566899,
R01,T2,"Unweighted OLS/logit, HC1-type robust SE",web,1.9661089016334585,0.7209832143092375,2.726982906969833,0.006470311814872679,0.5518022739523367,3.3804155293145803,M2 Korea,D1_sales,g_sales,ols,1431,1420,False,0.034195215028669845,593.0,0,1431,,,,,,,,,,,,0.12293592448258091,
R01,T2,"Unweighted OLS/logit, HC1-type robust SE",prod_innov,1.9104976877345043,1.0601214127963365,1.802149890261236,0.07167918714509773,-0.16861755296676462,3.9896129284357733,M3 Pooled,D1_sales,g_sales,ols,1925,1913,False,0.03959405717255482,183.0,494,1431,,,,,,,,,,,,1.0,
R01,T2,"Unweighted OLS/logit, HC1-type robust SE",proc_innov,-3.250901466394851,1.357836537686097,-2.394177337380201,0.0167534539729737,-5.913897049549403,-0.5879058832402992,M3 Pooled,D1_sales,g_sales,ols,1925,1913,False,0.03959405717255482,84.0,494,1431,,,,,,,,,,,,0.2680552635675792,
R01,T2,"Unweighted OLS/logit, HC1-type robust SE",web,1.7300842165102759,0.5409713075827143,3.1981071680881095,0.0014059456638738693,0.669128672361303,2.791039760659249,M3 Pooled,D1_sales,g_sales,ols,1925,1913,False,0.03959405717255482,907.0,494,1431,,,,,,,,,,,,0.028118913277477387,
R01,T2,"Unweighted OLS/logit, HC1-type robust SE",Korea,-2.5563212009908445,0.465478852779208,-5.491809532759573,4.5096880951311886e-08,-3.469220577756209,-1.6434218242254799,M3 Pooled,D1_sales,g_sales,ols,1925,1913,False,0.03959405717255482,,494,1431,,,,,,,,,,,,,
R01,T2,"Unweighted OLS/logit, HC1-type robust SE",prod_innov,1.9201880384344425,1.0194770057014424,1.883503039005057,0.05978403750860311,-0.07921718272603284,3.919593259594918,M4 Pooled x Korea,D1_sales,g_sales,ols,1925,1910,False,0.043699531202676445,183.0,494,1431,3.329811936281175,0.018857280799387467,,,,,,,,,,1.0,
R01,T2,"Unweighted OLS/logit, HC1-type robust SE",proc_innov,0.677941386736118,1.4141687045424898,0.4793921577803865,0.631714554626781,-2.095535872340035,3.4514186458122706,M4 Pooled x Korea,D1_sales,g_sales,ols,1925,1910,False,0.043699531202676445,84.0,494,1431,3.329811936281175,0.018857280799387467,,,,,,,,,,1.0,
R01,T2,"Unweighted OLS/logit, HC1-type robust SE",web,0.9020253861327255,0.587324126249353,1.5358221224335735,0.12474763850891205,-0.2498386755078844,2.0538894477733356,M4 Pooled x Korea,D1_sales,g_sales,ols,1925,1910,False,0.043699531202676445,907.0,494,1431,3.329811936281175,0.018857280799387467,,,,,,,,,,1.0,
R01,T2,"Unweighted OLS/logit, HC1-type robust SE",Korea,-2.817108764313449,0.5838399335913118,-4.825138881790546,1.5100417330862932e-06,-3.962139603671401,-1.6720779249554973,M4 Pooled x Korea,D1_sales,g_sales,ols,1925,1910,False,0.043699531202676445,,494,1431,3.329811936281175,0.018857280799387467,,,,,,,,,,,
R01,T2,"Unweighted OLS/logit, HC1-type robust SE",prod_innov:Korea,-0.04617053859422008,1.8871168774262799,-0.024466178616975316,0.9804833169146635,-3.747196963481655,3.6548558862932152,M4 Pooled x Korea,D1_sales,g_sales,ols,1925,1910,False,0.043699531202676445,,494,1431,3.329811936281175,0.018857280799387467,,,,,,,,,,,1.0
R01,T2,"Unweighted OLS/logit, HC1-type robust SE",proc_innov:Korea,-6.851453399604454,2.4478197466732223,-2.7990024220190692,0.005177579819384438,-11.652134096262984,-2.050772702945924,M4 Pooled x Korea,D1_sales,g_sales,ols,1925,1910,False,0.043699531202676445,,494,1431,3.329811936281175,0.018857280799387467,,,,,,,,,,,0.09837401656830431
R01,T2,"Unweighted OLS/logit, HC1-type robust SE",web:Korea,1.1583625055752673,0.8984287153337617,1.2893204389008666,0.19744282084889456,-0.6036419871527239,2.9203669983032583,M4 Pooled x Korea,D1_sales,g_sales,ols,1925,1910,False,0.043699531202676445,,494,1431,3.329811936281175,0.018857280799387467,,,,,,,,,,,1.0
R01,T2,"Unweighted OLS/logit, HC1-type robust SE",prod_innov,0.13035260700664186,1.106887091601026,0.11776504396496029,0.9063027836129701,-2.044556158832778,2.3052613728460623,M1 Morocco,D1_lp,g_lp,ols,494,483,False,0.009740874185158788,72.0,494,0,,,,,,,,,,,,1.0,
R01,T2,"Unweighted OLS/logit, HC1-type robust SE",proc_innov,-1.702629457416815,1.5739593063754143,-1.0817493505201912,0.2799037001471106,-4.795282645339537,1.3900237305059062,M1 Morocco,D1_lp,g_lp,ols,494,483,False,0.009740874185158788,37.0,494,0,,,,,,,,,,,,1.0,
R01,T2,"Unweighted OLS/logit, HC1-type robust SE",web,0.3310865429304963,0.6767550449930819,0.48922656045198865,0.6249033947811787,-0.9986610806979848,1.6608341665589774,M1 Morocco,D1_lp,g_lp,ols,494,483,False,0.009740874185158788,314.0,494,0,,,,,,,,,,,,1.0,
R01,T2,"Unweighted OLS/logit, HC1-type robust SE",prod_innov,1.3356083897290254,1.7967067459390862,0.7433647103222412,0.4573838728926307,-2.188876242296164,4.860093021754214,M2 Korea,D1_lp,g_lp,ols,1431,1420,False,0.058918666993275304,111.0,0,1431,,,,,,,,,,,,1.0,
R01,T2,"Unweighted OLS/logit, HC1-type robust SE",proc_innov,-5.740014471507002,2.3264531036238445,-2.4672814004142003,0.013731581715906839,-10.303668628971568,-1.1763603140424346,M2 Korea,D1_lp,g_lp,ols,1431,1420,False,0.058918666993275304,47.0,0,1431,,,,,,,,,,,,0.2471684708863231,
R01,T2,"Unweighted OLS/logit, HC1-type robust SE",web,1.3581550103621582,0.8022846255257319,1.6928593259183649,0.09070159837298994,-0.21563539231014928,2.931945413034466,M2 Korea,D1_lp,g_lp,ols,1431,1420,False,0.058918666993275304,593.0,0,1431,,,,,,,,,,,,1.0,
R01,T2,"Unweighted OLS/logit, HC1-type robust SE",prod_innov,0.9298879054155601,1.1730589295789384,0.7927034882632342,0.428048892886572,-1.3707209392780029,3.2304967501091233,M3 Pooled,D1_lp,g_lp,ols,1925,1913,False,0.04447603626406016,183.0,494,1431,,,,,,,,,,,,1.0,
R01,T2,"Unweighted OLS/logit, HC1-type robust SE",proc_innov,-3.9507667745196953,1.4927156814295044,-2.6466974412275417,0.008194866192186805,-6.878287986554766,-1.0232455624846244,M3 Pooled,D1_lp,g_lp,ols,1925,1913,False,0.04447603626406016,84.0,494,1431,,,,,,,,,,,,0.15149060471368023,
R01,T2,"Unweighted OLS/logit, HC1-type robust SE",web,1.4848103849540664,0.5968544033612188,2.487726280634396,0.012940846918526544,0.3142566431569731,2.6553641267511594,M3 Pooled,D1_lp,g_lp,ols,1925,1913,False,0.04447603626406016,907.0,494,1431,,,,,,,,,,,,0.21999439761495124,
R01,T2,"Unweighted OLS/logit, HC1-type robust SE",Korea,0.4674639640346672,0.5428985789642968,0.8610521046609877,0.3893172534554602,-0.5972713540666554,1.5321992821359898,M3 Pooled,D1_lp,g_lp,ols,1925,1913,False,0.04447603626406016,,494,1431,,,,,,,,,,,,,
R01,T2,"Unweighted OLS/logit, HC1-type robust SE",prod_innov,0.06944880526243068,1.1008387776398976,0.06308717195748034,0.9497036904026549,-2.0895236750974693,2.22842128562233,M4 Pooled x Korea,D1_lp,g_lp,ols,1925,1910,False,0.0459723906102546,183.0,494,1431,1.3979808805073735,0.24162065371338756,,,,,,,,,,1.0,
R01,T2,"Unweighted OLS/logit, HC1-type robust SE",proc_innov,-1.4911459494866839,1.6107724990371841,-0.9257334293812408,0.3547014791984168,-4.650203904364985,1.6679120053916172,M4 Pooled x Korea,D1_lp,g_lp,ols,1925,1910,False,0.0459723906102546,84.0,494,1431,1.3979808805073735,0.24162065371338756,,,,,,,,,,1.0,
R01,T2,"Unweighted OLS/logit, HC1-type robust SE",web,0.3302826444910669,0.6960222682180192,0.4745288470966141,0.6351770792275294,-1.034760950740946,1.69532623972308,M4 Pooled x Korea,D1_lp,g_lp,ols,1925,1910,False,0.0459723906102546,907.0,494,1431,1.3979808805073735,0.24162065371338756,,,,,,,,,,1.0,
R01,T2,"Unweighted OLS/logit, HC1-type robust SE",Korea,-0.35951833151602897,0.6922610406256207,-0.5193392527060595,0.6035843579516382,-1.7171853816723242,0.9981487186402663,M4 Pooled x Korea,D1_lp,g_lp,ols,1925,1910,False,0.0459723906102546,,494,1431,1.3979808805073735,0.24162065371338756,,,,,,,,,,,
R01,T2,"Unweighted OLS/logit, HC1-type robust SE",prod_innov:Korea,1.3047545097770623,2.087188107810546,0.6251255001379563,0.531963367951307,-2.7886529697071554,5.39816198926128,M4 Pooled x Korea,D1_lp,g_lp,ols,1925,1910,False,0.0459723906102546,,494,1431,1.3979808805073735,0.24162065371338756,,,,,,,,,,,1.0
R01,T2,"Unweighted OLS/logit, HC1-type robust SE",proc_innov:Korea,-4.156565236949883,2.7758643517311508,-1.4973949409154907,0.1344557544838402,-9.600609238968172,1.2874787650684043,M4 Pooled x Korea,D1_lp,g_lp,ols,1925,1910,False,0.0459723906102546,,494,1431,1.3979808805073735,0.24162065371338756,,,,,,,,,,,1.0
R01,T2,"Unweighted OLS/logit, HC1-type robust SE",web:Korea,1.571257732141442,1.026489280529071,1.5307103171419263,0.12600659974853937,-0.44190000999220236,3.5844154742750867,M4 Pooled x Korea,D1_lp,g_lp,ols,1925,1910,False,0.0459723906102546,,494,1431,1.3979808805073735,0.24162065371338756,,,,,,,,,,,1.0
R01,T2,"Unweighted OLS/logit, HC1-type robust SE",prod_innov,1.683156581831506,1.119062606096713,1.504077227370103,0.13321371793076378,-0.5156642898896622,3.881977453552674,M1 Morocco,D2_emp,g_emp,ols,495,484,False,0.06134268517095198,72.0,495,0,,,,,,,,,,,,1.0,
R01,T2,"Unweighted OLS/logit, HC1-type robust SE",proc_innov,2.3860137981741567,1.6095206456194031,1.4824375224189374,0.1388747106690859,-0.7764970120103247,5.548524608358639,M1 Morocco,D2_emp,g_emp,ols,495,484,False,0.06134268517095198,38.0,495,0,,,,,,,,,,,,1.0,
R01,T2,"Unweighted OLS/logit, HC1-type robust SE",web,0.7227594776637104,0.6567838936225245,1.1004524999498606,0.27168202165495803,-0.5677403796630335,2.013259334990454,M1 Morocco,D2_emp,g_emp,ols,495,484,False,0.06134268517095198,315.0,495,0,,,,,,,,,,,,1.0,
R01,T2,"Unweighted OLS/logit, HC1-type robust SE",prod_innov,0.4201033214063077,0.6189279699185521,0.6787596325006788,0.49739886647067616,-0.793990146179705,1.6341967889923203,M2 Korea,D2_emp,g_emp,ols,1456,1445,False,0.06402084826922261,112.0,0,1456,,,,,,,,,,,,1.0,
R01,T2,"Unweighted OLS/logit, HC1-type robust SE",proc_innov,-0.7422208191552147,0.8639779720562287,-0.8590737763704351,0.3904422997200379,-2.437006097884361,0.9525644595739315,M2 Korea,D2_emp,g_emp,ols,1456,1445,False,0.06402084826922261,48.0,0,1456,,,,,,,,,,,,1.0,
R01,T2,"Unweighted OLS/logit, HC1-type robust SE",web,0.5317685495936126,0.41286095055891237,1.2880088293013146,0.19794910672232754,-0.27810240059286795,1.3416394997800931,M2 Korea,D2_emp,g_emp,ols,1456,1445,False,0.06402084826922261,597.0,0,1456,,,,,,,,,,,,1.0,
R01,T2,"Unweighted OLS/logit, HC1-type robust SE",prod_innov,0.8752172647513516,0.5854203559797397,1.4950236284261376,0.13507099808974068,-0.27290222151960686,2.02333675102231,M3 Pooled,D2_emp,g_emp,ols,1951,1939,False,0.0835754047084436,184.0,495,1456,,,,,,,,,,,,1.0,
R01,T2,"Unweighted OLS/logit, HC1-type robust SE",proc_innov,0.6050914392387284,0.880541659272966,0.6871809333113579,0.49205089728515633,-1.1218164606287693,2.331999339106226,M3 Pooled,D2_emp,g_emp,ols,1951,1939,False,0.0835754047084436,86.0,495,1456,,,,,,,,,,,,1.0,
R01,T2,"Unweighted OLS/logit, HC1-type robust SE",web,0.22793259987232753,0.3512092434231743,0.6489937384640246,0.5164192824364967,-0.46085481931092664,0.9167200190555816,M3 Pooled,D2_emp,g_emp,ols,1951,1939,False,0.0835754047084436,912.0,495,1456,,,,,,,,,,,,1.0,
R01,T2,"Unweighted OLS/logit, HC1-type robust SE",Korea,-3.160663888594324,0.3796467966973988,-8.32527474507723,1.5678136168183519e-16,-3.9052227013113137,-2.416105075877334,M3 Pooled,D2_emp,g_emp,ols,1951,1939,False,0.0835754047084436,,495,1456,,,,,,,,,,,,,
R01,T2,"Unweighted OLS/logit, HC1-type robust SE",prod_innov,1.8295422687734724,1.159736720982236,1.577549659050156,0.11483247686707042,-0.4449218892224378,4.1040064267693825,M4 Pooled x Korea,D2_emp,g_emp,ols,1951,1936,False,0.08740170282640791,184.0,495,1456,2.5295904992010807,0.055640194636507115,,,,,,,,,,1.0,
R01,T2,"Unweighted OLS/logit, HC1-type robust SE",proc_innov,2.2641092101518905,1.6293642605653824,1.389566019673375,0.16482047606914219,-0.9313838219534851,5.459602242257266,M4 Pooled x Korea,D2_emp,g_emp,ols,1951,1936,False,0.08740170282640791,86.0,495,1456,2.5295904992010807,0.055640194636507115,,,,,,,,,,1.0,
R01,T2,"Unweighted OLS/logit, HC1-type robust SE",web,0.6215155940649616,0.6546697627371115,0.9493574156632261,0.3425573521896488,-0.6624162533358197,1.9054474414657427,M4 Pooled x Korea,D2_emp,g_emp,ols,1951,1936,False,0.08740170282640791,912.0,495,1456,2.5295904992010807,0.055640194636507115,,,,,,,,,,1.0,
R01,T2,"Unweighted OLS/logit, HC1-type robust SE",Korea,-2.5023717534317687,0.5672161594960842,-4.411672184471755,1.0821265854928841e-05,-3.614790461289253,-1.3899530455742841,M4 Pooled x Korea,D2_emp,g_emp,ols,1951,1936,False,0.08740170282640791,,495,1456,2.5295904992010807,0.055640194636507115,,,,,,,,,,,
R01,T2,"Unweighted OLS/logit, HC1-type robust SE",prod_innov:Korea,-1.4724934621543437,1.3141992825688653,-1.1204491447264078,0.262661383420198,-4.0498880643837305,1.104901140075043,M4 Pooled x Korea,D2_emp,g_emp,ols,1951,1936,False,0.08740170282640791,,495,1456,2.5295904992010807,0.055640194636507115,,,,,,,,,,,1.0
R01,T2,"Unweighted OLS/logit, HC1-type robust SE",proc_innov:Korea,-3.0500028071955225,1.8238246508545546,-1.6723114284953002,0.09462450997603294,-6.626869628593367,0.5268640142023222,M4 Pooled x Korea,D2_emp,g_emp,ols,1951,1936,False,0.08740170282640791,,495,1456,2.5295904992010807,0.055640194636507115,,,,,,,,,,,1.0
R01,T2,"Unweighted OLS/logit, HC1-type robust SE",web:Korea,-0.5023162719982303,0.7566780617931229,-0.6638441067101591,0.5068691379617376,-1.9863057840597649,0.9816732400633045,M4 Pooled x Korea,D2_emp,g_emp,ols,1951,1936,False,0.08740170282640791,,495,1456,2.5295904992010807,0.055640194636507115,,,,,,,,,,,1.0
R01,T2,"Unweighted OLS/logit, HC1-type robust SE",prod_innov,-0.03641839890314408,0.02695450729606567,-1.351106087866046,0.17741203325623076,-0.08940583182285092,0.01656903401656277,M1 Morocco,D3_female,female_share,ols,418,407,False,0.08009082560263803,68.0,418,0,,,,,,,,,,,,1.0,
R01,T2,"Unweighted OLS/logit, HC1-type robust SE",proc_innov,0.09899783679692387,0.03891764429833712,2.5437777281178824,0.01133495433648027,0.022493152663738303,0.17550252093010943,M1 Morocco,D3_female,female_share,ols,418,407,False,0.08009082560263803,35.0,418,0,,,,,,,,,,,,0.21536413239312513,
R01,T2,"Unweighted OLS/logit, HC1-type robust SE",web,0.0405828363350722,0.024397151630203225,1.6634251797177584,0.09699712014085216,-0.007377321913711703,0.08854299458385612,M1 Morocco,D3_female,female_share,ols,418,407,False,0.08009082560263803,264.0,418,0,,,,,,,,,,,,1.0,
R01,T2,"Unweighted OLS/logit, HC1-type robust SE",prod_innov,0.05769025877711857,0.02646405303774902,2.179947973004274,0.02941909082711038,0.005779042010310181,0.10960147554392696,M2 Korea,D3_female,female_share,ols,1485,1474,False,0.096193287219277,116.0,0,1485,,,,,,,,,,,,0.47070545323376606,
R01,T2,"Unweighted OLS/logit, HC1-type robust SE",proc_innov,-0.005169701485564874,0.0386474297339758,-0.13376572571966092,0.8936060907382755,-0.08097952167972286,0.0706401187085931,M2 Korea,D3_female,female_share,ols,1485,1474,False,0.096193287219277,48.0,0,1485,,,,,,,,,,,,1.0,
R01,T2,"Unweighted OLS/logit, HC1-type robust SE",web,0.01605154394050463,0.014547597214999906,1.1033811084592045,0.27004179901977343,-0.01248465462994354,0.0445877425109528,M2 Korea,D3_female,female_share,ols,1485,1474,False,0.096193287219277,601.0,0,1485,,,,,,,,,,,,1.0,
R01,T2,"Unweighted OLS/logit, HC1-type robust SE",prod_innov,0.01738359664644971,0.01985345668918215,0.8755954652431771,0.3813611941761184,-0.021553385395694544,0.05632057868859397,M3 Pooled,D3_female,female_share,ols,1903,1891,False,0.057014559762892825,184.0,418,1485,,,,,,,,,,,,1.0,
R01,T2,"Unweighted OLS/logit, HC1-type robust SE",proc_innov,0.035617994791745274,0.028707931463795005,1.240702237173197,0.21486967224464462,-0.020684553896512456,0.091920543480003,M3 Pooled,D3_female,female_share,ols,1903,1891,False,0.057014559762892825,83.0,418,1485,,,,,,,,,,,,1.0,
R01,T2,"Unweighted OLS/logit, HC1-type robust SE",web,0.01991597263429752,0.012426449909841899,1.6027081570999477,0.10916611059344979,-0.004455020516268587,0.04428696578486363,M3 Pooled,D3_female,female_share,ols,1903,1891,False,0.057014559762892825,865.0,418,1485,,,,,,,,,,,,1.0,
R01,T2,"Unweighted OLS/logit, HC1-type robust SE",Korea,0.03448790953927449,0.014568119001856119,2.3673550123307203,0.018015901999222268,0.0059166336731341675,0.06305918540541482,M3 Pooled,D3_female,female_share,ols,1903,1891,False,0.057014559762892825,,418,1485,,,,,,,,,,,,,
R01,T2,"Unweighted OLS/logit, HC1-type robust SE",prod_innov,-0.03714545146186083,0.027904745767273233,-1.3311517607669847,0.18329979554305423,-0.09187283257144754,0.017581929647725876,M4 Pooled x Korea,D3_female,female_share,ols,1903,1888,False,0.061053307801963275,184.0,418,1485,3.057220191277986,0.027338292751911204,,,,,,,,,,1.0,
R01,T2,"Unweighted OLS/logit, HC1-type robust SE",proc_innov,0.10540656433578409,0.04122465296288064,2.5568817869902727,0.010639104880161085,0.024555897835320847,0.18625723083624734,M4 Pooled x Korea,D3_female,female_share,ols,1903,1888,False,0.061053307801963275,83.0,418,1485,3.057220191277986,0.027338292751911204,,,,,,,,,,0.2021429927230606,
R01,T2,"Unweighted OLS/logit, HC1-type robust SE",web,0.04468653795723826,0.025163795778923175,1.7758266022277547,0.07592253846789813,-0.004665233717817165,0.09403830963229368,M4 Pooled x Korea,D3_female,female_share,ols,1903,1888,False,0.061053307801963275,865.0,418,1485,3.057220191277986,0.027338292751911204,,,,,,,,,,1.0,
R01,T2,"Unweighted OLS/logit, HC1-type robust SE",Korea,0.0504230662417141,0.02308902495944355,2.183854291390974,0.029095651731089862,0.005140379241347921,0.09570575324208028,M4 Pooled x Korea,D3_female,female_share,ols,1903,1888,False,0.061053307801963275,,418,1485,3.057220191277986,0.027338292751911204,,,,,,,,,,,
R01,T2,"Unweighted OLS/logit, HC1-type robust SE",prod_innov:Korea,0.08743551030538915,0.03818996970984055,2.2894888623820857,0.022160868114056653,0.01253652916773558,0.16233449144304274,M4 Pooled x Korea,D3_female,female_share,ols,1903,1888,False,0.061053307801963275,,418,1485,3.057220191277986,0.027338292751911204,,,,,,,,,,,0.39889562605301976
R01,T2,"Unweighted OLS/logit, HC1-type robust SE",proc_innov:Korea,-0.1193585747728577,0.05671662292887415,-2.104472526908735,0.03546913378743197,-0.23059242238302097,-0.008124727162694426,M4 Pooled x Korea,D3_female,female_share,ols,1903,1888,False,0.061053307801963275,,418,1485,3.057220191277986,0.027338292751911204,,,,,,,,,,,0.6029752743863435
R01,T2,"Unweighted OLS/logit, HC1-type robust SE",web:Korea,-0.034668156452495116,0.02899618377598037,-1.1956110059287612,0.23199853975419374,-0.09153608900656254,0.022199776101572304,M4 Pooled x Korea,D3_female,female_share,ols,1903,1888,False,0.061053307801963275,,418,1485,3.057220191277986,0.027338292751911204,,,,,,,,,,,1.0
R01,T2,"Unweighted OLS/logit, HC1-type robust SE",prod_innov,0.03922246281213689,0.02836447838394712,1.3828021894573197,0.167504767485481,-0.016541324744229806,0.09498625036850358,M1 Morocco,D3_lowskill,lowskill_prod_share,ols,407,396,False,0.12096353096168921,69.0,407,0,,,,,,,,,,,,1.0,
R01,T2,"Unweighted OLS/logit, HC1-type robust SE",proc_innov,-0.004313229318675791,0.04020085638715672,-0.10729197600013743,0.914611685646004,-0.0833470118128441,0.0747205531754925,M1 Morocco,D3_lowskill,lowskill_prod_share,ols,407,396,False,0.12096353096168921,36.0,407,0,,,,,,,,,,,,1.0,
R01,T2,"Unweighted OLS/logit, HC1-type robust SE",web,-0.10145750450294636,0.02491133069905095,-4.0727452791918335,5.613329660390038e-05,-0.15043249829780714,-0.052482510708085565,M1 Morocco,D3_lowskill,lowskill_prod_share,ols,407,396,False,0.12096353096168921,254.0,407,0,,,,,,,,,,,,0.001178799228681908,
R01,T2,"Unweighted OLS/logit, HC1-type robust SE",prod_innov,0.05024884889069105,0.028388431243534285,1.7700466947125042,0.07692889452243795,-0.005437808945238126,0.10593550672662022,M2 Korea,D3_lowskill,lowskill_prod_share,ols,1465,1454,False,0.07252194429865899,113.0,0,1465,,,,,,,,,,,,1.0,
R01,T2,"Unweighted OLS/logit, HC1-type robust SE",proc_innov,0.012316572781990574,0.042022457599211666,0.2930950136105707,0.7694913517100036,-0.07011454846163637,0.09474769402561753,M2 Korea,D3_lowskill,lowskill_prod_share,ols,1465,1454,False,0.07252194429865899,45.0,0,1465,,,,,,,,,,,,1.0,
R01,T2,"Unweighted OLS/logit, HC1-type robust SE",web,0.014315255005743205,0.01474138323380729,0.9710930635676834,0.33166345024331967,-0.014601396186678587,0.043231906198165,M2 Korea,D3_lowskill,lowskill_prod_share,ols,1465,1454,False,0.07252194429865899,588.0,0,1465,,,,,,,,,,,,1.0,
R01,T2,"Unweighted OLS/logit, HC1-type robust SE",prod_innov,0.04671974811875588,0.021618160012474224,2.161134346854561,0.03081222562874093,0.004321343318848904,0.08911815291866285,M3 Pooled,D3_lowskill,lowskill_prod_share,ols,1872,1860,False,0.1191419688251032,182.0,407,1465,,,,,,,,,,,,0.46218338443111395,
R01,T2,"Unweighted OLS/logit, HC1-type robust SE",proc_innov,-0.004831151700456143,0.031026631430090216,-0.15570983628505675,0.8762786398545277,-0.06568182901024647,0.056019525609334174,M3 Pooled,D3_lowskill,lowskill_prod_share,ols,1872,1860,False,0.1191419688251032,81.0,407,1465,,,,,,,,,,,,1.0,
R01,T2,"Unweighted OLS/logit, HC1-type robust SE",web,-0.013649008103069047,0.01271476729156507,-1.073476831315957,0.2831964742512413,-0.03858572104502741,0.011287704838889315,M3 Pooled,D3_lowskill,lowskill_prod_share,ols,1872,1860,False,0.1191419688251032,842.0,407,1465,,,,,,,,,,,,1.0,
R01,T2,"Unweighted OLS/logit, HC1-type robust SE",Korea,-0.13072734124987484,0.015529081853994585,-8.418227328504132,7.521384210208817e-17,-0.16118360109051966,-0.10027108140923002,M3 Pooled,D3_lowskill,lowskill_prod_share,ols,1872,1860,False,0.1191419688251032,,407,1465,,,,,,,,,,,,,
R01,T2,"Unweighted OLS/logit, HC1-type robust SE",prod_innov,0.0319715741321714,0.031064476479564014,1.0292004809160111,0.30351950712567954,-0.028953390499218294,0.0928965387635611,M4 Pooled x Korea,D3_lowskill,lowskill_prod_share,ols,1872,1857,False,0.12700313047180378,182.0,407,1465,5.123436589140896,0.0015691493671725178,,,,,,,,,,1.0,
R01,T2,"Unweighted OLS/logit, HC1-type robust SE",proc_innov,-0.012489427216063678,0.04314206458218828,-0.289495353016093,0.7722346525705929,-0.0971014682567064,0.07212261382457905,M4 Pooled x Korea,D3_lowskill,lowskill_prod_share,ols,1872,1857,False,0.12700313047180378,81.0,407,1465,5.123436589140896,0.0015691493671725178,,,,,,,,,,1.0,
R01,T2,"Unweighted OLS/logit, HC1-type robust SE",web,-0.09430783348280455,0.025612479347939632,-3.68210481311295,0.00023792762678899983,-0.14454011083735668,-0.04407555612825241,M4 Pooled x Korea,D3_lowskill,lowskill_prod_share,ols,1872,1857,False,0.12700313047180378,842.0,407,1465,5.123436589140896,0.0015691493671725178,,,,,,,,,,0.004996480162568997,
R01,T2,"Unweighted OLS/logit, HC1-type robust SE",Korea,-0.19587639852236038,0.022734276114518323,-8.615906551661519,1.457517808844251e-17,-0.24046382200939273,-0.15128897503532804,M4 Pooled x Korea,D3_lowskill,lowskill_prod_share,ols,1872,1857,False,0.12700313047180378,,407,1465,5.123436589140896,0.0015691493671725178,,,,,,,,,,,
R01,T2,"Unweighted OLS/logit, HC1-type robust SE",prod_innov:Korea,0.016749818675335204,0.04210885620747564,0.39777424950244994,0.6908423202998335,-0.06583585041831418,0.09933548776898458,M4 Pooled x Korea,D3_lowskill,lowskill_prod_share,ols,1872,1857,False,0.12700313047180378,,407,1465,5.123436589140896,0.0015691493671725178,,,,,,,,,,,1.0
R01,T2,"Unweighted OLS/logit, HC1-type robust SE",proc_innov:Korea,0.02314503106373649,0.059616454358484394,0.3882322642765919,0.6978886594949716,-0.09377727971877237,0.14006734184624534,M4 Pooled x Korea,D3_lowskill,lowskill_prod_share,ols,1872,1857,False,0.12700313047180378,,407,1465,5.123436589140896,0.0015691493671725178,,,,,,,,,,,1.0
R01,T2,"Unweighted OLS/logit, HC1-type robust SE",web:Korea,0.10658510231734966,0.029324521582174575,3.634674892092333,0.000285904990205627,0.049072610793414455,0.16409759384128486,M4 Pooled x Korea,D3_lowskill,lowskill_prod_share,ols,1872,1857,False,0.12700313047180378,,407,1465,5.123436589140896,0.0015691493671725178,,,,,,,,,,,0.006004004794318167
R01,T2,"Unweighted OLS/logit, HC1-type robust SE",prod_innov,1.0174295301521905,0.3430286975332912,2.9660186960114268,0.003163782961772532,0.343444267380964,1.6914147929234171,M1 Morocco,D4_energy,env_energy_mgmt,logit,502,491,False,0.10538588964642259,74.0,502,0,,,0.15317755317428386,0.05885552289334274,0.009531593021094789,0.03753779665228686,0.26881730969628087,2.766075504282532,23.0,60.0,False,0.06327565923545064,
R01,T2,"Unweighted OLS/logit, HC1-type robust SE",proc_innov,0.3365897232524981,0.5010576291043628,0.6717585038155192,0.5020533896203646,-0.6478919257869593,1.3210713722919554,M1 Morocco,D4_energy,env_energy_mgmt,logit,502,491,False,0.10538588964642259,39.0,502,0,,,0.045013459508437076,0.07231710193436203,0.5339378792118179,-0.09707570475267915,0.1871026237695533,1.4001644909463535,10.0,73.0,False,1.0,
R01,T2,"Unweighted OLS/logit, HC1-type robust SE",web,-0.4931470216609641,0.26041239750698747,-1.8937156079434805,0.05885033353618578,-1.0048071813640695,0.01851313804214144,M1 Morocco,D4_energy,env_energy_mgmt,logit,502,491,False,0.10538588964642259,317.0,502,0,,,-0.06339504329221686,0.03385087025518381,0.06169354390954927,-0.12990547769037838,0.003115391105944665,0.6107014761199195,47.0,36.0,False,0.9416053365789725,
R01,T2,"Unweighted OLS/logit, HC1-type robust SE",prod_innov,0.884349337656716,0.2405805120226313,3.675897645331828,0.0002455678910381456,0.41243031064111657,1.3562683646723155,M2 Korea,D4_energy,env_energy_mgmt,logit,1476,1465,False,0.1662329924122159,116.0,0,1476,,,0.12429398743327544,0.03904059138841011,0.001484567729400776,0.047712564660349635,0.20087541020620125,2.421408359571557,49.0,198.0,False,0.005156925711801057,
R01,T2,"Unweighted OLS/logit, HC1-type robust SE",proc_innov,0.40316514296480455,0.3663696480397718,1.1004327053889529,0.2713244158846651,-0.3154999158854833,1.1218302018150923,M2 Korea,D4_energy,env_energy_mgmt,logit,1476,1465,False,0.1662329924122159,47.0,0,1476,,,0.05166693162521713,0.05119554334706123,0.31304173355348136,-0.04875745770190902,0.1520913209523433,1.496554016624842,21.0,226.0,False,1.0,
R01,T2,"Unweighted OLS/logit, HC1-type robust SE",web,0.39914717638756025,0.1718636377255799,2.32246437739722,0.02034438787804389,0.0620221116309122,0.7362722411442083,M2 Korea,D4_energy,env_energy_mgmt,logit,1476,1465,False,0.1662329924122159,598.0,0,1476,,,0.0475400065352426,0.02071932674960306,0.021904026800024175,0.006897294297722879,0.08818271877276232,1.4905529766674164,157.0,90.0,False,0.3458545939267461,
R01,T2,"Unweighted OLS/logit, HC1-type robust SE",prod_innov,0.9925498332260329,0.19681156152995416,5.043148001622708,5.000008530071419e-07,0.6065686346965176,1.3785310317555481,M3 Pooled,D4_energy,env_energy_mgmt,logit,1978,1966,False,0.1405627358937107,190.0,502,1476,,,0.14612339230188612,0.03363634708738482,1.4689805774840138e-05,0.08015675161260127,0.21209003299117096,2.698105427598186,72.0,258.0,False,1.0500017913149979e-05,
R01,T2,"Unweighted OLS/logit, HC1-type robust SE",proc_innov,0.328179672164463,0.3014046851249391,1.0888340107534327,0.27636054154677725,-0.2629265652057896,0.9192859095347156,M3 Pooled,D4_energy,env_energy_mgmt,logit,1978,1966,False,0.1405627358937107,86.0,502,1476,,,0.04252337895387296,0.04206615537986469,0.31220345074622646,-0.039975560360613414,0.12502231826835933,1.3884384136149077,31.0,299.0,False,1.0,
R01,T2,"Unweighted OLS/logit, HC1-type robust SE",web,0.14886304146914417,0.14495477082910987,1.0269620007515436,0.304564690869316,-0.13541810412135838,0.43314418705964675,M3 Pooled,D4_energy,env_energy_mgmt,logit,1978,1966,False,0.1405627358937107,915.0,502,1476,,,0.0178786641603096,0.01746158084246097,0.306015196831732,-0.01636648815391216,0.05212381647453136,1.160514036026925,204.0,126.0,False,1.0,
R01,T2,"Unweighted OLS/logit, HC1-type robust SE",Korea,0.11828834354823443,0.15426167237422045,0.766803196981302,0.44329060203505016,-0.18424523083787647,0.4208219179343453,M3 Pooled,D4_energy,env_energy_mgmt,logit,1978,1966,False,0.1405627358937107,,502,1476,,,,,,,,1.1255686150290642,,,,,
R01,T2,"Unweighted OLS/logit, HC1-type robust SE",prod_innov,1.084186671854356,0.3565038771934047,3.0411637606571684,0.00238783729057846,0.38502081861147586,1.7833525250972362,M4 Pooled x Korea,D4_energy,env_energy_mgmt,logit,1978,1963,False,0.1452114379067413,190.0,502,1476,2.8581534712787753,0.035783607502778536,0.1609235372489485,0.06190785414295942,0.009408550384741275,0.03951151220997161,0.2823355622879254,2.957033801612927,72.0,258.0,False,0.047756745811569204,
R01,T2,"Unweighted OLS/logit, HC1-type robust SE",proc_innov,0.2747814385302637,0.5338209798324435,0.5147445471635688,0.606789490517656,-0.7721339660980632,1.3216968431585907,M4 Pooled x Korea,D4_energy,env_energy_mgmt,logit,1978,1963,False,0.1452114379067413,86.0,502,1476,2.8581534712787753,0.035783607502778536,0.03494858936045712,0.07226417697397577,0.6287076718216237,-0.10677397856969323,0.17667115729060745,1.3162429634308321,31.0,299.0,False,1.0,
R01,T2,"Unweighted OLS/logit, HC1-type robust SE",web,-0.49165528208005094,0.26694729127155303,-1.8417691362895792,0.06565969649235559,-1.015185158226385,0.031874594066283124,M4 Pooled x Korea,D4_energy,env_energy_mgmt,logit,1978,1963,False,0.1452114379067413,915.0,502,1476,2.8581534712787753,0.035783607502778536,-0.05818912781533423,0.031127857548499484,0.0617217265942867,-0.11923624812677104,0.0028579924961025793,0.6116131635149923,204.0,126.0,False,1.0,
R01,T2,"Unweighted OLS/logit, HC1-type robust SE",Korea,-0.40254560579375664,0.23531147304606623,-1.7106926431715104,0.08729586521696273,-0.8640321627571701,0.05894095116965675,M4 Pooled x Korea,D4_energy,env_energy_mgmt,logit,1978,1963,False,0.1452114379067413,,502,1476,2.8581534712787753,0.035783607502778536,,,,,,0.6686158454744745,,,,,
R01,T2,"Unweighted OLS/logit, HC1-type robust SE",prod_innov:Korea,-0.19985677440589467,0.4272992254394989,-0.4677208909057391,0.6400361188355552,-1.0378645680276017,0.6381510192158123,M4 Pooled x Korea,D4_energy,env_energy_mgmt,logit,1978,1963,False,0.1452114379067413,,502,1476,2.8581534712787753,0.035783607502778536,,,,,,0.8188480246744503,,,,,1.0
R01,T2,"Unweighted OLS/logit, HC1-type robust SE",proc_innov:Korea,0.14561528049634556,0.6405038087030673,0.22734490961294454,0.8201792287896016,-1.1105236300890544,1.4017541910817455,M4 Pooled x Korea,D4_energy,env_energy_mgmt,logit,1978,1963,False,0.1452114379067413,,502,1476,2.8581534712787753,0.035783607502778536,,,,,,1.1567510777344985,,,,,1.0
R01,T2,"Unweighted OLS/logit, HC1-type robust SE",web:Korea,0.8863829960372194,0.30935896205531593,2.865224883573041,0.0042114749188003845,0.2796764873548555,1.4930895047195833,M4 Pooled x Korea,D4_energy,env_energy_mgmt,logit,1978,1963,False,0.1452114379067413,,502,1476,2.8581534712787753,0.035783607502778536,,,,,,2.4263376875603293,,,,,0.08422949837600768
R01,T2,"Unweighted OLS/logit, HC1-type robust SE",prod_innov,1.0884211425838188,0.4783778809824133,2.2752330027228678,0.023320396461841895,0.14851024837507387,2.028332036792564,M1 Morocco,D4_co2,env_co2_monitor,logit,504,493,False,0.20191461548852585,74.0,504,0,,,0.08508525195347715,0.04485907592133179,0.05844870800391584,-0.003053300932806924,0.17322380483976121,2.9695818230570423,8.0,32.0,False,0.4197671363131541,
R01,T2,"Unweighted OLS/logit, HC1-type robust SE",proc_innov,-2.1071986568500973,1.0878650776443053,-1.9370036782622775,0.05331584336780345,-4.244622393514701,0.030225079814506284,M1 Morocco,D4_co2,env_co2_monitor,logit,504,493,False,0.20191461548852585,39.0,504,0,,,-0.07472981743880593,0.019192674226794045,0.0001123411591517014,-0.11243934438791316,-0.037020290489698696,0.12157807173356908,1.0,39.0,True,0.9063693372526587,
R01,T2,"Unweighted OLS/logit, HC1-type robust SE",web,0.06370398039719616,0.3653479820959017,0.17436521759814794,0.8616500268586179,-0.6541271781921446,0.7815351389865369,M1 Morocco,D4_co2,env_co2_monitor,logit,504,493,False,0.20191461548852585,318.0,504,0,,,0.003884369276169849,0.02222439987077994,0.8613246587397275,-0.039781854406453626,0.047550592958793325,1.065776861218025,26.0,14.0,False,1.0,
R01,T2,"Unweighted OLS/logit, HC1-type robust SE",prod_innov,0.5722530523745637,0.27005066364422164,2.1190581228434926,0.034251264480852917,0.04253143763252576,1.1019746671166017,M2 Korea,D4_co2,env_co2_monitor,logit,1495,1484,False,0.1710759326139103,116.0,0,1495,,,0.05831143566140576,0.03107173219364494,0.06075921175956998,-0.0026377504221884035,0.11926062174499992,1.7722555411637468,30.0,146.0,False,0.5137689672127937,
R01,T2,"Unweighted OLS/logit, HC1-type robust SE",proc_innov,-0.1611743167880203,0.40873011450963104,-0.39432943907592233,0.6933944899147929,-0.9629245266559923,0.6405758930799517,M2 Korea,D4_co2,env_co2_monitor,logit,1495,1484,False,0.1710759326139103,48.0,0,1495,,,-0.013719392465483194,0.03327644547363335,0.6801898006006546,-0.0789932643800935,0.051554479449127125,0.8511436895407234,11.0,165.0,False,1.0,
R01,T2,"Unweighted OLS/logit, HC1-type robust SE",web,0.05685410944469392,0.2016165606413527,0.28199126730382695,0.7779895256915625,-0.33862964393862643,0.4523378628280143,M2 Korea,D4_co2,env_co2_monitor,logit,1495,1484,False,0.1710759326139103,606.0,0,1495,,,0.005060509704181906,0.017960216352072726,0.7781651579653729,-0.03016960111558053,0.04029062052394434,1.0585013737771394,109.0,67.0,False,1.0,
R01,T2,"Unweighted OLS/logit, HC1-type robust SE",prod_innov,0.6203552922378807,0.23357723867093022,2.655889314248866,0.007973189721772644,0.1622732828602219,1.0784373016155393,M3 Pooled,D4_co2,env_co2_monitor,logit,1999,1987,False,0.1644899897537051,190.0,504,1495,,,0.059917951612181934,0.025765980249473,0.020147191399604174,0.00938677796947978,0.1104491252548841,1.8595886218929214,38.0,178.0,False,0.15149060471368023,
R01,T2,"Unweighted OLS/logit, HC1-type robust SE",proc_innov,-0.5690378412115367,0.3793087317236063,-1.5001970522159813,0.13372223582692147,-1.3129224208525812,0.17484673842950793,M3 Pooled,D4_co2,env_co2_monitor,logit,1999,1987,False,0.1644899897537051,87.0,504,1495,,,-0.04037019360801157,0.022647033003496894,0.07480700969802696,-0.08478461704975564,0.004044229833732496,0.5660698258219113,12.0,204.0,False,1.0,
R01,T2,"Unweighted OLS/logit, HC1-type robust SE",web,0.07802030512655969,0.17316158327436004,0.45056359298207066,0.6523532689123155,-0.2615770223557078,0.4176176326088271,M3 Pooled,D4_co2,env_co2_monitor,logit,1999,1987,False,0.1644899897537051,924.0,504,1495,,,0.006483760931976618,0.014390073944350129,0.6523473831519085,-0.021737456276639106,0.03470497814059234,1.081144611225368,135.0,81.0,False,1.0,
R01,T2,"Unweighted OLS/logit, HC1-type robust SE",Korea,0.5837247034666522,0.19947926785449588,2.92624245990532,0.0034697775927166386,0.1925142226513223,0.974935184281982,M3 Pooled,D4_co2,env_co2_monitor,logit,1999,1987,False,0.1644899897537051,,504,1495,,,,,,,,1.7927032989080565,,,,,
R01,T2,"Unweighted OLS/logit, HC1-type robust SE",prod_innov,0.8131955889533036,0.4656584568545606,1.7463348447407012,0.08090754498270454,-0.10003533801898368,1.7264265159255907,M4 Pooled x Korea,D4_co2,env_co2_monitor,logit,1999,1984,False,0.16618555834230886,190.0,504,1495,0.6553905784572407,0.5795576457771299,0.08209677073355473,0.055637204835059455,0.14021717012093818,-0.0270167123305739,0.19121025379768336,2.255102866423142,38.0,178.0,False,1.0,
R01,T2,"Unweighted OLS/logit, HC1-type robust SE",proc_innov,-1.8224965043949894,1.0452422351809771,-1.7436116175303953,0.08138172675403385,-3.872384187725615,0.22739117893563598,M4 Pooled x Korea,D4_co2,env_co2_monitor,logit,1999,1984,False,0.16618555834230886,87.0,504,1495,0.6553905784572407,0.5795576457771299,-0.09110457761400365,0.027039100745068583,0.000767838668064359,-0.14413259133185266,-0.038076563896154624,0.1616217574301769,12.0,204.0,False,1.0,
R01,T2,"Unweighted OLS/logit, HC1-type robust SE",web,0.15705069900750784,0.359590669447644,0.43674853757676335,0.6623412511059549,-0.5481642832532423,0.8622656812682581,M4 Pooled x Korea,D4_co2,env_co2_monitor,logit,1999,1984,False,0.16618555834230886,924.0,504,1495,0.6553905784572407,0.5795576457771299,0.013033080525395053,0.029904605250677146,0.6630133988659141,-0.04561464716388411,0.07168080821467422,1.1700549330210244,135.0,81.0,False,1.0,
R01,T2,"Unweighted OLS/logit, HC1-type robust SE",Korea,0.6073914299382798,0.3326214219247324,1.826074299194488,0.06798929571470248,-0.044932531977947665,1.2597153918545072,M4 Pooled x Korea,D4_co2,env_co2_monitor,logit,1999,1984,False,0.16618555834230886,,504,1495,0.6553905784572407,0.5795576457771299,,,,,,1.835636760827452,,,,,
R01,T2,"Unweighted OLS/logit, HC1-type robust SE",prod_innov:Korea,-0.24615922901261786,0.5406044726756708,-0.45534071850030394,0.6489139617105354,-1.3063713145866676,0.8140528565614319,M4 Pooled x Korea,D4_co2,env_co2_monitor,logit,1999,1984,False,0.16618555834230886,,504,1495,0.6553905784572407,0.5795576457771299,,,,,,0.7817977301335128,,,,,1.0
R01,T2,"Unweighted OLS/logit, HC1-type robust SE",proc_innov:Korea,1.5450900595288926,1.1177454416130606,1.3823273189100327,0.16702681115749113,-0.6469880413573077,3.737168160415093,M4 Pooled x Korea,D4_co2,env_co2_monitor,logit,1999,1984,False,0.16618555834230886,,504,1495,0.6553905784572407,0.5795576457771299,,,,,,4.688393842550185,,,,,1.0
R01,T2,"Unweighted OLS/logit, HC1-type robust SE",web:Korea,-0.08832163734853381,0.4060124023608615,-0.21753433352027024,0.8278143220361007,-0.8845770840440111,0.7079338093469435,M4 Pooled x Korea,D4_co2,env_co2_monitor,logit,1999,1984,False,0.16618555834230886,,504,1495,0.6553905784572407,0.5795576457771299,,,,,,0.915466381185966,,,,,1.0
R02a,T2,Weights wmedian (instead of wstrict),prod_innov,0.9860658228560589,0.9924141840319622,0.9936031132182016,0.3210369632008058,-0.9651323816734055,2.9372640273855235,M1 Morocco,D1_sales,g_sales,ols,494,387,True,0.04455719209246345,72.0,494,0,,,,,,,,,,,,1.0,
R02a,T2,Weights wmedian (instead of wstrict),proc_innov,1.2896159411208232,1.5777572746627295,0.8173728379078454,0.41421830838980295,-1.8124327911916025,4.391664673433249,M1 Morocco,D1_sales,g_sales,ols,494,387,True,0.04455719209246345,37.0,494,0,,,,,,,,,,,,1.0,
R02a,T2,Weights wmedian (instead of wstrict),web,0.5764040626951419,1.1481792504287667,0.5020157457817621,0.61594193965719,-1.6810458286522822,2.8338539540425662,M1 Morocco,D1_sales,g_sales,ols,494,387,True,0.04455719209246345,314.0,494,0,,,,,,,,,,,,1.0,
R02a,T2,Weights wmedian (instead of wstrict),prod_innov,9.0417246124725,3.87408805180223,2.3338975499708323,0.01977740412434241,1.4404297820347098,16.64301944291029,M2 Korea,D1_sales,g_sales,ols,1431,1119,True,0.08704170889879104,111.0,0,1431,,,,,,,,,,,,0.3772219849828076,
R02a,T2,Weights wmedian (instead of wstrict),proc_innov,-13.468994229045812,4.988788296665598,-2.6998528356170586,0.0070416154144608825,-23.25742706343938,-3.680561394652244,M2 Korea,D1_sales,g_sales,ols,1431,1119,True,0.08704170889879104,47.0,0,1431,,,,,,,,,,,,0.14787392370367852,
R02a,T2,Weights wmedian (instead of wstrict),web,3.275611022849592,1.4482466088182553,2.261777105435403,0.023902425552211063,0.43402629023411254,6.1171957554650715,M2 Korea,D1_sales,g_sales,ols,1431,1119,True,0.08704170889879104,593.0,0,1431,,,,,,,,,,,,0.43024365993979913,
R02a,T2,Weights wmedian (instead of wstrict),prod_innov,5.848518490785159,2.551483257372858,2.2922033581388663,0.02203130064649307,0.8436808916651293,10.853356089905187,M3 Pooled,D1_sales,g_sales,ols,1925,1506,True,0.06808043640338113,183.0,494,1431,,,,,,,,,,,,0.41859471228336836,
R02a,T2,Weights wmedian (instead of wstrict),proc_innov,-5.675672511895215,2.65258073564005,-2.139679458437186,0.032541004106843026,-10.878816903327433,-0.4725281204629974,M3 Pooled,D1_sales,g_sales,ols,1925,1506,True,0.06808043640338113,84.0,494,1431,,,,,,,,,,,,0.5531970698163314,
R02a,T2,Weights wmedian (instead of wstrict),web,2.625569517037793,1.125380448316303,2.3330505883285455,0.019776581807532438,0.41809025383958964,4.8330487802359965,M3 Pooled,D1_sales,g_sales,ols,1925,1506,True,0.06808043640338113,907.0,494,1431,,,,,,,,,,,,0.3955316361506488,
R02a,T2,Weights wmedian (instead of wstrict),Korea,-0.9640680365035985,1.0647412361839297,-0.9054482006903879,0.3653728201488453,-3.0526010326690307,1.1244649596618337,M3 Pooled,D1_sales,g_sales,ols,1925,1506,True,0.06808043640338113,,494,1431,,,,,,,,,,,,,
R02a,T2,Weights wmedian (instead of wstrict),prod_innov,0.9931193597604225,1.0825649929376213,0.9173762002644467,0.3590924251217157,-1.1303756561245888,3.1166143756454336,M4 Pooled x Korea,D1_sales,g_sales,ols,1925,1506,True,0.08447083886898954,183.0,494,1431,3.632751514452549,0.012492456483308923,,,,,,,,,,1.0,
R02a,T2,Weights wmedian (instead of wstrict),proc_innov,0.6029115952438818,1.5706860620406091,0.38385238770158125,0.7011420417657831,-2.4780526387949284,3.6838758292826923,M4 Pooled x Korea,D1_sales,g_sales,ols,1925,1506,True,0.08447083886898954,84.0,494,1431,3.632751514452549,0.012492456483308923,,,,,,,,,,1.0,
R02a,T2,Weights wmedian (instead of wstrict),web,0.1503101661488587,1.1565221228948255,0.12996739376902344,0.8966095802462233,-2.118254751199641,2.4188750834973587,M4 Pooled x Korea,D1_sales,g_sales,ols,1925,1506,True,0.08447083886898954,907.0,494,1431,3.632751514452549,0.012492456483308923,,,,,,,,,,1.0,
R02a,T2,Weights wmedian (instead of wstrict),Korea,-3.103656954397258,1.1206120155051846,-2.7696088489628536,0.005681245267555235,-5.301782743786452,-0.905531165008064,M4 Pooled x Korea,D1_sales,g_sales,ols,1925,1506,True,0.08447083886898954,,494,1431,3.632751514452549,0.012492456483308923,,,,,,,,,,,
R02a,T2,Weights wmedian (instead of wstrict),prod_innov:Korea,7.964824313459708,4.010261775692231,1.9861108224250175,0.04720205098371592,0.09853365319325746,15.831114973726159,M4 Pooled x Korea,D1_sales,g_sales,ols,1925,1506,True,0.08447083886898954,,494,1431,3.632751514452549,0.012492456483308923,,,,,,,,,,,0.7080307647557388
R02a,T2,Weights wmedian (instead of wstrict),proc_innov:Korea,-13.856726135850169,5.083395670257509,-2.725879910730661,0.006487344647758776,-23.82801233112183,-3.8854399405785074,M4 Pooled x Korea,D1_sales,g_sales,ols,1925,1506,True,0.08447083886898954,,494,1431,3.632751514452549,0.012492456483308923,,,,,,,,,,,0.11677220365965797
R02a,T2,Weights wmedian (instead of wstrict),web:Korea,3.3006701108050387,1.8116257209786772,1.8219382031195435,0.06866262628822412,-0.25290700857718607,6.854247230187264,M4 Pooled x Korea,D1_sales,g_sales,ols,1925,1506,True,0.08447083886898954,,494,1431,3.632751514452549,0.012492456483308923,,,,,,,,,,,0.9612767680351376
R02a,T2,Weights wmedian (instead of wstrict),prod_innov,2.176678082008517,1.7820896480007618,1.221418958608746,0.222670968704132,-1.3271111397078492,5.680467303724884,M1 Morocco,D1_lp,g_lp,ols,494,387,True,0.024228438642485584,72.0,494,0,,,,,,,,,,,,1.0,
R02a,T2,Weights wmedian (instead of wstrict),proc_innov,-2.1085875927490223,3.1037685585445645,-0.6793636680622193,0.4973135814226416,-8.21094660388556,3.9937714183875146,M1 Morocco,D1_lp,g_lp,ols,494,387,True,0.024228438642485584,37.0,494,0,,,,,,,,,,,,1.0,
R02a,T2,Weights wmedian (instead of wstrict),web,-0.7120813011355664,1.6374960309619329,-0.43485986388453135,0.663906536596655,-3.9315831653230955,2.507420563051962,M1 Morocco,D1_lp,g_lp,ols,494,387,True,0.024228438642485584,314.0,494,0,,,,,,,,,,,,1.0,
R02a,T2,Weights wmedian (instead of wstrict),prod_innov,7.922064980140964,4.30790499700389,1.8389600015902603,0.06618591228721228,-0.5304161059586354,16.374546066240562,M2 Korea,D1_lp,g_lp,ols,1431,1119,True,0.11883618294974985,111.0,0,1431,,,,,,,,,,,,0.9927886843081842,
R02a,T2,Weights wmedian (instead of wstrict),proc_innov,-10.093051112140095,4.603503035707412,-2.192471914073391,0.028550810698219624,-19.125521040372327,-1.0605811839078658,M2 Korea,D1_lp,g_lp,ols,1431,1119,True,0.11883618294974985,47.0,0,1431,,,,,,,,,,,,0.4853637818697336,
R02a,T2,Weights wmedian (instead of wstrict),web,1.4928842260354833,1.7299114172048804,0.8629830471016974,0.3883317053908634,-1.901351149331779,4.887119601402746,M2 Korea,D1_lp,g_lp,ols,1431,1119,True,0.11883618294974985,593.0,0,1431,,,,,,,,,,,,1.0,
R02a,T2,Weights wmedian (instead of wstrict),prod_innov,5.610981877361603,2.7592997196284097,2.033480392669059,0.042179032065442865,0.19850388279425069,11.023459871928955,M3 Pooled,D1_lp,g_lp,ols,1925,1506,True,0.07715489282398336,183.0,494,1431,,,,,,,,,,,,0.6748645130470858,
R02a,T2,Weights wmedian (instead of wstrict),proc_innov,-5.9111547345066775,2.6849381033945754,-2.2015981400216216,0.02784489500608941,-11.177769411420268,-0.644540057593086,M3 Pooled,D1_lp,g_lp,ols,1925,1506,True,0.07715489282398336,84.0,494,1431,,,,,,,,,,,,0.5012081101096094,
R02a,T2,Weights wmedian (instead of wstrict),web,1.282449623474016,1.3593494482849062,0.9434289505852119,0.3456128609602084,-1.3839692955842373,3.948868542532269,M3 Pooled,D1_lp,g_lp,ols,1925,1506,True,0.07715489282398336,907.0,494,1431,,,,,,,,,,,,1.0,
R02a,T2,Weights wmedian (instead of wstrict),Korea,1.0515157274386961,1.2509331254005946,0.8405850849156803,0.4007138518783071,-1.4022401895944387,3.505271644471831,M3 Pooled,D1_lp,g_lp,ols,1925,1506,True,0.07715489282398336,,494,1431,,,,,,,,,,,,,
R02a,T2,Weights wmedian (instead of wstrict),prod_innov,2.216108585697199,1.7216341969969922,1.2872122252001659,0.19821812086925997,-1.160946519862604,5.593163691257002,M4 Pooled x Korea,D1_lp,g_lp,ols,1925,1506,True,0.08316208549612314,183.0,494,1431,1.4762976952315112,0.21918309049335222,,,,,,,,,,1.0,
R02a,T2,Weights wmedian (instead of wstrict),proc_innov,-2.222426696082431,2.986431094149363,-0.7441747778598767,0.4568868392709417,-8.08043206765979,3.6355786754949295,M4 Pooled x Korea,D1_lp,g_lp,ols,1925,1506,True,0.08316208549612314,84.0,494,1431,1.4762976952315112,0.21918309049335222,,,,,,,,,,1.0,
R02a,T2,Weights wmedian (instead of wstrict),web,-1.3115018436967834,1.5984411166026622,-0.8204880555651987,0.4120677820469069,-4.446908739758318,1.8239050523647515,M4 Pooled x Korea,D1_lp,g_lp,ols,1925,1506,True,0.08316208549612314,907.0,494,1431,1.4762976952315112,0.21918309049335222,,,,,,,,,,1.0,
R02a,T2,Weights wmedian (instead of wstrict),Korea,-1.1993453984252622,1.4081005050841842,-0.8517470124432337,0.3944899391772019,-3.961391487037075,1.5627006901865506,M4 Pooled x Korea,D1_lp,g_lp,ols,1925,1506,True,0.08316208549612314,,494,1431,1.4762976952315112,0.21918309049335222,,,,,,,,,,,
R02a,T2,Weights wmedian (instead of wstrict),prod_innov:Korea,5.525393712961186,4.544555465754967,1.2158271044543796,0.2242413361957953,-3.3889356288335577,14.43972305475593,M4 Pooled x Korea,D1_lp,g_lp,ols,1925,1506,True,0.08316208549612314,,494,1431,1.4762976952315112,0.21918309049335222,,,,,,,,,,,1.0
R02a,T2,Weights wmedian (instead of wstrict),proc_innov:Korea,-7.668043633529676,5.300066643561535,-1.4467824933568967,0.148165950792916,-18.064338705773736,2.728251438714384,M4 Pooled x Korea,D1_lp,g_lp,ols,1925,1506,True,0.08316208549612314,,494,1431,1.4762976952315112,0.21918309049335222,,,,,,,,,,,1.0
R02a,T2,Weights wmedian (instead of wstrict),web:Korea,3.4488691458898737,2.2331819938928943,1.5443744196941993,0.12270774658936949,-0.9316076518380205,7.829345943617768,M4 Pooled x Korea,D1_lp,g_lp,ols,1925,1506,True,0.08316208549612314,,494,1431,1.4762976952315112,0.21918309049335222,,,,,,,,,,,1.0
R02a,T2,Weights wmedian (instead of wstrict),prod_innov,-1.2516863454612188,1.4942928588282152,-0.8376446009671478,0.40274600617221673,-4.189610870227031,1.6862381793045935,M1 Morocco,D2_emp,g_emp,ols,495,388,True,0.06938072507644422,72.0,495,0,,,,,,,,,,,,1.0,
R02a,T2,Weights wmedian (instead of wstrict),proc_innov,3.4582498696137045,2.5948440614957167,1.3327389961230673,0.1833995658193455,-1.6434649389475209,8.55996467817493,M1 Morocco,D2_emp,g_emp,ols,495,388,True,0.06938072507644422,38.0,495,0,,,,,,,,,,,,1.0,
R02a,T2,Weights wmedian (instead of wstrict),web,1.2414626048233288,1.0082903543300894,1.2312550640714595,0.21897326400581188,-0.74093391308155,3.2238591227282076,M1 Morocco,D2_emp,g_emp,ols,495,388,True,0.06938072507644422,315.0,495,0,,,,,,,,,,,,1.0,
R02a,T2,Weights wmedian (instead of wstrict),prod_innov,1.2034563015188722,2.062461782831019,0.5835047764458253,0.5596689626759146,-2.8431908537315334,5.250103456769278,M2 Korea,D2_emp,g_emp,ols,1456,1140,True,0.13875974746343755,112.0,0,1456,,,,,,,,,,,,1.0,
R02a,T2,Weights wmedian (instead of wstrict),proc_innov,-3.7752950858683354,2.1097504920371466,-1.7894509801597256,0.07380758979512267,-7.914724915773575,0.36413474403690405,M2 Korea,D2_emp,g_emp,ols,1456,1140,True,0.13875974746343755,48.0,0,1456,,,,,,,,,,,,0.9927886843081842,
R02a,T2,Weights wmedian (instead of wstrict),web,1.6811281685948767,0.9911993544072107,1.6960545435385999,0.09014857709792455,-0.26365164802420726,3.625907985213961,M2 Korea,D2_emp,g_emp,ols,1456,1140,True,0.13875974746343755,597.0,0,1456,,,,,,,,,,,,1.0,
R02a,T2,Weights wmedian (instead of wstrict),prod_innov,0.23338598202679864,1.3786632029374628,0.16928426139867403,0.8655954619613615,-2.470886331028401,2.9376582950819983,M3 Pooled,D2_emp,g_emp,ols,1951,1528,True,0.10750947477002082,184.0,495,1456,,,,,,,,,,,,1.0,
R02a,T2,Weights wmedian (instead of wstrict),proc_innov,0.13465003044889512,1.9709487166203814,0.06831736884548766,0.9455419365151893,-3.731400817540516,4.000700878438306,M3 Pooled,D2_emp,g_emp,ols,1951,1528,True,0.10750947477002082,86.0,495,1456,,,,,,,,,,,,1.0,
R02a,T2,Weights wmedian (instead of wstrict),web,1.2867266810005349,0.7750814298282851,1.6601180617701057,0.09709588718964075,-0.2336092839994286,2.8070626460004986,M3 Pooled,D2_emp,g_emp,ols,1951,1528,True,0.10750947477002082,912.0,495,1456,,,,,,,,,,,,1.0,
R02a,T2,Weights wmedian (instead of wstrict),Korea,-1.9971646712374267,0.6481568978525667,-3.0812981823603343,0.0020978048717214047,-3.2685359166901504,-0.725793425784703,M3 Pooled,D2_emp,g_emp,ols,1951,1528,True,0.10750947477002082,,495,1456,,,,,,,,,,,,,
R02a,T2,Weights wmedian (instead of wstrict),prod_innov,-1.3694685128187278,1.4819898146354522,-0.9240741733138005,0.35559360075839974,-4.276417806460137,1.5374807808226816,M4 Pooled x Korea,D2_emp,g_emp,ols,1951,1528,True,0.11187761452892753,184.0,495,1456,1.4034272506155956,0.2400751470685709,,,,,,,,,,1.0,
R02a,T2,Weights wmedian (instead of wstrict),proc_innov,2.824174199729129,2.491444900469865,1.1335487287704071,0.2571617077230225,-2.0628391400682946,7.711187539526552,M4 Pooled x Korea,D2_emp,g_emp,ols,1951,1528,True,0.11187761452892753,86.0,495,1456,1.4034272506155956,0.2400751470685709,,,,,,,,,,1.0,
R02a,T2,Weights wmedian (instead of wstrict),web,1.224209436608134,1.0369905251860734,1.1805406191039853,0.23796900084805997,-0.8098658619754857,3.2582847351917534,M4 Pooled x Korea,D2_emp,g_emp,ols,1951,1528,True,0.11187761452892753,912.0,495,1456,1.4034272506155956,0.2400751470685709,,,,,,,,,,1.0,
R02a,T2,Weights wmedian (instead of wstrict),Korea,-2.0398858264162576,0.941369725491052,-2.166933746835953,0.03039399621663957,-3.8863992312636206,-0.19337242156889456,M4 Pooled x Korea,D2_emp,g_emp,ols,1951,1528,True,0.11187761452892753,,495,1456,1.4034272506155956,0.2400751470685709,,,,,,,,,,,
R02a,T2,Weights wmedian (instead of wstrict),prod_innov:Korea,2.6542331245357835,2.547834479431114,1.0417604228075392,0.2976875649396153,-2.343389374050266,7.651855623121833,M4 Pooled x Korea,D2_emp,g_emp,ols,1951,1528,True,0.11187761452892753,,495,1456,1.4034272506155956,0.2400751470685709,,,,,,,,,,,1.0
R02a,T2,Weights wmedian (instead of wstrict),proc_innov:Korea,-6.3091404408948595,3.105699459964282,-2.0314716611269974,0.04237992902780511,-12.401024988445856,-0.21725589334386264,M4 Pooled x Korea,D2_emp,g_emp,ols,1951,1528,True,0.11187761452892753,,495,1456,1.4034272506155956,0.2400751470685709,,,,,,,,,,,0.6780788644448817
R02a,T2,Weights wmedian (instead of wstrict),web:Korea,0.09295582999192901,1.3817567063733067,0.06727365936649582,0.946372647403433,-2.6173844448933026,2.8032961048771603,M4 Pooled x Korea,D2_emp,g_emp,ols,1951,1528,True,0.11187761452892753,,495,1456,1.4034272506155956,0.2400751470685709,,,,,,,,,,,1.0
R02a,T2,Weights wmedian (instead of wstrict),prod_innov,-0.055877371086834986,0.02893790926787656,-1.9309401577557446,0.05439045755446261,-0.11281408785425162,0.0010593456805816498,M1 Morocco,D3_female,female_share,ols,418,314,True,0.10473986873410945,68.0,418,0,,,,,,,,,,,,0.9246377784258644,
R02a,T2,Weights wmedian (instead of wstrict),proc_innov,0.1372832949272368,0.04112633846223401,3.3380869793041006,0.0009450216714984727,0.05636526235518444,0.21820132749928914,M1 Morocco,D3_female,female_share,ols,418,314,True,0.10473986873410945,35.0,418,0,,,,,,,,,,,,0.018900433429969454,
R02a,T2,Weights wmedian (instead of wstrict),web,0.01776668976132038,0.033851248186957957,0.5248459277837041,0.6000606530128331,-0.048837255686248596,0.08437063520888936,M1 Morocco,D3_female,female_share,ols,418,314,True,0.10473986873410945,264.0,418,0,,,,,,,,,,,,1.0,
R02a,T2,Weights wmedian (instead of wstrict),prod_innov,0.11238694337521642,0.055349280934037966,2.0305041272198747,0.04253112780904721,0.0037920067432564847,0.22098188000717633,M2 Korea,D3_female,female_share,ols,1485,1170,True,0.08440436799171347,116.0,0,1485,,,,,,,,,,,,0.6804980449447554,
R02a,T2,Weights wmedian (instead of wstrict),proc_innov,-0.015925712391836478,0.060193205363397825,-0.26457657962705133,0.7913822634942169,-0.13402439789965306,0.1021729731159801,M2 Korea,D3_female,female_share,ols,1485,1170,True,0.08440436799171347,48.0,0,1485,,,,,,,,,,,,1.0,
R02a,T2,Weights wmedian (instead of wstrict),web,0.012466549803043904,0.03113359332608045,0.4004211679800141,0.6889194371363436,-0.04861736198977841,0.07355046159586622,M2 Korea,D3_female,female_share,ols,1485,1170,True,0.08440436799171347,601.0,0,1485,,,,,,,,,,,,1.0,
R02a,T2,Weights wmedian (instead of wstrict),prod_innov,0.045241366343965715,0.039584830028148506,1.14289656698778,0.2532658841092471,-0.03240680455416426,0.1228895372420957,M3 Pooled,D3_female,female_share,ols,1903,1484,True,0.06772756206114317,184.0,418,1485,,,,,,,,,,,,1.0,
R02a,T2,Weights wmedian (instead of wstrict),proc_innov,0.03257570058914122,0.04140530258811042,0.7867519026052323,0.43155273308693365,-0.04864344344063441,0.11379484461891685,M3 Pooled,D3_female,female_share,ols,1903,1484,True,0.06772756206114317,83.0,418,1485,,,,,,,,,,,,1.0,
R02a,T2,Weights wmedian (instead of wstrict),web,0.02281058759231319,0.02548452902266951,0.8950758937715606,0.3708916706819038,-0.027178942826371563,0.07280011801099794,M3 Pooled,D3_female,female_share,ols,1903,1484,True,0.06772756206114317,865.0,418,1485,,,,,,,,,,,,1.0,
R02a,T2,Weights wmedian (instead of wstrict),Korea,0.09527561264517664,0.0235248783207293,4.049993855280565,5.3865301758956324e-05,0.049130062167714116,0.14142116312263917,M3 Pooled,D3_female,female_share,ols,1903,1484,True,0.06772756206114317,,418,1485,,,,,,,,,,,,,
R02a,T2,Weights wmedian (instead of wstrict),prod_innov,-0.061913611230871,0.029749321820647906,-2.081177231673868,0.03758879030874397,-0.12026880495509627,-0.0035584175066457335,M4 Pooled x Korea,D3_female,female_share,ols,1903,1484,True,0.0736845358149566,184.0,418,1485,2.708579543637477,0.043865112376547256,,,,,,,,,,0.6390094352486475,
R02a,T2,Weights wmedian (instead of wstrict),proc_innov,0.10065108636047931,0.042775599126241654,2.3530023755700626,0.01875242769104364,0.016744018201731325,0.1845581545192273,M4 Pooled x Korea,D3_female,female_share,ols,1903,1484,True,0.0736845358149566,83.0,418,1485,2.708579543637477,0.043865112376547256,,,,,,,,,,0.3375436984387855,
R02a,T2,Weights wmedian (instead of wstrict),web,0.033765621576149395,0.03373662452389298,1.0008595125524749,0.3170578984953129,-0.03241092091991573,0.09994216407221451,M4 Pooled x Korea,D3_female,female_share,ols,1903,1484,True,0.0736845358149566,865.0,418,1485,2.708579543637477,0.043865112376547256,,,,,,,,,,1.0,
R02a,T2,Weights wmedian (instead of wstrict),Korea,0.09437078648887744,0.032694677788532425,2.8864265645700216,0.003952822871709336,0.030238089024267376,0.1585034839534875,M4 Pooled x Korea,D3_female,female_share,ols,1903,1484,True,0.0736845358149566,,418,1485,2.708579543637477,0.043865112376547256,,,,,,,,,,,
R02a,T2,Weights wmedian (instead of wstrict),prod_innov:Korea,0.16681599291440607,0.06328941150013825,2.635764639935729,0.008482283486521656,0.04266977233671819,0.29096221349209395,M4 Pooled x Korea,D3_female,female_share,ols,1903,1484,True,0.0736845358149566,,418,1485,2.708579543637477,0.043865112376547256,,,,,,,,,,,0.14419881927086817
R02a,T2,Weights wmedian (instead of wstrict),proc_innov:Korea,-0.12371894914904388,0.0731599954901597,-1.6910737667511826,0.09103269054688877,-0.26722695028702537,0.019789051988937573,M4 Pooled x Korea,D3_female,female_share,ols,1903,1484,True,0.0736845358149566,,418,1485,2.708579543637477,0.043865112376547256,,,,,,,,,,,1.0
R02a,T2,Weights wmedian (instead of wstrict),web:Korea,-0.01529639554618041,0.04451149304025958,-0.34365047095466306,0.7311578442011141,-0.10260853042369011,0.07201573933132929,M4 Pooled x Korea,D3_female,female_share,ols,1903,1484,True,0.0736845358149566,,418,1485,2.708579543637477,0.043865112376547256,,,,,,,,,,,1.0
R02a,T2,Weights wmedian (instead of wstrict),prod_innov,0.013772853823461741,0.04611576296038793,0.2986582664867155,0.765402855179059,-0.07697011467322605,0.10451582232014954,M1 Morocco,D3_lowskill,lowskill_prod_share,ols,407,307,True,0.13941651455666215,69.0,407,0,,,,,,,,,,,,1.0,
R02a,T2,Weights wmedian (instead of wstrict),proc_innov,-0.028694477321170468,0.04357669031007012,-0.6584822554671959,0.5107218118490787,-0.11444125851165451,0.057052303869313585,M1 Morocco,D3_lowskill,lowskill_prod_share,ols,407,307,True,0.13941651455666215,36.0,407,0,,,,,,,,,,,,1.0,
R02a,T2,Weights wmedian (instead of wstrict),web,-0.060789015388236126,0.045218093975950405,-1.3443515646760174,0.17982723403216277,-0.14976562151452927,0.02818759073805703,M1 Morocco,D3_lowskill,lowskill_prod_share,ols,407,307,True,0.13941651455666215,254.0,407,0,,,,,,,,,,,,1.0,
R02a,T2,Weights wmedian (instead of wstrict),prod_innov,0.050610358246513366,0.07073561660275775,0.7154862101610666,0.47445364378086624,-0.08817471653235648,0.1893954330253832,M2 Korea,D3_lowskill,lowskill_prod_share,ols,1465,1152,True,0.11418205939511561,113.0,0,1465,,,,,,,,,,,,1.0,
R02a,T2,Weights wmedian (instead of wstrict),proc_innov,-0.05160785502165025,0.07881775923928061,-0.6547744508312577,0.5127436910147833,-0.2062502987478007,0.10303458870450022,M2 Korea,D3_lowskill,lowskill_prod_share,ols,1465,1152,True,0.11418205939511561,45.0,0,1465,,,,,,,,,,,,1.0,
R02a,T2,Weights wmedian (instead of wstrict),web,0.06742645371926316,0.028672717965726277,2.3515891935972335,0.01886109924914038,0.01116985346462391,0.12368305397390242,M2 Korea,D3_lowskill,lowskill_prod_share,ols,1465,1152,True,0.11418205939511561,588.0,0,1465,,,,,,,,,,,,0.3772219849828076,
R02a,T2,Weights wmedian (instead of wstrict),prod_innov,0.0369683297949375,0.05034288861441415,0.734330723016016,0.46286519427350004,-0.061783840931026526,0.1357205005209015,M3 Pooled,D3_lowskill,lowskill_prod_share,ols,1872,1459,True,0.12040334437684808,182.0,407,1465,,,,,,,,,,,,1.0,
R02a,T2,Weights wmedian (instead of wstrict),proc_innov,-0.05462866478949993,0.04565949578061196,-1.1964360064768056,0.2317208427211755,-0.14419393302675837,0.034936603447758494,M3 Pooled,D3_lowskill,lowskill_prod_share,ols,1872,1459,True,0.12040334437684808,81.0,407,1465,,,,,,,,,,,,1.0,
R02a,T2,Weights wmedian (instead of wstrict),web,0.036882891168735506,0.024597364144182152,1.4994651846652913,0.13396933460278024,-0.011367083559164784,0.0851328658966358,M3 Pooled,D3_lowskill,lowskill_prod_share,ols,1872,1459,True,0.12040334437684808,842.0,407,1465,,,,,,,,,,,,1.0,
R02a,T2,Weights wmedian (instead of wstrict),Korea,-0.0955032368968167,0.02603215583774628,-3.668664151062674,0.0002525907482168498,-0.14656768648261126,-0.044438787311022146,M3 Pooled,D3_lowskill,lowskill_prod_share,ols,1872,1459,True,0.12040334437684808,,407,1465,,,,,,,,,,,,,
R02a,T2,Weights wmedian (instead of wstrict),prod_innov,0.013206889066012917,0.04954651951056636,0.26655533418843674,0.7898492161847419,-0.08398313097951632,0.11039690911154215,M4 Pooled x Korea,D3_lowskill,lowskill_prod_share,ols,1872,1459,True,0.13366206405052794,182.0,407,1465,2.761650728495067,0.040852984765835224,,,,,,,,,,1.0,
R02a,T2,Weights wmedian (instead of wstrict),proc_innov,-0.039588204624329666,0.045718229767958134,-0.8659172681282439,0.3866778986808759,-0.12926868493831753,0.050092275689658204,M4 Pooled x Korea,D3_lowskill,lowskill_prod_share,ols,1872,1459,True,0.13366206405052794,81.0,407,1465,2.761650728495067,0.040852984765835224,,,,,,,,,,1.0,
R02a,T2,Weights wmedian (instead of wstrict),web,-0.07418137985450904,0.04397562961317038,-1.686874764660385,0.09184120580312813,-0.16044359092076405,0.012080831211745982,M4 Pooled x Korea,D3_lowskill,lowskill_prod_share,ols,1872,1459,True,0.13366206405052794,842.0,407,1465,2.761650728495067,0.040852984765835224,,,,,,,,,,1.0,
R02a,T2,Weights wmedian (instead of wstrict),Korea,-0.1831300133921902,0.03828390225415645,-4.783473016320011,1.8973562719321933e-06,-0.25822738176958027,-0.10803264501480012,M4 Pooled x Korea,D3_lowskill,lowskill_prod_share,ols,1872,1459,True,0.13366206405052794,,407,1465,2.761650728495067,0.040852984765835224,,,,,,,,,,,
R02a,T2,Weights wmedian (instead of wstrict),prod_innov:Korea,0.036233501778498,0.08754638893452547,0.4138777420687957,0.6790244762204057,-0.13549673032480175,0.20796373388179773,M4 Pooled x Korea,D3_lowskill,lowskill_prod_share,ols,1872,1459,True,0.13366206405052794,,407,1465,2.761650728495067,0.040852984765835224,,,,,,,,,,,1.0
R02a,T2,Weights wmedian (instead of wstrict),proc_innov:Korea,-0.008503583748209129,0.09289127123994231,-0.09154341021175166,0.927073381291771,-0.19071829031179205,0.17371112281537382,M4 Pooled x Korea,D3_lowskill,lowskill_prod_share,ols,1872,1459,True,0.13366206405052794,,407,1465,2.761650728495067,0.040852984765835224,,,,,,,,,,,1.0
R02a,T2,Weights wmedian (instead of wstrict),web:Korea,0.1416788041536941,0.0513372613675211,2.759765526630298,0.00585663283816921,0.0409760805178212,0.242381527789567,M4 Pooled x Korea,D3_lowskill,lowskill_prod_share,ols,1872,1459,True,0.13366206405052794,,407,1465,2.761650728495067,0.040852984765835224,,,,,,,,,,,0.11127602392521499
R02a,T2,Weights wmedian (instead of wstrict),prod_innov,-0.5538474109163849,1.2294537000052472,-0.4504825280643111,0.652609082713917,-2.970919708508241,1.8632248866754713,M1 Morocco,D4_energy,env_energy_mgmt,logit,502,396,True,0.18980617561897106,74.0,502,0,,,-0.0385583182432772,0.07323066887432331,0.59881314699748,-0.1825278073501005,0.10541117086354611,0.574734312080916,23.0,60.0,False,1.0,
R02a,T2,Weights wmedian (instead of wstrict),proc_innov,1.5249335749903474,1.1928496682735974,1.2783954387122165,0.20185878820592204,-0.8201761988575351,3.87004334883823,M1 Morocco,D4_energy,env_energy_mgmt,logit,502,396,True,0.18980617561897106,39.0,502,0,,,0.1773293009999237,0.1750447283659271,0.3116541919281561,-0.16680384022448194,0.5214624422243294,4.594838346988052,10.0,73.0,False,1.0,
R02a,T2,Weights wmedian (instead of wstrict),web,1.1832157610985703,0.41780403213413686,2.831987415379219,0.004862139407813748,0.3618244782147253,2.004607043982415,M1 Morocco,D4_energy,env_energy_mgmt,logit,502,396,True,0.18980617561897106,317.0,502,0,,,0.07670895803481557,0.030816716423841706,0.013212801829561782,0.01612413766256906,0.13729377840706208,3.264856337839332,47.0,36.0,False,0.0923806487484612,
R02a,T2,Weights wmedian (instead of wstrict),prod_innov,0.015393279874119314,0.5242367707689396,0.02936322046151164,0.9765799524849014,-1.0131641817566086,1.043950741504847,M2 Korea,D4_energy,env_energy_mgmt,logit,1476,1161,True,0.12113762311999976,116.0,0,1476,,,0.0014572285621959511,0.04983649131476564,0.9766780519000523,-0.09632243486757551,0.0992368919919674,1.0155123666675716,49.0,198.0,False,1.0,
R02a,T2,Weights wmedian (instead of wstrict),proc_innov,0.7245166181805573,0.8183884572052906,0.8852967216261877,0.3761799318939207,-0.8811692114042042,2.330202447765319,M2 Korea,D4_energy,env_energy_mgmt,logit,1476,1161,True,0.12113762311999976,47.0,0,1476,,,0.08548939372825268,0.11703650096097958,0.4652621077093805,-0.14413731896875698,0.31511610642526233,2.063733287672315,21.0,226.0,False,1.0,
R02a,T2,Weights wmedian (instead of wstrict),web,0.48887681455217114,0.3626915386149951,1.3479134815745577,0.17794914928962446,-0.22272738628555688,1.200481015389899,M2 Korea,D4_energy,env_energy_mgmt,logit,1476,1161,True,0.12113762311999976,598.0,0,1476,,,0.04861487098827988,0.03749165154429114,0.19499716432952569,-0.02494410101625434,0.1221738429928141,1.6304838553661252,157.0,90.0,False,1.0,
R02a,T2,Weights wmedian (instead of wstrict),prod_innov,-0.16909010832966334,0.524942278298268,-0.3221118117554016,0.7474112320274281,-1.198758490122085,0.8605782734627582,M3 Pooled,D4_energy,env_energy_mgmt,logit,1978,1557,True,0.1257755536911227,190.0,502,1476,,,-0.014702113684521125,0.04352203695606423,0.7355530478261996,-0.10007010025655728,0.07066587288751504,0.8444328095277611,72.0,258.0,False,1.0,
R02a,T2,Weights wmedian (instead of wstrict),proc_innov,1.1365346581462035,0.7475913508046917,1.5202619143772347,0.1286481977459338,-0.32985737817535865,2.6029266944677656,M3 Pooled,D4_energy,env_energy_mgmt,logit,1978,1557,True,0.1257755536911227,86.0,502,1476,,,0.1450530260786939,0.12380226237251915,0.2415165206118638,-0.09778372079678285,0.3878897729541706,3.115951796281932,31.0,299.0,False,1.0,
R02a,T2,Weights wmedian (instead of wstrict),web,0.5813312916876265,0.3125399853836644,1.8600221375642616,0.06307084797304817,-0.031712378634872085,1.1943749620101252,M3 Pooled,D4_energy,env_energy_mgmt,logit,1978,1557,True,0.1257755536911227,915.0,502,1476,,,0.054547068345572075,0.029876934129809143,0.06808313720148262,-0.004056202318940619,0.11315033901008477,1.7884177523008005,204.0,126.0,False,0.9460627195957225,
R02a,T2,Weights wmedian (instead of wstrict),Korea,0.4306910610100177,0.2955388334899817,1.4573078465663545,0.14523306878541134,-0.149005040860338,1.0103871628803733,M3 Pooled,D4_energy,env_energy_mgmt,logit,1978,1557,True,0.1257755536911227,,502,1476,,,,,,,,1.5383202294401728,,,,,
R02a,T2,Weights wmedian (instead of wstrict),prod_innov,-0.6484884605979442,1.2579172789302215,-0.5155255210020188,0.6062590286492471,-3.1158790720450633,1.818902150849175,M4 Pooled x Korea,D4_energy,env_energy_mgmt,logit,1978,1557,True,0.12864427607799478,190.0,502,1476,0.7873744729567496,0.5009185911964389,-0.049259946514398974,0.07831882449024598,0.5294630038101091,-0.2028814409350405,0.10436154790624258,0.5228354661952611,72.0,258.0,False,1.0,
R02a,T2,Weights wmedian (instead of wstrict),proc_innov,1.6906335501845784,1.275867698137586,1.3250853146078043,0.18533727616032902,-0.811966606886604,4.193233707255761,M4 Pooled x Korea,D4_energy,env_energy_mgmt,logit,1978,1557,True,0.12864427607799478,86.0,502,1476,0.7873744729567496,0.5009185911964389,0.24428817548496012,0.24627241732044272,0.32137950754962086,-0.2387724045172599,0.7273487554871801,5.4229153060133894,31.0,299.0,False,1.0,
R02a,T2,Weights wmedian (instead of wstrict),web,1.1709738608034663,0.41414086109130027,2.827477244621165,0.004751656412971943,0.3586412141430152,1.9833065074639173,M4 Pooled x Korea,D4_energy,env_energy_mgmt,logit,1978,1557,True,0.12864427607799478,915.0,502,1476,0.7873744729567496,0.5009185911964389,0.11545680405146641,0.048279237869176095,0.016900608113069766,0.020757621329742085,0.21015598677319075,3.2251319392410664,204.0,126.0,False,0.09362524396049995,
R02a,T2,Weights wmedian (instead of wstrict),Korea,0.9797387418413157,0.3639169548711348,2.6922041656131332,0.007174216237414225,0.265919723027065,1.6935577606555663,M4 Pooled x Korea,D4_energy,env_energy_mgmt,logit,1978,1557,True,0.12864427607799478,,502,1476,0.7873744729567496,0.5009185911964389,,,,,,2.6637602219221677,,,,,
R02a,T2,Weights wmedian (instead of wstrict),prod_innov:Korea,0.6571865717422739,1.3590274678866971,0.48357122079674103,0.6287582004776722,-2.008530539492667,3.3229036829772145,M4 Pooled x Korea,D4_energy,env_energy_mgmt,logit,1978,1557,True,0.12864427607799478,,502,1476,0.7873744729567496,0.5009185911964389,,,,,,1.9293565851064287,,,,,1.0
R02a,T2,Weights wmedian (instead of wstrict),proc_innov:Korea,-0.9893196193541729,1.5116660369115622,-0.6544564706735232,0.5129144207772309,-3.9544355690222464,1.9757963303139006,M4 Pooled x Korea,D4_energy,env_energy_mgmt,logit,1978,1557,True,0.12864427607799478,,502,1476,0.7873744729567496,0.5009185911964389,,,,,,0.3718295906353027,,,,,1.0
R02a,T2,Weights wmedian (instead of wstrict),web:Korea,-0.6898929348811155,0.5220888825282141,-1.3214089745414817,0.1865591732588432,-1.7139644129250158,0.3341785431627847,M4 Pooled x Korea,D4_energy,env_energy_mgmt,logit,1978,1557,True,0.12864427607799478,,502,1476,0.7873744729567496,0.5009185911964389,,,,,,0.5016297732423904,,,,,1.0
R02a,T2,Weights wmedian (instead of wstrict),prod_innov,2.25081428537686,0.8334031873800454,2.7007507524091725,0.0072144962682639995,0.6123790986558331,3.889249472097887,M1 Morocco,D4_co2,env_co2_monitor,logit,504,397,True,0.2735917750717821,74.0,504,0,,,0.18139456765382458,0.09913358079767046,0.06802966475548967,-0.013497831876304933,0.3762869671839541,9.495464707235792,8.0,32.0,False,0.129860932828752,
R02a,T2,Weights wmedian (instead of wstrict),proc_innov,-6.4553811360714235,1.4091203040778262,-4.581142658572388,6.200390493852902e-06,-9.225651664772094,-3.685110607370752,M1 Morocco,D4_co2,env_co2_monitor,logit,504,397,True,0.2735917750717821,39.0,504,0,,,-0.08064786529739812,0.021163431772477117,0.00016053869238561027,-0.1222542711917686,-0.03904145940302765,0.001572040006185669,1.0,39.0,True,0.00013020820037091096,
R02a,T2,Weights wmedian (instead of wstrict),web,-0.07819624208236309,0.6565640758723508,-0.11909917852033988,0.9052570231816636,-1.3689732639797842,1.2125807798150583,M1 Morocco,D4_co2,env_co2_monitor,logit,504,397,True,0.2735917750717821,318.0,504,0,,,-0.0034180044272758177,0.02914640506191878,0.9067052518554278,-0.06071859595728488,0.053882587102733234,0.9247829274078292,26.0,14.0,False,1.0,
R02a,T2,Weights wmedian (instead of wstrict),prod_innov,-0.8496451650248407,0.46409094547312263,-1.8307729838569906,0.06738650751299456,-1.7601806533066153,0.060890323256934,M2 Korea,D4_co2,env_co2_monitor,logit,1495,1180,True,0.16540699845457818,116.0,0,1495,,,-0.03610879116241993,0.016468497489143155,0.02853108302413883,-0.06841959478574244,-0.003797987539097415,0.4275666206261199,30.0,146.0,False,0.9927886843081842,
R02a,T2,Weights wmedian (instead of wstrict),proc_innov,-0.5986555367008917,0.584398410474286,-1.0243962440196148,0.3058581097418665,-1.7452314335648693,0.547920360163086,M2 Korea,D4_co2,env_co2_monitor,logit,1495,1180,True,0.16540699845457818,48.0,0,1495,,,-0.027141322756664515,0.021747292778792587,0.21226683509328476,-0.0698089982247941,0.015526352711465071,0.5495499894301401,11.0,165.0,False,1.0,
R02a,T2,Weights wmedian (instead of wstrict),web,-0.477828553679007,0.38533268046480823,-1.240041600163852,0.21520653693536784,-1.233842183723571,0.2781850763655569,M2 Korea,D4_co2,env_co2_monitor,logit,1495,1180,True,0.16540699845457818,606.0,0,1495,,,-0.02540894070846375,0.02042112936074117,0.21365554834670986,-0.06547471483123127,0.014656833414303759,0.6201285066195382,109.0,67.0,False,1.0,
R02a,T2,Weights wmedian (instead of wstrict),prod_innov,0.5531828064379183,0.526436014684777,1.0508072985264068,0.29350809845917203,-0.4794053347242062,1.5857709476000428,M3 Pooled,D4_co2,env_co2_monitor,logit,1999,1577,True,0.15036477784356805,190.0,504,1495,,,0.036724671692823424,0.04166274059472168,0.378195008940387,-0.04499551968158992,0.11844486306723677,1.738778415201835,38.0,178.0,False,1.0,
R02a,T2,Weights wmedian (instead of wstrict),proc_innov,-2.313310415346754,0.80391556163514,-2.87755396927701,0.004061669652046508,-3.890166200825633,-0.7364546298678749,M3 Pooled,D4_co2,env_co2_monitor,logit,1999,1577,True,0.15036477784356805,87.0,504,1495,,,-0.058530080551647,0.012463007186891549,2.879024815527722e-06,-0.0829758879535369,-0.034084273149757094,0.0989331988840405,12.0,204.0,False,0.08529506269297668,
R02a,T2,Weights wmedian (instead of wstrict),web,-0.3856113952240988,0.31822003665228443,-1.2117759751421693,0.2257796791781379,-1.0097902639971275,0.2385674735489297,M3 Pooled,D4_co2,env_co2_monitor,logit,1999,1577,True,0.15036477784356805,924.0,504,1495,,,-0.020769465584425738,0.01766904568742845,0.23998343356771112,-0.05542675827253176,0.013887827103680285,0.6800347390870881,135.0,81.0,False,1.0,
R02a,T2,Weights wmedian (instead of wstrict),Korea,0.12992853678266564,0.38425911547729,0.33812740296682564,0.7353121877019277,-0.6237839652255501,0.8836410387908815,M3 Pooled,D4_co2,env_co2_monitor,logit,1999,1577,True,0.15036477784356805,,504,1495,,,,,,,,1.1387470018922818,,,,,
R02a,T2,Weights wmedian (instead of wstrict),prod_innov,2.302095272348433,0.8128219639158479,2.832225720449123,0.004681262198024998,0.7077698512083521,3.896420693488514,M4 Pooled x Korea,D4_co2,env_co2_monitor,logit,1999,1577,True,0.1713342390322976,190.0,504,1495,5.219901229601303,0.0013776494662809157,0.25916774422611055,0.13843864141118772,0.061380957371843056,-0.012375416599208211,0.5307109050514294,9.995102992969356,38.0,178.0,False,0.09362524396049995,
R02a,T2,Weights wmedian (instead of wstrict),proc_innov,-5.7341634877116485,1.3161075994778682,-4.356910855910664,1.4042441993281151e-05,-8.315668289445146,-3.152658685978151,M4 Pooled x Korea,D4_co2,env_co2_monitor,logit,1999,1577,True,0.1713342390322976,87.0,504,1495,5.219901229601303,0.0013776494662809157,-0.0758476670291493,0.010961558685410475,6.572023411480452e-12,-0.09734842911888794,-0.05434690493941066,0.003233586171873098,12.0,204.0,False,0.0002948912818589042,
R02a,T2,Weights wmedian (instead of wstrict),web,0.26033690815326954,0.8692647350390891,0.2994909348779261,0.7646049537217575,-1.4446992821789333,1.9653730984854725,M4 Pooled x Korea,D4_co2,env_co2_monitor,logit,1999,1577,True,0.1713342390322976,924.0,504,1495,5.219901229601303,0.0013776494662809157,0.014499681483969578,0.04970535926060517,0.7705447123050977,-0.08299586041096846,0.1119952233789076,1.2973671065998458,135.0,81.0,False,1.0,
R02a,T2,Weights wmedian (instead of wstrict),Korea,0.9584994861723652,0.9272918441077085,1.0336546064358914,0.30145614619075767,-0.8603551037730475,2.7773540761177777,M4 Pooled x Korea,D4_co2,env_co2_monitor,logit,1999,1577,True,0.1713342390322976,,504,1495,5.219901229601303,0.0013776494662809157,,,,,,2.6077805254529434,,,,,
R02a,T2,Weights wmedian (instead of wstrict),prod_innov:Korea,-3.082092874022896,0.9492830042684863,-3.246758722282134,0.0011917846268647992,-4.944082451999121,-1.2201032960466716,M4 Pooled x Korea,D4_co2,env_co2_monitor,logit,1999,1577,True,0.1713342390322976,,504,1495,5.219901229601303,0.0013776494662809157,,,,,,0.045863170298078244,,,,,0.023835692537295984
R02a,T2,Weights wmedian (instead of wstrict),proc_innov:Korea,4.93113579110863,1.4195961531280012,3.473618733217293,0.0005273748736569559,2.146641356705083,7.715630225512178,M4 Pooled x Korea,D4_co2,env_co2_monitor,logit,1999,1577,True,0.1713342390322976,,504,1495,5.219901229601303,0.0013776494662809157,,,,,,138.5367718497638,,,,,0.011074872346796072
R02a,T2,Weights wmedian (instead of wstrict),web:Korea,-0.7794181495423467,0.9703977804190083,-0.803194489177213,0.4219833684541213,-2.682823715118464,1.1239874160337708,M4 Pooled x Korea,D4_co2,env_co2_monitor,logit,1999,1577,True,0.1713342390322976,,504,1495,5.219901229601303,0.0013776494662809157,,,,,,0.45867281266441184,,,,,1.0
R02b,T2,Weights wweak (instead of wstrict),prod_innov,1.0191593095917098,0.98697171422084,1.0326124800813365,0.302430151138805,-0.9213383855188713,2.959657004702291,M1 Morocco,D1_sales,g_sales,ols,494,387,True,0.04601201150301115,72.0,494,0,,,,,,,,,,,,1.0,
R02b,T2,Weights wweak (instead of wstrict),proc_innov,1.315821096190447,1.574689944808961,0.8356064636902729,0.40389192087381875,-1.7801969197137784,4.411839112094673,M1 Morocco,D1_sales,g_sales,ols,494,387,True,0.04601201150301115,37.0,494,0,,,,,,,,,,,,1.0,
R02b,T2,Weights wweak (instead of wstrict),web,0.5932455873808484,1.1375808610708216,0.5214975107988523,0.6023185451069797,-1.6433666752639002,2.829857850025597,M1 Morocco,D1_sales,g_sales,ols,494,387,True,0.04601201150301115,314.0,494,0,,,,,,,,,,,,1.0,
R02b,T2,Weights wweak (instead of wstrict),prod_innov,8.240463685100966,3.7425816261074405,2.201812681283228,0.027882024283377344,0.8971958020213116,15.583731568180621,M2 Korea,D1_sales,g_sales,ols,1431,1119,True,0.08454969094095621,111.0,0,1431,,,,,,,,,,,,0.5018764371007922,
R02b,T2,Weights wweak (instead of wstrict),proc_innov,-13.874744174609818,5.133770058998747,-2.7026423106522706,0.006983185934756736,-23.947643728859703,-3.801844620359933,M2 Korea,D1_sales,g_sales,ols,1431,1119,True,0.08454969094095621,47.0,0,1431,,,,,,,,,,,,0.14664690462989144,
R02b,T2,Weights wweak (instead of wstrict),web,3.6389699759304217,1.462140067273011,2.488797111426776,0.012962120325809416,0.7701250797572481,6.507814872103595,M2 Korea,D1_sales,g_sales,ols,1431,1119,True,0.08454969094095621,593.0,0,1431,,,,,,,,,,,,0.25924240651618835,
R02b,T2,Weights wweak (instead of wstrict),prod_innov,5.357170893993983,2.4100954679863564,2.2228044345769917,0.02637698291198666,0.6296711619100206,10.084670626077944,M3 Pooled,D1_sales,g_sales,ols,1925,1506,True,0.06546014807959477,183.0,494,1431,,,,,,,,,,,,0.5011626753277465,
R02b,T2,Weights wweak (instead of wstrict),proc_innov,-5.611593643233877,2.5959920755647246,-2.1616374318142504,0.03080325523411261,-10.70373708930993,-0.5194501971578234,M3 Pooled,D1_sales,g_sales,ols,1925,1506,True,0.06546014807959477,84.0,494,1431,,,,,,,,,,,,0.5236553389799143,
R02b,T2,Weights wweak (instead of wstrict),web,2.8471461959933686,1.1266207789210192,2.527155764622166,0.011600688048670782,0.6372339741512527,5.057058417835485,M3 Pooled,D1_sales,g_sales,ols,1925,1506,True,0.06546014807959477,907.0,494,1431,,,,,,,,,,,,0.23201376097341564,
R02b,T2,Weights wweak (instead of wstrict),Korea,-1.0006690103511053,1.0503192576406892,-0.952728423354712,0.34088057145367623,-3.0609127123350692,1.0595746916328583,M3 Pooled,D1_sales,g_sales,ols,1925,1506,True,0.06546014807959477,,494,1431,,,,,,,,,,,,,
R02b,T2,Weights wweak (instead of wstrict),prod_innov,1.000310411956767,1.0655880731297929,0.9387402479259217,0.3480146515999851,-1.0898836891266506,3.0905045130401847,M4 Pooled x Korea,D1_sales,g_sales,ols,1925,1506,True,0.08222764620950918,183.0,494,1431,3.839859283919965,0.009396263492084887,,,,,,,,,,1.0,
R02b,T2,Weights wweak (instead of wstrict),proc_innov,0.5942365560601794,1.562581952215512,0.38029144981332924,0.7037827093383285,-2.470831138801726,3.6593042509220854,M4 Pooled x Korea,D1_sales,g_sales,ols,1925,1506,True,0.08222764620950918,84.0,494,1431,3.839859283919965,0.009396263492084887,,,,,,,,,,1.0,
R02b,T2,Weights wweak (instead of wstrict),web,0.09481467462263456,1.1465784834461188,0.08269357570505131,0.9341061824058431,-2.1542453917960485,2.3438747410413177,M4 Pooled x Korea,D1_sales,g_sales,ols,1925,1506,True,0.08222764620950918,907.0,494,1431,3.839859283919965,0.009396263492084887,,,,,,,,,,1.0,
R02b,T2,Weights wweak (instead of wstrict),Korea,-3.3121633004990465,1.088345913834051,-3.0433001662411527,0.0023804917762638516,-5.446997826520518,-1.1773287744775747,M4 Pooled x Korea,D1_sales,g_sales,ols,1925,1506,True,0.08222764620950918,,494,1431,3.839859283919965,0.009396263492084887,,,,,,,,,,,
R02b,T2,Weights wweak (instead of wstrict),prod_innov:Korea,7.180021674799744,3.8651449357348646,1.8576332308828765,0.06341617881241424,-0.4016164349216824,14.761659784521171,M4 Pooled x Korea,D1_sales,g_sales,ols,1925,1506,True,0.08222764620950918,,494,1431,3.839859283919965,0.009396263492084887,,,,,,,,,,,0.8878265033737993
R02b,T2,Weights wweak (instead of wstrict),proc_innov:Korea,-13.982865324063551,5.129605389823163,-2.7259144244905738,0.006486669742170055,-24.044793753125568,-3.9209368950015335,M4 Pooled x Korea,D1_sales,g_sales,ols,1925,1506,True,0.08222764620950918,,494,1431,3.839859283919965,0.009396263492084887,,,,,,,,,,,0.12324672510123105
R02b,T2,Weights wweak (instead of wstrict),web:Korea,3.7246273323128323,1.8188093932972198,2.047838188014116,0.040748980728075875,0.15695914914811615,7.292295515477548,M4 Pooled x Korea,D1_sales,g_sales,ols,1925,1506,True,0.08222764620950918,,494,1431,3.839859283919965,0.009396263492084887,,,,,,,,,,,0.651983691649214
R02b,T2,Weights wweak (instead of wstrict),prod_innov,2.160603570190089,1.7673617965798027,1.2225021353133736,0.22226179759208664,-1.3142290347109071,5.635436175091085,M1 Morocco,D1_lp,g_lp,ols,494,387,True,0.02437347617008112,72.0,494,0,,,,,,,,,,,,1.0,
R02b,T2,Weights wweak (instead of wstrict),proc_innov,-1.997904923966269,3.0696878392796307,-0.6508495418984104,0.5155298516975145,-8.033257397601858,4.037447549669319,M1 Morocco,D1_lp,g_lp,ols,494,387,True,0.02437347617008112,37.0,494,0,,,,,,,,,,,,1.0,
R02b,T2,Weights wweak (instead of wstrict),web,-0.6614784091048862,1.6179924314742613,-0.40882663987628726,0.6828930275310794,-3.8426339971966867,2.5196771789869143,M1 Morocco,D1_lp,g_lp,ols,494,387,True,0.02437347617008112,314.0,494,0,,,,,,,,,,,,1.0,
R02b,T2,Weights wweak (instead of wstrict),prod_innov,7.263535811009874,3.9885152597582962,1.8211127043425288,0.06885666007995336,-0.5622750687968106,15.089346690816559,M2 Korea,D1_lp,g_lp,ols,1431,1119,True,0.12849176942398066,111.0,0,1431,,,,,,,,,,,,1.0,
R02b,T2,Weights wweak (instead of wstrict),proc_innov,-10.764578556397542,4.974525278329267,-2.163940869552262,0.030679938419889384,-20.525026118877644,-1.004130993917439,M2 Korea,D1_lp,g_lp,ols,1431,1119,True,0.12849176942398066,47.0,0,1431,,,,,,,,,,,,0.5215589531381195,
R02b,T2,Weights wweak (instead of wstrict),web,1.758980955948754,1.7423987538865966,1.009516881267947,0.3129450470369746,-1.65975565080392,5.177717562701428,M2 Korea,D1_lp,g_lp,ols,1431,1119,True,0.12849176942398066,593.0,0,1431,,,,,,,,,,,,1.0,
R02b,T2,Weights wweak (instead of wstrict),prod_innov,5.1867916364254825,2.5400181726420272,2.0420293414792328,0.04132251543277324,0.20444326468805407,10.16914000816291,M3 Pooled,D1_lp,g_lp,ols,1925,1506,True,0.08316379645088878,183.0,494,1431,,,,,,,,,,,,0.6198377314915986,
R02b,T2,Weights wweak (instead of wstrict),proc_innov,-5.890305763009674,2.689369890447009,-2.1902177844456445,0.028661335895120616,-11.16561356946163,-0.6149979565577164,M3 Pooled,D1_lp,g_lp,ols,1925,1506,True,0.08316379645088878,84.0,494,1431,,,,,,,,,,,,0.5159040461121711,
R02b,T2,Weights wweak (instead of wstrict),web,1.491718122168353,1.3597109854739242,1.0970847026351105,0.2727797522173754,-1.1754099667078284,4.158846211044534,M3 Pooled,D1_lp,g_lp,ols,1925,1506,True,0.08316379645088878,907.0,494,1431,,,,,,,,,,,,1.0,
R02b,T2,Weights wweak (instead of wstrict),Korea,0.9171539634917293,1.2470809378461012,0.735440608270217,0.46218571358828053,-1.5290457318590254,3.363353658842484,M3 Pooled,D1_lp,g_lp,ols,1925,1506,True,0.08316379645088878,,494,1431,,,,,,,,,,,,,
R02b,T2,Weights wweak (instead of wstrict),prod_innov,2.1616306043994626,1.6749382834797257,1.2905732860249761,0.19704978093342765,-1.1238285782707238,5.447089787069649,M4 Pooled x Korea,D1_lp,g_lp,ols,1925,1506,True,0.08933108483196173,183.0,494,1431,1.6488457601222732,0.17623847186909128,,,,,,,,,,1.0,
R02b,T2,Weights wweak (instead of wstrict),proc_innov,-2.1382715639725656,2.9146638405427825,-0.7336254473772751,0.4632912343722759,-7.855502565113479,3.5789594371683484,M4 Pooled x Korea,D1_lp,g_lp,ols,1925,1506,True,0.08933108483196173,84.0,494,1431,1.6488457601222732,0.17623847186909128,,,,,,,,,,1.0,
R02b,T2,Weights wweak (instead of wstrict),web,-1.3225183730457386,1.5889342985313424,-0.8323304332143544,0.40535442041246006,-4.439277260975594,1.7942405148841163,M4 Pooled x Korea,D1_lp,g_lp,ols,1925,1506,True,0.08933108483196173,907.0,494,1431,1.6488457601222732,0.17623847186909128,,,,,,,,,,1.0,
R02b,T2,Weights wweak (instead of wstrict),Korea,-1.466472502647852,1.380171262040177,-1.062529370797146,0.2881657800977957,-4.1737342514848725,1.2407892461891683,M4 Pooled x Korea,D1_lp,g_lp,ols,1925,1506,True,0.08933108483196173,,494,1431,1.6488457601222732,0.17623847186909128,,,,,,,,,,,
R02b,T2,Weights wweak (instead of wstrict),prod_innov:Korea,4.937727523496143,4.230568965717873,1.1671544805222847,0.2433327561397035,-3.3607045999018776,13.236159646894164,M4 Pooled x Korea,D1_lp,g_lp,ols,1925,1506,True,0.08933108483196173,,494,1431,1.6488457601222732,0.17623847186909128,,,,,,,,,,,1.0
R02b,T2,Weights wweak (instead of wstrict),proc_innov:Korea,-8.090327429564262,5.494636489457176,-1.472404488465718,0.14112062722725402,-18.86827912353202,2.6876242644034942,M4 Pooled x Korea,D1_lp,g_lp,ols,1925,1506,True,0.08933108483196173,,494,1431,1.6488457601222732,0.17623847186909128,,,,,,,,,,,1.0
R02b,T2,Weights wweak (instead of wstrict),web:Korea,3.792382799770512,2.229843558105926,1.7007394020914355,0.0891983808315503,-0.5815455211446956,8.16631112068572,M4 Pooled x Korea,D1_lp,g_lp,ols,1925,1506,True,0.08933108483196173,,494,1431,1.6488457601222732,0.17623847186909128,,,,,,,,,,,1.0
R02b,T2,Weights wweak (instead of wstrict),prod_innov,-1.2010758308425435,1.4845065366912829,-0.8090741274333092,0.4189683556556249,-4.1197594982064825,1.717607836521395,M1 Morocco,D2_emp,g_emp,ols,495,388,True,0.06844087076107541,72.0,495,0,,,,,,,,,,,,1.0,
R02b,T2,Weights wweak (instead of wstrict),proc_innov,3.374467998326482,2.5651593805901465,1.315500324798588,0.18911861686152287,-1.6688838517777835,8.417819848430748,M1 Morocco,D2_emp,g_emp,ols,495,388,True,0.06844087076107541,38.0,495,0,,,,,,,,,,,,1.0,
R02b,T2,Weights wweak (instead of wstrict),web,1.2107809264983798,1.0001698081988009,1.2105753608768366,0.22679510282236817,-0.7556498110089984,3.1772116640057577,M1 Morocco,D2_emp,g_emp,ols,495,388,True,0.06844087076107541,315.0,495,0,,,,,,,,,,,,1.0,
R02b,T2,Weights wweak (instead of wstrict),prod_innov,1.0760266158035345,2.119381779256248,0.5077077789076506,0.6117565024608865,-3.082300253237664,5.234353484844734,M2 Korea,D2_emp,g_emp,ols,1456,1140,True,0.15260043938441437,112.0,0,1456,,,,,,,,,,,,1.0,
R02b,T2,Weights wweak (instead of wstrict),proc_innov,-3.557099624677829,2.0095804541630815,-1.7700707713935415,0.07698259754118696,-7.4999911224894635,0.3857918731338059,M2 Korea,D2_emp,g_emp,ols,1456,1140,True,0.15260043938441437,48.0,0,1456,,,,,,,,,,,,1.0,
R02b,T2,Weights wweak (instead of wstrict),web,1.779809862421445,1.0141080081627112,1.7550496082226763,0.07951941903457901,-0.20991781181227265,3.7695375366551627,M2 Korea,D2_emp,g_emp,ols,1456,1140,True,0.15260043938441437,597.0,0,1456,,,,,,,,,,,,1.0,
R02b,T2,Weights wweak (instead of wstrict),prod_innov,0.18566067122347757,1.4054227737147005,0.13210307581166783,0.8949201554204738,-2.571101014296251,2.942422356743206,M3 Pooled,D2_emp,g_emp,ols,1951,1528,True,0.11376186921643372,184.0,495,1456,,,,,,,,,,,,1.0,
R02b,T2,Weights wweak (instead of wstrict),proc_innov,0.17768672825036227,1.8984875604187754,0.09359383329915918,0.9254440786865961,-3.546230277281763,3.9016037337824874,M3 Pooled,D2_emp,g_emp,ols,1951,1528,True,0.11376186921643372,86.0,495,1456,,,,,,,,,,,,1.0,
R02b,T2,Weights wweak (instead of wstrict),web,1.300848120046634,0.7888198991514263,1.6491066230023135,0.09933134762891288,-0.24643609608179173,2.84813233617506,M3 Pooled,D2_emp,g_emp,ols,1951,1528,True,0.11376186921643372,912.0,495,1456,,,,,,,,,,,,1.0,
R02b,T2,Weights wweak (instead of wstrict),Korea,-1.935436216089875,0.6653016370544804,-2.909110857833926,0.003676994900806793,-3.240437171423519,-0.6304352607562309,M3 Pooled,D2_emp,g_emp,ols,1951,1528,True,0.11376186921643372,,495,1456,,,,,,,,,,,,,
R02b,T2,Weights wweak (instead of wstrict),prod_innov,-1.2924501073076222,1.4672005213601775,-0.8808953435413506,0.3785130007764613,-4.170389940009794,1.5854897253945495,M4 Pooled x Korea,D2_emp,g_emp,ols,1951,1528,True,0.11747516094266042,184.0,495,1456,1.4156333669373697,0.2364513518867035,,,,,,,,,,1.0,
R02b,T2,Weights wweak (instead of wstrict),proc_innov,2.7381478215331234,2.4435625563017167,1.1205556471110998,0.26265313954574687,-2.0549434513358356,7.531239094402082,M4 Pooled x Korea,D2_emp,g_emp,ols,1951,1528,True,0.11747516094266042,86.0,495,1456,1.4156333669373697,0.2364513518867035,,,,,,,,,,1.0,
R02b,T2,Weights wweak (instead of wstrict),web,1.201003379207464,1.040308296666332,1.1544687118771226,0.2484885793452993,-0.839579786951058,3.241586545365986,M4 Pooled x Korea,D2_emp,g_emp,ols,1951,1528,True,0.11747516094266042,912.0,495,1456,1.4156333669373697,0.2364513518867035,,,,,,,,,,1.0,
R02b,T2,Weights wweak (instead of wstrict),Korea,-2.0020526068687863,0.9518909032577226,-2.103237461369808,0.03560816135718375,-3.869203488421495,-0.13490172531607736,M4 Pooled x Korea,D2_emp,g_emp,ols,1951,1528,True,0.11747516094266042,,495,1456,1.4156333669373697,0.2364513518867035,,,,,,,,,,,
R02b,T2,Weights wweak (instead of wstrict),prod_innov:Korea,2.4659467594093254,2.5944980300666463,0.9504523537240771,0.34203275922548143,-2.6232071209845866,7.555100639803237,M4 Pooled x Korea,D2_emp,g_emp,ols,1951,1528,True,0.11747516094266042,,495,1456,1.4156333669373697,0.2364513518867035,,,,,,,,,,,1.0
R02b,T2,Weights wweak (instead of wstrict),proc_innov:Korea,-6.036238535784342,2.9944858081097414,-2.015784653056912,0.04399725585981329,-11.909975533663168,-0.16250153790551636,M4 Pooled x Korea,D2_emp,g_emp,ols,1951,1528,True,0.11747516094266042,,495,1456,1.4156333669373697,0.2364513518867035,,,,,,,,,,,0.6599588378971993
R02b,T2,Weights wweak (instead of wstrict),web:Korea,0.14870160609598246,1.409347874174094,0.10551093085028747,0.9159842455410193,-2.6157592335577524,2.913162445749717,M4 Pooled x Korea,D2_emp,g_emp,ols,1951,1528,True,0.11747516094266042,,495,1456,1.4156333669373697,0.2364513518867035,,,,,,,,,,,1.0
R02b,T2,Weights wweak (instead of wstrict),prod_innov,-0.056144699026298865,0.02908986584822762,-1.9300432432114374,0.05450195994276199,-0.11338039761359417,0.001090999560996439,M1 Morocco,D3_female,female_share,ols,418,314,True,0.10560001997833579,68.0,418,0,,,,,,,,,,,,0.9265333190269538,
R02b,T2,Weights wweak (instead of wstrict),proc_innov,0.13676221029946323,0.04117311434155048,3.3216387073602434,0.001000488798638284,0.055752143953735844,0.2177722766451906,M1 Morocco,D3_female,female_share,ols,418,314,True,0.10560001997833579,35.0,418,0,,,,,,,,,,,,0.02000977597276568,
R02b,T2,Weights wweak (instead of wstrict),web,0.0191282947757108,0.03368419635873624,0.5678714900006733,0.5705280533908235,-0.047146968231779565,0.08540355778320118,M1 Morocco,D3_female,female_share,ols,418,314,True,0.10560001997833579,264.0,418,0,,,,,,,,,,,,1.0,
R02b,T2,Weights wweak (instead of wstrict),prod_innov,0.11851697010391997,0.060202887733024624,1.968626000624665,0.04923181605553806,0.0003992878485698098,0.23663465235927011,M2 Korea,D3_female,female_share,ols,1485,1170,True,0.07753954211403913,116.0,0,1485,,,,,,,,,,,,0.7877090568886089,
R02b,T2,Weights wweak (instead of wstrict),proc_innov,-0.023464619717401543,0.064703766634814,-0.3626468896290862,0.7169341764850716,-0.15041299770862646,0.10348375827382336,M2 Korea,D3_female,female_share,ols,1485,1170,True,0.07753954211403913,48.0,0,1485,,,,,,,,,,,,1.0,
R02b,T2,Weights wweak (instead of wstrict),web,0.011857060015239578,0.03212243377989165,0.36912084857847816,0.7121044376567461,-0.05116695044930204,0.0748810704797812,M2 Korea,D3_female,female_share,ols,1485,1170,True,0.07753954211403913,601.0,0,1485,,,,,,,,,,,,1.0,
R02b,T2,Weights wweak (instead of wstrict),prod_innov,0.05004752774109911,0.04246345729307642,1.1786022837396062,0.23874552438570806,-0.033247254287107605,0.13334230976930583,M3 Pooled,D3_female,female_share,ols,1903,1484,True,0.0626205046235464,184.0,418,1485,,,,,,,,,,,,1.0,
R02b,T2,Weights wweak (instead of wstrict),proc_innov,0.029868909889857305,0.04276049603422346,0.6985164499951464,0.4849637192379073,-0.05400853258982916,0.11374635236954378,M3 Pooled,D3_female,female_share,ols,1903,1484,True,0.0626205046235464,83.0,418,1485,,,,,,,,,,,,1.0,
R02b,T2,Weights wweak (instead of wstrict),web,0.022101072393606095,0.026051561288223595,0.8483588430301378,0.3963749711286134,-0.029000728009039394,0.07320287279625158,M3 Pooled,D3_female,female_share,ols,1903,1484,True,0.0626205046235464,865.0,418,1485,,,,,,,,,,,,1.0,
R02b,T2,Weights wweak (instead of wstrict),Korea,0.09215371864902784,0.023756332273457033,3.879122315189675,0.00010942109048538232,0.04555415646900979,0.1387532808290459,M3 Pooled,D3_female,female_share,ols,1903,1484,True,0.0626205046235464,,418,1485,,,,,,,,,,,,,
R02b,T2,Weights wweak (instead of wstrict),prod_innov,-0.06032933502207662,0.029591835419744816,-2.038715549959519,0.04165534230453657,-0.11837560911818276,-0.0022830609259704843,M4 Pooled x Korea,D3_female,female_share,ols,1903,1484,True,0.06888255830755663,184.0,418,1485,2.593698640354899,0.05116361187048133,,,,,,,,,,0.7081408191771217,
R02b,T2,Weights wweak (instead of wstrict),proc_innov,0.10274428403509317,0.04223668106205872,2.432584224222782,0.01510902249455102,0.019894338059717187,0.18559423001046915,M4 Pooled x Korea,D3_female,female_share,ols,1903,1484,True,0.06888255830755663,83.0,418,1485,2.593698640354899,0.05116361187048133,,,,,,,,,,0.27196240490191836,
R02b,T2,Weights wweak (instead of wstrict),web,0.03535317133963935,0.033649310612919994,1.0506358286598936,0.2935969356441107,-0.03065209934658869,0.10135844202586738,M4 Pooled x Korea,D3_female,female_share,ols,1903,1484,True,0.06888255830755663,865.0,418,1485,2.593698640354899,0.05116361187048133,,,,,,,,,,1.0,
R02b,T2,Weights wweak (instead of wstrict),Korea,0.09285886758204501,0.03306533649853264,2.8083448534136606,0.005044910730772781,0.02799909939770441,0.15771863576638562,M4 Pooled x Korea,D3_female,female_share,ols,1903,1484,True,0.06888255830755663,,418,1485,2.593698640354899,0.05116361187048133,,,,,,,,,,,
R02b,T2,Weights wweak (instead of wstrict),prod_innov:Korea,0.17160304757319095,0.06709896883779484,2.557461769465108,0.010642588060464545,0.03998413710419271,0.3032219580421892,M4 Pooled x Korea,D3_female,female_share,ols,1903,1484,True,0.06888255830755663,,418,1485,2.593698640354899,0.05116361187048133,,,,,,,,,,,0.18092399702789724
R02b,T2,Weights wweak (instead of wstrict),proc_innov:Korea,-0.13539468622392514,0.0770949701486868,-1.7562064809520053,0.07925941387286195,-0.2866213913338032,0.015832018885952925,M4 Pooled x Korea,D3_female,female_share,ols,1903,1484,True,0.06888255830755663,,418,1485,2.593698640354899,0.05116361187048133,,,,,,,,,,,1.0
R02b,T2,Weights wweak (instead of wstrict),web:Korea,-0.018110332672638927,0.04525445427528213,-0.40018895294757195,0.6890749486260512,-0.1068798334377044,0.07065916809242655,M4 Pooled x Korea,D3_female,female_share,ols,1903,1484,True,0.06888255830755663,,418,1485,2.593698640354899,0.05116361187048133,,,,,,,,,,,1.0
R02b,T2,Weights wweak (instead of wstrict),prod_innov,0.01458483294714455,0.046193660943711,0.3157323461527937,0.7524202045431095,-0.07631141706963245,0.10548108296392154,M1 Morocco,D3_lowskill,lowskill_prod_share,ols,407,307,True,0.13830046523253847,69.0,407,0,,,,,,,,,,,,1.0,
R02b,T2,Weights wweak (instead of wstrict),proc_innov,-0.029137569080243206,0.043452873641734314,-0.6705556304625623,0.5030077814083073,-0.11464071357661441,0.05636557541612801,M1 Morocco,D3_lowskill,lowskill_prod_share,ols,407,307,True,0.13830046523253847,36.0,407,0,,,,,,,,,,,,1.0,
R02b,T2,Weights wweak (instead of wstrict),web,-0.06189250244378466,0.045444729075917525,-1.3619291764373898,0.17421873727343987,-0.15131506328092637,0.02753005839335706,M1 Morocco,D3_lowskill,lowskill_prod_share,ols,407,307,True,0.13830046523253847,254.0,407,0,,,,,,,,,,,,1.0,
R02b,T2,Weights wweak (instead of wstrict),prod_innov,0.038920044075285175,0.0619464067259189,0.6282857413745793,0.529941306729233,-0.08262037788809334,0.16046046603866368,M2 Korea,D3_lowskill,lowskill_prod_share,ols,1465,1152,True,0.0996231035922841,113.0,0,1465,,,,,,,,,,,,1.0,
R02b,T2,Weights wweak (instead of wstrict),proc_innov,-0.03985554180158328,0.08065895711871708,-0.49412418936835867,0.6213126781174723,-0.19811046248987452,0.11839937888670797,M2 Korea,D3_lowskill,lowskill_prod_share,ols,1465,1152,True,0.0996231035922841,45.0,0,1465,,,,,,,,,,,,1.0,
R02b,T2,Weights wweak (instead of wstrict),web,0.06310973497447789,0.027939378957176044,2.25880951295335,0.024081592739817786,0.00829196446400373,0.11792750548495204,M2 Korea,D3_lowskill,lowskill_prod_share,ols,1465,1152,True,0.0996231035922841,588.0,0,1465,,,,,,,,,,,,0.4575502620565379,
R02b,T2,Weights wweak (instead of wstrict),prod_innov,0.029043047209278326,0.04467247654268065,0.6501329108434414,0.5157087242304322,-0.05858609270923091,0.11667218712778757,M3 Pooled,D3_lowskill,lowskill_prod_share,ols,1872,1459,True,0.11537156176867669,182.0,407,1465,,,,,,,,,,,,1.0,
R02b,T2,Weights wweak (instead of wstrict),proc_innov,-0.04842161942609832,0.044011533940803316,-1.1002029488730543,0.2714251965873102,-0.13475426010793154,0.037911021255734895,M3 Pooled,D3_lowskill,lowskill_prod_share,ols,1872,1459,True,0.11537156176867669,81.0,407,1465,,,,,,,,,,,,1.0,
R02b,T2,Weights wweak (instead of wstrict),web,0.03288793014733161,0.024028495780304554,1.3687053258776551,0.17130210065269547,-0.01424615736518637,0.08002201765984959,M3 Pooled,D3_lowskill,lowskill_prod_share,ols,1872,1459,True,0.11537156176867669,842.0,407,1465,,,,,,,,,,,,1.0,
R02b,T2,Weights wweak (instead of wstrict),Korea,-0.0992108445809467,0.02552775921966444,-3.8863906435047775,0.00010630779268998075,-0.14928587416496258,-0.049135814996930816,M3 Pooled,D3_lowskill,lowskill_prod_share,ols,1872,1459,True,0.11537156176867669,,407,1465,,,,,,,,,,,,,
R02b,T2,Weights wweak (instead of wstrict),prod_innov,0.01269418807552418,0.049786823771566874,0.25497083593377967,0.7987815591170486,-0.08496721071011384,0.1103555868611622,M4 Pooled x Korea,D3_lowskill,lowskill_prod_share,ols,1872,1459,True,0.12794139835951002,182.0,407,1465,2.628695360879252,0.048829995223788815,,,,,,,,,,1.0,
R02b,T2,Weights wweak (instead of wstrict),proc_innov,-0.04133456711896766,0.04553964580145126,-0.9076611464916226,0.36420716722003504,-0.13066473868360107,0.04799560444566575,M4 Pooled x Korea,D3_lowskill,lowskill_prod_share,ols,1872,1459,True,0.12794139835951002,81.0,407,1465,2.628695360879252,0.048829995223788815,,,,,,,,,,1.0,
R02b,T2,Weights wweak (instead of wstrict),web,-0.07375860554319696,0.044099384924376164,-1.672554065542681,0.09462951356519445,-0.16026357394731638,0.012746362860922456,M4 Pooled x Korea,D3_lowskill,lowskill_prod_share,ols,1872,1459,True,0.12794139835951002,842.0,407,1465,2.628695360879252,0.048829995223788815,,,,,,,,,,1.0,
R02b,T2,Weights wweak (instead of wstrict),Korea,-0.18291301496214082,0.03842638637863223,-4.760088892039385,2.127182456506725e-06,-0.25828987895397093,-0.1075361509703107,M4 Pooled x Korea,D3_lowskill,lowskill_prod_share,ols,1872,1459,True,0.12794139835951002,,407,1465,2.628695360879252,0.048829995223788815,,,,,,,,,,,
R02b,T2,Weights wweak (instead of wstrict),prod_innov:Korea,0.025136086769134328,0.08051408158220176,0.31219491392286897,0.7549370076725125,-0.1327996326359948,0.1830718061742635,M4 Pooled x Korea,D3_lowskill,lowskill_prod_share,ols,1872,1459,True,0.12794139835951002,,407,1465,2.628695360879252,0.048829995223788815,,,,,,,,,,,1.0
R02b,T2,Weights wweak (instead of wstrict),proc_innov:Korea,0.005815323999971603,0.09378298016050701,0.062008308863920024,0.9505647083753856,-0.17814855099603732,0.1897791989959805,M4 Pooled x Korea,D3_lowskill,lowskill_prod_share,ols,1872,1459,True,0.12794139835951002,,407,1465,2.628695360879252,0.048829995223788815,,,,,,,,,,,1.0
R02b,T2,Weights wweak (instead of wstrict),web:Korea,0.13666058456293886,0.051071430137841364,2.675871503776046,0.007536933005162686,0.036479313146041525,0.2368418559798362,M4 Pooled x Korea,D3_lowskill,lowskill_prod_share,ols,1872,1459,True,0.12794139835951002,,407,1465,2.628695360879252,0.048829995223788815,,,,,,,,,,,0.13566479409292836
R02b,T2,Weights wweak (instead of wstrict),prod_innov,-0.5465624125027815,1.223944098357308,-0.44655831359973,0.6554380998077038,-2.9528029841712105,1.8596781591656475,M1 Morocco,D4_energy,env_energy_mgmt,logit,502,396,True,0.18693035885297593,74.0,502,0,,,-0.03804242154114508,0.07304793779861692,0.6028061811236967,-0.18165266635841348,0.10556782327612331,0.5789365386548799,23.0,60.0,False,1.0,
R02b,T2,Weights wweak (instead of wstrict),proc_innov,1.5137880829946675,1.1931383783997667,1.2687447746211593,0.2052773798528735,-0.8318892870530514,3.8594654530423864,M1 Morocco,D4_energy,env_energy_mgmt,logit,502,396,True,0.18693035885297593,39.0,502,0,,,0.17602813403303225,0.17570350622365988,0.31702898708525845,-0.16940014641474227,0.5214564144808067,4.543910945633179,10.0,73.0,False,1.0,
R02b,T2,Weights wweak (instead of wstrict),web,1.1338165449002997,0.41663326815358226,2.721377843697168,0.006787900432622764,0.3147269519332079,1.9529061378673915,M1 Morocco,D4_energy,env_energy_mgmt,logit,502,396,True,0.18693035885297593,317.0,502,0,,,0.07394472569875933,0.030568501071023234,0.016013840466012706,0.013847889911155535,0.13404156148636312,3.1074937865524124,47.0,36.0,False,0.1289701082198325,
R02b,T2,Weights wweak (instead of wstrict),prod_innov,-0.03735569942989425,0.5066371033072058,-0.07373265634523248,0.9412358144072873,-1.0313824484144378,0.9566710495546493,M2 Korea,D4_energy,env_energy_mgmt,logit,1476,1161,True,0.1404779053659332,116.0,0,1476,,,-0.0032556021173565436,0.04370360957738448,0.9406311413577074,-0.08900249405147395,0.08249128981676088,0.9633334172530362,49.0,198.0,False,1.0,
R02b,T2,Weights wweak (instead of wstrict),proc_innov,0.9960382498527028,0.7931109412538451,1.255862450060323,0.20941851492284874,-0.5600528563302384,2.552129356035644,M2 Korea,D4_energy,env_energy_mgmt,logit,1476,1161,True,0.1404779053659332,47.0,0,1476,,,0.11946336634181226,0.12208564014936814,0.32802054466105396,-0.12006980480413776,0.3589965374877623,2.7075339792290904,21.0,226.0,False,1.0,
R02b,T2,Weights wweak (instead of wstrict),web,0.571901525945748,0.3630123374255075,1.5754327525110794,0.11542902334970892,-0.14033208516732343,1.2841351370588194,M2 Korea,D4_energy,env_energy_mgmt,logit,1476,1161,True,0.1404779053659332,598.0,0,1476,,,0.05380482021257016,0.035672588613590246,0.13175086567838362,-0.016185133258975803,0.12379477368411612,1.7716326559891273,157.0,90.0,False,1.0,
R02b,T2,Weights wweak (instead of wstrict),prod_innov,-0.20824514114870574,0.521018082436239,-0.39968889404945035,0.6894404943658639,-1.230216256841337,0.8137259745439255,M3 Pooled,D4_energy,env_energy_mgmt,logit,1978,1557,True,0.1407735500313666,190.0,502,1476,,,-0.016995489434054902,0.04008018875727684,0.6715972887991852,-0.09561232942915844,0.06162135056104863,0.8120079557484375,72.0,258.0,False,1.0,
R02b,T2,Weights wweak (instead of wstrict),proc_innov,1.2619371136562023,0.7288126168886713,1.7314973484452831,0.0835611768074767,-0.1676206470453787,2.691494874357783,M3 Pooled,D4_energy,env_energy_mgmt,logit,1978,1557,True,0.1407735500313666,86.0,502,1476,,,0.15892233165232508,0.12171212198560585,0.19183962086556056,-0.07981462833441269,0.3976592916390629,3.53225724815767,31.0,299.0,False,1.0,
R02b,T2,Weights wweak (instead of wstrict),web,0.6477490768520993,0.31221537794125426,2.0746866510014708,0.03817952641435467,0.03534212038131723,1.2601560333228812,M3 Pooled,D4_energy,env_energy_mgmt,logit,1978,1557,True,0.1407735500313666,915.0,502,1476,,,0.057921038641233574,0.028430445251827554,0.04178987218156752,0.002155039661334124,0.11368703762113302,1.9112339428744318,204.0,126.0,False,0.6108724226296747,
R02b,T2,Weights wweak (instead of wstrict),Korea,0.4331630536864971,0.2956027775148735,1.4653551544004086,0.14302594517671804,-0.14665847367035023,1.0129845810433444,M3 Pooled,D4_energy,env_energy_mgmt,logit,1978,1557,True,0.1407735500313666,,502,1476,,,,,,,,1.5421276498002037,,,,,
R02b,T2,Weights wweak (instead of wstrict),prod_innov,-0.613182038872679,1.2600458539708843,-0.4866347021739795,0.6265857177180448,-3.0847478263501,1.858383748604742,M4 Pooled x Korea,D4_energy,env_energy_mgmt,logit,1978,1557,True,0.142599529800709,190.0,502,1476,0.4921583703805224,0.6877627396319783,-0.04465590551355534,0.0760578637320013,0.5572010664941462,-0.19384255080605103,0.10453073977894037,0.5416246533868588,72.0,258.0,False,1.0,
R02b,T2,Weights wweak (instead of wstrict),proc_innov,1.6916209551040662,1.284049192712252,1.3174113302707,0.1878946118452732,-0.8270271116661576,4.21026902187429,M4 Pooled x Korea,D4_energy,env_energy_mgmt,logit,1978,1557,True,0.142599529800709,86.0,502,1476,0.4921583703805224,0.6877627396319783,0.2351148594359822,0.24196758622723333,0.33136111393259826,-0.2395018427364623,0.7097315616084268,5.428272563720557,31.0,299.0,False,1.0,
R02b,T2,Weights wweak (instead of wstrict),web,1.1207549589259826,0.414611261524064,2.703146448087817,0.006943338428429131,0.3074996271010436,1.9340102907509218,M4 Pooled x Korea,D4_energy,env_energy_mgmt,logit,1978,1557,True,0.142599529800709,915.0,502,1476,0.4921583703805224,0.6877627396319783,0.10459670491641293,0.045725579542051614,0.022300954117187397,0.014906494316090105,0.19428691551673577,3.067168915977173,204.0,126.0,False,0.13192343014015348,
R02b,T2,Weights wweak (instead of wstrict),Korea,0.8732346090321804,0.362288586378227,2.4103287872296617,0.01605343769028922,0.16260961672402396,1.583859601340337,M4 Pooled x Korea,D4_energy,env_energy_mgmt,logit,1978,1557,True,0.142599529800709,,502,1476,0.4921583703805224,0.6877627396319783,,,,,,2.394644077165085,,,,,
R02b,T2,Weights wweak (instead of wstrict),prod_innov:Korea,0.5666243982169658,1.3542218961767238,0.41841325990716527,0.6757026971822507,-2.0896666380936306,3.222915434527562,M4 Pooled x Korea,D4_energy,env_energy_mgmt,logit,1978,1557,True,0.142599529800709,,502,1476,0.4921583703805224,0.6877627396319783,,,,,,1.7623081491209887,,,,,1.0
R02b,T2,Weights wweak (instead of wstrict),proc_innov:Korea,-0.7478110059853336,1.5081854711180487,-0.49583490910502276,0.6200808717787437,-3.706099864949364,2.210477852978697,M4 Pooled x Korea,D4_energy,env_energy_mgmt,logit,1978,1557,True,0.142599529800709,,502,1476,0.4921583703805224,0.6877627396319783,,,,,,0.4734016928420966,,,,,1.0
R02b,T2,Weights wweak (instead of wstrict),web:Korea,-0.5584139717755386,0.5240704141877013,-1.0655323343163137,0.2868003038666058,-1.5863722019094189,0.4695442583583417,M4 Pooled x Korea,D4_energy,env_energy_mgmt,logit,1978,1557,True,0.142599529800709,,502,1476,0.4921583703805224,0.6877627396319783,,,,,,0.5721157363601839,,,,,1.0
R02b,T2,Weights wweak (instead of wstrict),prod_innov,2.2358754370642626,0.8285615035143982,2.69850267913806,0.007262504139916148,0.6069587947027719,3.8647920794257535,M1 Morocco,D4_co2,env_co2_monitor,logit,504,397,True,0.2718865145987621,74.0,504,0,,,0.18122654221139015,0.09855052597683378,0.06667363162905077,-0.012519596362803642,0.37497268078558393,9.354667691401229,8.0,32.0,False,0.13072507451849066,
R02b,T2,Weights wweak (instead of wstrict),proc_innov,-6.456434013049035,1.4062637493289656,-4.59119707532096,5.92339397215495e-06,-9.22108867672279,-3.69177934937528,M1 Morocco,D4_co2,env_co2_monitor,logit,504,397,True,0.2718865145987621,39.0,504,0,,,-0.08126727820085446,0.021173057275841893,0.00014414611403815953,-0.12289260742506283,-0.03964194897664609,0.0015703857124919657,1.0,39.0,True,0.00012439127341525396,
R02b,T2,Weights wweak (instead of wstrict),web,-0.06862153269617965,0.651772965191171,-0.10528441092375215,0.916203306089005,-1.3499794349617242,1.212736369569365,M1 Morocco,D4_co2,env_co2_monitor,logit,504,397,True,0.2718865145987621,318.0,504,0,,,-0.003026221548175985,0.02912525874012633,0.9172982559740499,-0.060285240309782995,0.05423279721343102,0.9336799805625184,26.0,14.0,False,1.0,
R02b,T2,Weights wweak (instead of wstrict),prod_innov,-0.8073190163734922,0.4650116662731742,-1.7361263704279353,0.08280250544613986,-1.7196609371474834,0.10502290440049888,M2 Korea,D4_co2,env_co2_monitor,logit,1495,1180,True,0.17943820266984367,116.0,0,1495,,,-0.032208513579655644,0.015645449077370453,0.03974684777946028,-0.06290451563271912,-0.0015125115265921599,0.44605232359150265,30.0,146.0,False,1.0,
R02b,T2,Weights wweak (instead of wstrict),proc_innov,-0.677716824715049,0.5612234980021306,-1.2075702944150002,0.22745457342698036,-1.7788240899464722,0.4233904405163741,M2 Korea,D4_co2,env_co2_monitor,logit,1495,1180,True,0.17943820266984367,48.0,0,1495,,,-0.02762548417011133,0.018524730922645522,0.13615635121384,-0.06397056928859786,0.008719600948375195,0.5077750092361931,11.0,165.0,False,1.0,
R02b,T2,Weights wweak (instead of wstrict),web,-0.32841672692781504,0.38793550480181827,-0.8465755850204814,0.3974033786674507,-1.0895370369275224,0.4327035830718922,M2 Korea,D4_co2,env_co2_monitor,logit,1495,1180,True,0.17943820266984367,606.0,0,1495,,,-0.01651935170190299,0.019385458762474876,0.39430281284229196,-0.05455316453973289,0.021514461135926914,0.7200628875781011,109.0,67.0,False,1.0,
R02b,T2,Weights wweak (instead of wstrict),prod_innov,0.6202229526473796,0.5186132404768379,1.1959257964125962,0.23190530305164342,-0.3970210561742863,1.6374669614690456,M3 Pooled,D4_co2,env_co2_monitor,logit,1999,1577,True,0.16144881241476372,190.0,504,1495,,,0.03990387085287354,0.04059890447631893,0.3258170293628302,-0.03972963851392603,0.11953738021967311,1.8593425409796824,38.0,178.0,False,1.0,
R02b,T2,Weights wweak (instead of wstrict),proc_innov,-2.493650252720055,0.7934445050921858,-3.142816210480066,0.0017044494860388281,-4.049967381059059,-0.9373331243810505,M3 Pooled,D4_co2,env_co2_monitor,logit,1999,1577,True,0.16144881241476372,87.0,504,1495,,,-0.05668833291308084,0.011635585090424639,1.2159145514637847e-06,-0.07951117718039336,-0.03386548864576833,0.08260787593318573,12.0,204.0,False,0.03579343920681539,
R02b,T2,Weights wweak (instead of wstrict),web,-0.28084912333496304,0.32373105278692915,-0.8675384116450829,0.3857790627281539,-0.9158376816954237,0.3541394350254976,M3 Pooled,D4_co2,env_co2_monitor,logit,1999,1577,True,0.16144881241476372,924.0,504,1495,,,-0.014403903748757331,0.016950327499543498,0.39558117322834935,-0.047651452694137245,0.018843645196622585,0.7551422602315508,135.0,81.0,False,1.0,
R02b,T2,Weights wweak (instead of wstrict),Korea,0.11752971405366673,0.391946837678855,0.2998613657650319,0.76432242310877,-0.6512620199152236,0.8863214480225571,M3 Pooled,D4_co2,env_co2_monitor,logit,1999,1577,True,0.16144881241476372,,504,1495,,,,,,,,1.1247150492905527,,,,,
R02b,T2,Weights wweak (instead of wstrict),prod_innov,2.3072056187920187,0.7981318878910633,2.8907573469949224,0.0038957581744154305,0.7416943324619307,3.8727169051221066,M4 Pooled x Korea,D4_co2,env_co2_monitor,logit,1999,1577,True,0.18132144275139506,190.0,504,1495,5.2306736417526425,0.0013570164054961273,0.2510870675178477,0.1341795043075878,0.061491676350069004,-0.012101926149294562,0.5142760611849899,10.046312168871069,38.0,178.0,False,0.07791516348830861,
R02b,T2,Weights wweak (instead of wstrict),proc_innov,-5.760714506733156,1.3099618479735244,-4.3976200647712185,1.1677027119569589e-05,-8.330164604865658,-3.1912644086006545,M4 Pooled x Korea,D4_co2,env_co2_monitor,logit,1999,1577,True,0.18132144275139506,87.0,504,1495,5.2306736417526425,0.0013570164054961273,-0.07230705616615436,0.010620123564616517,1.3974205703835859e-11,-0.09313810370963574,-0.05147600862267299,0.003148860912151433,12.0,204.0,False,0.0002452175695109614,
R02b,T2,Weights wweak (instead of wstrict),web,0.23707309163487955,0.8560059596373941,0.27695261810479005,0.7818527846386712,-1.4419564162815692,1.9161025995513283,M4 Pooled x Korea,D4_co2,env_co2_monitor,logit,1999,1577,True,0.18132144275139506,924.0,504,1495,5.2306736417526425,0.0013570164054961273,0.012432099694724941,0.04586863960283668,0.786398025691478,-0.0775378339419187,0.10240203333136859,1.2675337605043584,135.0,81.0,False,1.0,
R02b,T2,Weights wweak (instead of wstrict),Korea,0.8460353189900797,0.9161156193884096,0.923502777471347,0.35588652948324434,-0.9508974480059261,2.6429680859860856,M4 Pooled x Korea,D4_co2,env_co2_monitor,logit,1999,1577,True,0.18132144275139506,,504,1495,5.2306736417526425,0.0013570164054961273,,,,,,2.3303892623035596,,,,,
R02b,T2,Weights wweak (instead of wstrict),prod_innov:Korea,-3.0427971245285197,0.938806308774228,-3.241134082813537,0.0012153913732651795,-4.88423698473436,-1.2013572643226789,M4 Pooled x Korea,D4_co2,env_co2_monitor,logit,1999,1577,True,0.18132144275139506,,504,1495,5.2306736417526425,0.0013570164054961273,,,,,,0.04770127630495434,,,,,0.02430782746530359
R02b,T2,Weights wweak (instead of wstrict),proc_innov:Korea,4.824786732247564,1.4014746195404442,3.4426500951045793,0.0005911042596413413,2.0758371317083704,7.573736332786758,M4 Pooled x Korea,D4_co2,env_co2_monitor,logit,1999,1577,True,0.18132144275139506,,504,1495,5.2306736417526425,0.0013570164054961273,,,,,,124.55990094018948,,,,,0.012413189452468167
R02b,T2,Weights wweak (instead of wstrict),web:Korea,-0.6157398696322276,0.9616261043758504,-0.6403111009885464,0.5220633857068658,-2.501940060941343,1.2704603216768877,M4 Pooled x Korea,D4_co2,env_co2_monitor,logit,1999,1577,True,0.18132144275139506,,504,1495,5.2306736417526425,0.0013570164054961273,,,,,,0.5402410394677744,,,,,1.0
R03,T2,"Weighted, strata ignored (HC-type SE)",prod_innov,0.9099668085782502,1.020211951398799,0.891938981238758,0.3728697666457684,-1.094635045529533,2.914568662686033,M1 Morocco,D1_sales,g_sales,ols,494,483,True,0.03818328303487395,72.0,494,0,,,,,,,,,,,,1.0,
R03,T2,"Weighted, strata ignored (HC-type SE)",proc_innov,0.9499603582015897,1.484190314578855,0.6400529291091249,0.5224416814443744,-1.9663068472299048,3.866227563633084,M1 Morocco,D1_sales,g_sales,ols,494,483,True,0.03818328303487395,37.0,494,0,,,,,,,,,,,,1.0,
R03,T2,"Weighted, strata ignored (HC-type SE)",web,0.3618261923429166,1.2099007129647967,0.2990544500600226,0.7650271304950652,-2.015492764928824,2.739145149614657,M1 Morocco,D1_sales,g_sales,ols,494,483,True,0.03818328303487395,314.0,494,0,,,,,,,,,,,,1.0,
R03,T2,"Weighted, strata ignored (HC-type SE)",prod_innov,8.344827448730102,3.1967879121568528,2.61037881712331,0.009139364315766473,2.0738931998848518,14.615761697575353,M2 Korea,D1_sales,g_sales,ols,1431,1420,True,0.07262912224027473,111.0,0,1431,,,,,,,,,,,,0.19192665063109593,
R03,T2,"Weighted, strata ignored (HC-type SE)",proc_innov,-10.63191396103763,4.327613884009231,-2.456761218999489,0.014138516374142835,-19.12111714458625,-2.142710777489011,M2 Korea,D1_sales,g_sales,ols,1431,1420,True,0.07262912224027473,47.0,0,1431,,,,,,,,,,,,0.2827703274828567,
R03,T2,"Weighted, strata ignored (HC-type SE)",web,2.0802081232181244,1.2009502352633084,1.7321351560933238,0.0834666510686125,-0.2756190909777243,4.436035337413973,M2 Korea,D1_sales,g_sales,ols,1431,1420,True,0.07262912224027473,593.0,0,1431,,,,,,,,,,,,1.0,
R03,T2,"Weighted, strata ignored (HC-type SE)",prod_innov,5.467288170607338,2.147014259358172,2.5464610431799035,0.010959902713562284,1.2565534238580094,9.678022917356667,M3 Pooled,D1_sales,g_sales,ols,1925,1913,True,0.06381028082738671,183.0,494,1431,,,,,,,,,,,,0.2082381515576834,
R03,T2,"Weighted, strata ignored (HC-type SE)",proc_innov,-4.89523193569889,2.3228493173596574,-2.107425522230265,0.03521054408720785,-9.450815248402723,-0.3396486229950568,M3 Pooled,D1_sales,g_sales,ols,1925,1913,True,0.06381028082738671,84.0,494,1431,,,,,,,,,,,,0.5985792494825334,
R03,T2,"Weighted, strata ignored (HC-type SE)",web,1.83592401814774,0.9496012736844034,1.9333630535524144,0.05333887818208995,-0.026438591337514472,3.698286627632995,M3 Pooled,D1_sales,g_sales,ols,1925,1913,True,0.06381028082738671,907.0,494,1431,,,,,,,,,,,,0.8000831727313492,
R03,T2,"Weighted, strata ignored (HC-type SE)",Korea,-1.3594718389282217,0.988188299555501,-1.375721448573848,0.16906893645708546,-3.297511510128808,0.5785678322723649,M3 Pooled,D1_sales,g_sales,ols,1925,1913,True,0.06381028082738671,,494,1431,,,,,,,,,,,,,
R03,T2,"Weighted, strata ignored (HC-type SE)",prod_innov,0.9685504444378178,1.0395277151199767,0.9317216177598814,0.3515981648741032,-1.0701783640867548,3.00727925296239,M4 Pooled x Korea,D1_sales,g_sales,ols,1925,1910,True,0.07589662517311369,183.0,494,1431,3.212205372880099,0.022139893159473928,,,,,,,,,,1.0,
R03,T2,"Weighted, strata ignored (HC-type SE)",proc_innov,0.5248149531785352,1.4519675560179384,0.36145088160086364,0.7178023952821966,-2.322793669892318,3.3724235762493886,M4 Pooled x Korea,D1_sales,g_sales,ols,1925,1910,True,0.07589662517311369,84.0,494,1431,3.212205372880099,0.022139893159473928,,,,,,,,,,1.0,
R03,T2,"Weighted, strata ignored (HC-type SE)",web,0.25900017481578663,1.1777049805092854,0.21991940180450362,0.8259574269864007,-2.050722824180962,2.5687231738125353,M4 Pooled x Korea,D1_sales,g_sales,ols,1925,1910,True,0.07589662517311369,907.0,494,1431,3.212205372880099,0.022139893159473928,,,,,,,,,,1.0,
R03,T2,"Weighted, strata ignored (HC-type SE)",Korea,-2.7904537620226613,1.1701085197818217,-2.3847820222204423,0.017186294276885054,-5.085278530695538,-0.4956289933497846,M4 Pooled x Korea,D1_sales,g_sales,ols,1925,1910,True,0.07589662517311369,,494,1431,3.212205372880099,0.022139893159473928,,,,,,,,,,,
R03,T2,"Weighted, strata ignored (HC-type SE)",prod_innov:Korea,7.232552909719136,3.3422161484289608,2.1639991516164696,0.030588011918456438,0.6777759210827714,13.7873298983555,M4 Pooled x Korea,D1_sales,g_sales,ols,1925,1910,True,0.07589662517311369,,494,1431,3.212205372880099,0.022139893159473928,,,,,,,,,,,0.489408190695303
R03,T2,"Weighted, strata ignored (HC-type SE)",proc_innov:Korea,-11.227772535141966,4.459351571608829,-2.5178038454346967,0.011890102410797956,-19.97348309595079,-2.482061974333142,M4 Pooled x Korea,D1_sales,g_sales,ols,1925,1910,True,0.07589662517311369,,494,1431,3.212205372880099,0.022139893159473928,,,,,,,,,,,0.20213174098356526
R03,T2,"Weighted, strata ignored (HC-type SE)",web:Korea,2.0590602548621453,1.6503386123737251,1.2476592618169098,0.21230880945137046,-1.1775950299644435,5.295715539688734,M4 Pooled x Korea,D1_sales,g_sales,ols,1925,1910,True,0.07589662517311369,,494,1431,3.212205372880099,0.022139893159473928,,,,,,,,,,,1.0
R03,T2,"Weighted, strata ignored (HC-type SE)",prod_innov,2.1637553258683035,1.7905058277203123,1.2084603648697507,0.22746153295254432,-1.3543874454624523,5.68189809719906,M1 Morocco,D1_lp,g_lp,ols,494,483,True,0.02321738233936055,72.0,494,0,,,,,,,,,,,,1.0,
R03,T2,"Weighted, strata ignored (HC-type SE)",proc_innov,-2.462014823823008,3.3229684291629136,-0.7409082801437304,0.4591090967845995,-8.991274420427892,4.067244772781877,M1 Morocco,D1_lp,g_lp,ols,494,483,True,0.02321738233936055,37.0,494,0,,,,,,,,,,,,1.0,
R03,T2,"Weighted, strata ignored (HC-type SE)",web,-1.1615556667086795,1.7340777013414947,-0.6698406108388868,0.503279499784677,-4.568823509934825,2.2457121765174666,M1 Morocco,D1_lp,g_lp,ols,494,483,True,0.02321738233936055,314.0,494,0,,,,,,,,,,,,1.0,
R03,T2,"Weighted, strata ignored (HC-type SE)",prod_innov,6.745132990935406,3.322596903723701,2.0300786361944776,0.04253464145500246,0.22740729526660264,13.262858686604208,M2 Korea,D1_lp,g_lp,ols,1431,1420,True,0.10816425904464777,111.0,0,1431,,,,,,,,,,,,0.7656235461900442,
R03,T2,"Weighted, strata ignored (HC-type SE)",proc_innov,-7.464236557101515,3.9132361932655653,-1.9074331802274034,0.05666609120325062,-15.140581545409827,0.21210843120679623,M2 Korea,D1_lp,g_lp,ols,1431,1420,True,0.10816425904464777,47.0,0,1431,,,,,,,,,,,,0.9633235504552605,
R03,T2,"Weighted, strata ignored (HC-type SE)",web,0.9014471603960516,1.389938939480297,0.6485516268312519,0.5167330939292247,-1.825107099348338,3.6280014201404414,M2 Korea,D1_lp,g_lp,ols,1431,1420,True,0.10816425904464777,593.0,0,1431,,,,,,,,,,,,1.0,
R03,T2,"Weighted, strata ignored (HC-type SE)",prod_innov,4.969609142073155,2.208451819795722,2.2502683090151523,0.02454511944653761,0.6383827547293022,9.300835529417007,M3 Pooled,D1_lp,g_lp,ols,1925,1913,True,0.0746984888899398,183.0,494,1431,,,,,,,,,,,,0.441812150037677,
R03,T2,"Weighted, strata ignored (HC-type SE)",proc_innov,-5.106780532937368,2.4908424054733254,-2.0502222548146096,0.040478776169518726,-9.991832702334033,-0.22172836354070302,M3 Pooled,D1_lp,g_lp,ols,1925,1913,True,0.0746984888899398,84.0,494,1431,,,,,,,,,,,,0.6476604187122996,
R03,T2,"Weighted, strata ignored (HC-type SE)",web,0.8429092066091238,1.125695063987179,0.7487899996856734,0.4540758423973449,-1.3648093958709544,3.050627809089202,M3 Pooled,D1_lp,g_lp,ols,1925,1913,True,0.0746984888899398,907.0,494,1431,,,,,,,,,,,,1.0,
R03,T2,"Weighted, strata ignored (HC-type SE)",Korea,0.43356876005600437,1.1973718974170824,0.36210033072538256,0.7173170508246703,-1.914722794720386,2.781860314832395,M3 Pooled,D1_lp,g_lp,ols,1925,1913,True,0.0746984888899398,,494,1431,,,,,,,,,,,,,
R03,T2,"Weighted, strata ignored (HC-type SE)",prod_innov,2.2894715713920486,1.7795931456057177,1.2865140422940797,0.19841963366597284,-1.20067858105531,5.779621723839407,M4 Pooled x Korea,D1_lp,g_lp,ols,1925,1910,True,0.07846297057423202,183.0,494,1431,1.1216549527854947,0.338985825240518,,,,,,,,,,1.0,
R03,T2,"Weighted, strata ignored (HC-type SE)",proc_innov,-2.451440493572452,3.201304611096261,-0.7657629595994541,0.4439119751049001,-8.729860819048081,3.8269798319031763,M4 Pooled x Korea,D1_lp,g_lp,ols,1925,1910,True,0.07846297057423202,84.0,494,1431,1.1216549527854947,0.338985825240518,,,,,,,,,,1.0,
R03,T2,"Weighted, strata ignored (HC-type SE)",web,-1.229564756585592,1.6512652403804449,-0.7446197779239302,0.45659321246492574,-4.468037350546519,2.008907837375335,M4 Pooled x Korea,D1_lp,g_lp,ols,1925,1910,True,0.07846297057423202,907.0,494,1431,1.1216549527854947,0.338985825240518,,,,,,,,,,1.0,
R03,T2,"Weighted, strata ignored (HC-type SE)",Korea,-1.3969986397927143,1.535943723626012,-0.909537646662418,0.3631811517073694,-4.409301892590019,1.6153046130045898,M4 Pooled x Korea,D1_lp,g_lp,ols,1925,1910,True,0.07846297057423202,,494,1431,1.1216549527854947,0.338985825240518,,,,,,,,,,,
R03,T2,"Weighted, strata ignored (HC-type SE)",prod_innov:Korea,4.193298695870023,3.720861566685074,1.1269698215636237,0.25989680234714796,-3.104080256318106,11.490677648058153,M4 Pooled x Korea,D1_lp,g_lp,ols,1925,1910,True,0.07846297057423202,,494,1431,1.1216549527854947,0.338985825240518,,,,,,,,,,,1.0
R03,T2,"Weighted, strata ignored (HC-type SE)",proc_innov:Korea,-5.158396547921191,4.9151859000641185,-1.0494814749232373,0.29408934866874903,-14.798092486723515,4.481299390881134,M4 Pooled x Korea,D1_lp,g_lp,ols,1925,1910,True,0.07846297057423202,,494,1431,1.1216549527854947,0.338985825240518,,,,,,,,,,,1.0
R03,T2,"Weighted, strata ignored (HC-type SE)",web:Korea,2.7649053042597966,2.084676866332324,1.326299221195001,0.1848991725035898,-1.3235771113975066,6.8533877199171,M4 Pooled x Korea,D1_lp,g_lp,ols,1925,1910,True,0.07846297057423202,,494,1431,1.1216549527854947,0.338985825240518,,,,,,,,,,,1.0
R03,T2,"Weighted, strata ignored (HC-type SE)",prod_innov,-1.3174538304009873,1.5106375952531428,-0.872117729984217,0.3835765743487244,-4.2856715654525495,1.650763904650575,M1 Morocco,D2_emp,g_emp,ols,495,484,True,0.07292935306251169,72.0,495,0,,,,,,,,,,,,1.0,
R03,T2,"Weighted, strata ignored (HC-type SE)",proc_innov,3.4659086991220525,2.792034167302617,1.2413561193882041,0.2150754962503875,-2.020096255540027,8.951913653784132,M1 Morocco,D2_emp,g_emp,ols,495,484,True,0.07292935306251169,38.0,495,0,,,,,,,,,,,,1.0,
R03,T2,"Weighted, strata ignored (HC-type SE)",web,1.4606372183666319,1.0193353511045766,1.432930994479736,0.1525231468761012,-0.5422318195951858,3.4635062563284498,M1 Morocco,D2_emp,g_emp,ols,495,484,True,0.07292935306251169,315.0,495,0,,,,,,,,,,,,1.0,
R03,T2,"Weighted, strata ignored (HC-type SE)",prod_innov,1.7144454696620308,2.0957897402351207,0.8180426866054283,0.4134676838376109,-2.3966704545190787,5.82556139384314,M2 Korea,D2_emp,g_emp,ols,1456,1445,True,0.10946167089025405,112.0,0,1456,,,,,,,,,,,,1.0,
R03,T2,"Weighted, strata ignored (HC-type SE)",proc_innov,-3.4624062670874487,1.878081989054822,-1.8435863222510143,0.0654481031623578,-7.146465132293465,0.22165259811856775,M2 Korea,D2_emp,g_emp,ols,1456,1445,True,0.10946167089025405,48.0,0,1456,,,,,,,,,,,,0.9633235504552605,
R03,T2,"Weighted, strata ignored (HC-type SE)",web,1.1088966448051225,0.767817938331712,1.4442182051835029,0.14889438688487489,-0.39726043409787937,2.615053723708124,M2 Korea,D2_emp,g_emp,ols,1456,1445,True,0.10946167089025405,597.0,0,1456,,,,,,,,,,,,1.0,
R03,T2,"Weighted, strata ignored (HC-type SE)",prod_innov,0.5398550317568205,1.4505702611652866,0.3721674476651263,0.7098088505865153,-2.3049862280962214,3.3846962916098624,M3 Pooled,D2_emp,g_emp,ols,1951,1939,True,0.0959007844261972,184.0,495,1456,,,,,,,,,,,,1.0,
R03,T2,"Weighted, strata ignored (HC-type SE)",proc_innov,0.10688563744401194,2.0160241463025126,0.05301803435243842,0.9577230000176002,-3.8469171019380015,4.060688376826025,M3 Pooled,D2_emp,g_emp,ols,1951,1939,True,0.0959007844261972,86.0,495,1456,,,,,,,,,,,,1.0,
R03,T2,"Weighted, strata ignored (HC-type SE)",web,0.9469365274480969,0.6012756537009877,1.5748792115887087,0.11544746288116195,-0.23227818140685785,2.1261512363030515,M3 Pooled,D2_emp,g_emp,ols,1951,1939,True,0.0959007844261972,912.0,495,1456,,,,,,,,,,,,1.0,
R03,T2,"Weighted, strata ignored (HC-type SE)",Korea,-1.8891087611720974,0.6068383062380317,-3.1130347932107907,0.0018787748734425587,-3.0792328784681824,-0.6989846438760123,M3 Pooled,D2_emp,g_emp,ols,1951,1939,True,0.0959007844261972,,495,1456,,,,,,,,,,,,,
R03,T2,"Weighted, strata ignored (HC-type SE)",prod_innov,-1.429864335083828,1.5021464008099612,-0.9518808115592738,0.341276252553415,-4.375858962046363,1.5161302918787065,M4 Pooled x Korea,D2_emp,g_emp,ols,1951,1936,True,0.10162698649126611,184.0,495,1456,1.3174505111567436,0.266986496132193,,,,,,,,,,1.0,
R03,T2,"Weighted, strata ignored (HC-type SE)",proc_innov,2.980531764400738,2.6723527457924923,1.1153212348532433,0.2648512118968025,-2.2604599433371084,8.221523472138584,M4 Pooled x Korea,D2_emp,g_emp,ols,1951,1936,True,0.10162698649126611,86.0,495,1456,1.3174505111567436,0.266986496132193,,,,,,,,,,1.0,
R03,T2,"Weighted, strata ignored (HC-type SE)",web,1.2703306782394992,0.9849737759124323,1.2897101519913319,0.1973053571137994,-0.6613901247211218,3.20205148120012,M4 Pooled x Korea,D2_emp,g_emp,ols,1951,1936,True,0.10162698649126611,912.0,495,1456,1.3174505111567436,0.266986496132193,,,,,,,,,,1.0,
R03,T2,"Weighted, strata ignored (HC-type SE)",Korea,-1.636390967634666,0.9167794908873204,-1.7849340914584133,0.07442853241369347,-3.43436981497418,0.16158787970484823,M4 Pooled x Korea,D2_emp,g_emp,ols,1951,1936,True,0.10162698649126611,,495,1456,1.3174505111567436,0.266986496132193,,,,,,,,,,,
R03,T2,"Weighted, strata ignored (HC-type SE)",prod_innov:Korea,3.2360097452123524,2.6079688413684594,1.2408161071105228,0.21482402674385012,-1.8787128875579695,8.350732377982673,M4 Pooled x Korea,D2_emp,g_emp,ols,1951,1936,True,0.10162698649126611,,495,1456,1.3174505111567436,0.266986496132193,,,,,,,,,,,1.0
R03,T2,"Weighted, strata ignored (HC-type SE)",proc_innov:Korea,-6.1533626793998595,3.141034689479737,-1.9590241075685373,0.05025330881225615,-12.313528767952043,0.006803409152324136,M4 Pooled x Korea,D2_emp,g_emp,ols,1951,1936,True,0.10162698649126611,,495,1456,1.3174505111567436,0.266986496132193,,,,,,,,,,,0.7537996321838423
R03,T2,"Weighted, strata ignored (HC-type SE)",web:Korea,-0.4704951262719617,1.230635675632036,-0.38231877686328447,0.7022668927514892,-2.8840056111391736,1.94301535859525,M4 Pooled x Korea,D2_emp,g_emp,ols,1951,1936,True,0.10162698649126611,,495,1456,1.3174505111567436,0.266986496132193,,,,,,,,,,,1.0
R03,T2,"Weighted, strata ignored (HC-type SE)",prod_innov,-0.05407304516274368,0.026630235731614743,-2.030513199646578,0.042954084124359124,-0.10642302188336727,-0.0017230684421200917,M1 Morocco,D3_female,female_share,ols,418,407,True,0.09632572702037823,68.0,418,0,,,,,,,,,,,,0.7302194301141051,
R03,T2,"Weighted, strata ignored (HC-type SE)",proc_innov,0.13639121700889742,0.03872734721396917,3.521832163079333,0.00047710225723238885,0.06026062073723379,0.21252181328056105,M1 Morocco,D3_female,female_share,ols,418,407,True,0.09632572702037823,35.0,418,0,,,,,,,,,,,,0.009542045144647777,
R03,T2,"Weighted, strata ignored (HC-type SE)",web,0.011553971587490965,0.03577818065049439,0.3229334576947336,0.7469114772812195,-0.058779124335354496,0.08188706751033643,M1 Morocco,D3_female,female_share,ols,418,407,True,0.09632572702037823,264.0,418,0,,,,,,,,,,,,1.0,
R03,T2,"Weighted, strata ignored (HC-type SE)",prod_innov,0.11160505891542648,0.05167766814137168,2.159638058940949,0.030961534120667045,0.010235452791098887,0.21297466503975407,M2 Korea,D3_female,female_share,ols,1485,1474,True,0.08548295405084916,116.0,0,1485,,,,,,,,,,,,0.5882691482926738,
R03,T2,"Weighted, strata ignored (HC-type SE)",proc_innov,0.008351537757477817,0.0593613802933063,0.14068975007340845,0.8881342658382219,-0.10809024368798739,0.12479331920294304,M2 Korea,D3_female,female_share,ols,1485,1474,True,0.08548295405084916,48.0,0,1485,,,,,,,,,,,,1.0,
R03,T2,"Weighted, strata ignored (HC-type SE)",web,0.006845843055009104,0.02331681715277633,0.2936010953018933,0.7691040713372328,-0.038891835440543164,0.052583521550561375,M2 Korea,D3_female,female_share,ols,1485,1474,True,0.08548295405084916,601.0,0,1485,,,,,,,,,,,,1.0,
R03,T2,"Weighted, strata ignored (HC-type SE)",prod_innov,0.04714645763177058,0.03735283940136072,1.2621920685915269,0.20703532632601063,-0.026110651181243588,0.12040356644478475,M3 Pooled,D3_female,female_share,ols,1903,1891,True,0.07219800602532878,184.0,418,1485,,,,,,,,,,,,1.0,
R03,T2,"Weighted, strata ignored (HC-type SE)",proc_innov,0.04498305074309489,0.04111933937089946,1.0939633620410207,0.27411037592955567,-0.03566099042994389,0.12562709191613367,M3 Pooled,D3_female,female_share,ols,1903,1891,True,0.07219800602532878,83.0,418,1485,,,,,,,,,,,,1.0,
R03,T2,"Weighted, strata ignored (HC-type SE)",web,0.017699779839846615,0.019574000923709062,0.9042494638082759,0.3659783188974154,-0.02068912816702255,0.05608868784671578,M3 Pooled,D3_female,female_share,ols,1903,1891,True,0.07219800602532878,865.0,418,1485,,,,,,,,,,,,1.0,
R03,T2,"Weighted, strata ignored (HC-type SE)",Korea,0.09709229068433027,0.022132276670379116,4.386909314859343,1.2130400595622984e-05,0.05368604295841753,0.140498538410243,M3 Pooled,D3_female,female_share,ols,1903,1891,True,0.07219800602532878,,418,1485,,,,,,,,,,,,,
R03,T2,"Weighted, strata ignored (HC-type SE)",prod_innov,-0.061999321228254155,0.029078074217867414,-2.1321673768257265,0.03312182561423573,-0.11902785905927919,-0.004970783397229117,M4 Pooled x Korea,D3_female,female_share,ols,1903,1888,True,0.07851504491131567,184.0,418,1485,2.7829577024540773,0.03961415518979092,,,,,,,,,,0.5630710354420074,
R03,T2,"Weighted, strata ignored (HC-type SE)",proc_innov,0.09934379038089344,0.042159231486216815,2.3563947178062783,0.018554969068817675,0.01666020859605448,0.1820273721657324,M4 Pooled x Korea,D3_female,female_share,ols,1903,1888,True,0.07851504491131567,83.0,418,1485,2.7829577024540773,0.03961415518979092,,,,,,,,,,0.33398944323871815,
R03,T2,"Weighted, strata ignored (HC-type SE)",web,0.029091979609703285,0.034240765454353915,0.8496299432466125,0.39563858121240497,-0.038061738117484235,0.09624569733689081,M4 Pooled x Korea,D3_female,female_share,ols,1903,1888,True,0.07851504491131567,865.0,418,1485,2.7829577024540773,0.03961415518979092,,,,,,,,,,1.0,
R03,T2,"Weighted, strata ignored (HC-type SE)",Korea,0.09505347885476338,0.03170499616401788,2.9980599386616524,0.0027525165619658744,0.0328729658116681,0.15723399189785867,M4 Pooled x Korea,D3_female,female_share,ols,1903,1888,True,0.07851504491131567,,418,1485,2.7829577024540773,0.03961415518979092,,,,,,,,,,,
R03,T2,"Weighted, strata ignored (HC-type SE)",prod_innov:Korea,0.1682234796712045,0.059051577054960176,2.848755072445168,0.004436623591062673,0.052410270349687454,0.2840366889927215,M4 Pooled x Korea,D3_female,female_share,ols,1903,1888,True,0.07851504491131567,,418,1485,2.7829577024540773,0.03961415518979092,,,,,,,,,,,0.08873247182125346
R03,T2,"Weighted, strata ignored (HC-type SE)",proc_innov:Korea,-0.08869880259705905,0.07343751551132413,-1.2078132270607878,0.22727038651336834,-0.2327260204992901,0.05532841530517198,M4 Pooled x Korea,D3_female,female_share,ols,1903,1888,True,0.07851504491131567,,418,1485,2.7829577024540773,0.03961415518979092,,,,,,,,,,,1.0
R03,T2,"Weighted, strata ignored (HC-type SE)",web:Korea,-0.017622560639379278,0.04127813682571759,-0.4269223854212301,0.6694845378707203,-0.09857812082957912,0.06333299955082056,M4 Pooled x Korea,D3_female,female_share,ols,1903,1888,True,0.07851504491131567,,418,1485,2.7829577024540773,0.03961415518979092,,,,,,,,,,,1.0
R03,T2,"Weighted, strata ignored (HC-type SE)",prod_innov,0.007008560436554666,0.044948622526488645,0.15592380906499317,0.8761725309482723,-0.08135920023895941,0.09537632111206874,M1 Morocco,D3_lowskill,lowskill_prod_share,ols,407,396,True,0.1452253037211707,69.0,407,0,,,,,,,,,,,,1.0,
R03,T2,"Weighted, strata ignored (HC-type SE)",proc_innov,-0.0260744043036268,0.04278047129488209,-0.609493152235238,0.5425471433699106,-0.11017963904678288,0.05803083043952928,M1 Morocco,D3_lowskill,lowskill_prod_share,ols,407,396,True,0.1452253037211707,36.0,407,0,,,,,,,,,,,,1.0,
R03,T2,"Weighted, strata ignored (HC-type SE)",web,-0.059274461233982265,0.038846141871475275,-1.5258776902503028,0.12783857996497358,-0.13564491209802473,0.017095989630060204,M1 Morocco,D3_lowskill,lowskill_prod_share,ols,407,396,True,0.1452253037211707,254.0,407,0,,,,,,,,,,,,1.0,
R03,T2,"Weighted, strata ignored (HC-type SE)",prod_innov,0.04426763643833839,0.054993361008422774,0.80496328332357,0.42097247305133845,-0.06360716831760443,0.15214244119428122,M2 Korea,D3_lowskill,lowskill_prod_share,ols,1465,1454,True,0.1000901942043545,113.0,0,1465,,,,,,,,,,,,1.0,
R03,T2,"Weighted, strata ignored (HC-type SE)",proc_innov,0.0020516650605828524,0.07702752636082436,0.026635478997107123,0.97875413018814,-0.14904528945606346,0.15314861957722917,M2 Korea,D3_lowskill,lowskill_prod_share,ols,1465,1454,True,0.1000901942043545,45.0,0,1465,,,,,,,,,,,,1.0,
R03,T2,"Weighted, strata ignored (HC-type SE)",web,0.04405229313985183,0.023713169280274306,1.857714277631229,0.06341163163177689,-0.002463385468379098,0.09056797174808276,M2 Korea,D3_lowskill,lowskill_prod_share,ols,1465,1454,True,0.1000901942043545,588.0,0,1465,,,,,,,,,,,,0.9633235504552605,
R03,T2,"Weighted, strata ignored (HC-type SE)",prod_innov,0.03374380431486031,0.0401921362716447,0.8395623483857052,0.40126171201165356,-0.04508262968483798,0.11257023831455859,M3 Pooled,D3_lowskill,lowskill_prod_share,ols,1872,1860,True,0.11727739804770454,182.0,407,1465,,,,,,,,,,,,1.0,
R03,T2,"Weighted, strata ignored (HC-type SE)",proc_innov,-0.02682055042237224,0.043412783089297094,-0.6178030643003057,0.5367807948913508,-0.11196344648052348,0.058322345635779003,M3 Pooled,D3_lowskill,lowskill_prod_share,ols,1872,1860,True,0.11727739804770454,81.0,407,1465,,,,,,,,,,,,1.0,
R03,T2,"Weighted, strata ignored (HC-type SE)",web,0.020018953646235245,0.020403369506133563,0.981159197269708,0.32664184321153356,-0.019996955159322746,0.060034862451793236,M3 Pooled,D3_lowskill,lowskill_prod_share,ols,1872,1860,True,0.11727739804770454,842.0,407,1465,,,,,,,,,,,,1.0,
R03,T2,"Weighted, strata ignored (HC-type SE)",Korea,-0.10126769997195637,0.02442283142628874,-4.1464356938955,3.5288014555434716e-05,-0.14916673913968276,-0.053368660804229966,M3 Pooled,D3_lowskill,lowskill_prod_share,ols,1872,1860,True,0.11727739804770454,,407,1465,,,,,,,,,,,,,
R03,T2,"Weighted, strata ignored (HC-type SE)",prod_innov,0.004360588603028931,0.04726668292806763,0.0922550162799673,0.926505378573965,-0.08834082832025565,0.09706200552631351,M4 Pooled x Korea,D3_lowskill,lowskill_prod_share,ols,1872,1857,True,0.12795337300901233,182.0,407,1465,2.941559294824159,0.03198247610588614,,,,,,,,,,1.0,
R03,T2,"Weighted, strata ignored (HC-type SE)",proc_innov,-0.03469224009140687,0.043458936541012655,-0.7982763236432957,0.4248122272876616,-0.11992574381456911,0.05054126363175537,M4 Pooled x Korea,D3_lowskill,lowskill_prod_share,ols,1872,1857,True,0.12795337300901233,81.0,407,1465,2.941559294824159,0.03198247610588614,,,,,,,,,,1.0,
R03,T2,"Weighted, strata ignored (HC-type SE)",web,-0.07101290180941107,0.03854521759761378,-1.8423271740411,0.06558664328698109,-0.14660941219608148,0.004583608577259327,M4 Pooled x Korea,D3_lowskill,lowskill_prod_share,ols,1872,1857,True,0.12795337300901233,842.0,407,1465,2.941559294824159,0.03198247610588614,,,,,,,,,,1.0,
R03,T2,"Weighted, strata ignored (HC-type SE)",Korea,-0.17771826257999274,0.03492902949323293,-5.0879816919741065,3.9844263631212036e-07,-0.24622255196931936,-0.10921397319066611,M4 Pooled x Korea,D3_lowskill,lowskill_prod_share,ols,1872,1857,True,0.12795337300901233,,407,1465,2.941559294824159,0.03198247610588614,,,,,,,,,,,
R03,T2,"Weighted, strata ignored (HC-type SE)",prod_innov:Korea,0.04055598104567412,0.07320859496849659,0.5539784100914152,0.579660320806176,-0.1030238105565949,0.18413577264794315,M4 Pooled x Korea,D3_lowskill,lowskill_prod_share,ols,1872,1857,True,0.12795337300901233,,407,1465,2.941559294824159,0.03198247610588614,,,,,,,,,,,1.0
R03,T2,"Weighted, strata ignored (HC-type SE)",proc_innov:Korea,0.04273624839365915,0.09038264993733004,0.4728368599868649,0.6363851425662751,-0.13452602590687956,0.21999852269419784,M4 Pooled x Korea,D3_lowskill,lowskill_prod_share,ols,1872,1857,True,0.12795337300901233,,407,1465,2.941559294824159,0.03198247610588614,,,,,,,,,,,1.0
R03,T2,"Weighted, strata ignored (HC-type SE)",web:Korea,0.11755991939291112,0.04473780161883153,2.627753602971553,0.008665852564541587,0.02981825141062508,0.20530158737519716,M4 Pooled x Korea,D3_lowskill,lowskill_prod_share,ols,1872,1857,True,0.12795337300901233,,407,1465,2.941559294824159,0.03198247610588614,,,,,,,,,,,0.15598534616174856
R03,T2,"Weighted, strata ignored (HC-type SE)",prod_innov,-0.622436953135007,1.2529545019352621,-0.49677538344258826,0.6195698000429916,-3.084251009217799,1.8393771029477852,M1 Morocco,D4_energy,env_energy_mgmt,logit,502,491,True,0.1967390219964762,74.0,502,0,,,-0.04330547644063563,0.07315532050849159,0.5541457003968601,-0.1870415786110491,0.10043062572977784,0.5366350882704792,23.0,60.0,False,1.0,
R03,T2,"Weighted, strata ignored (HC-type SE)",proc_innov,1.6464606467843528,1.136182292213263,1.4491166233343389,0.14794337050146297,-0.585918528135996,3.8788398217047018,M1 Morocco,D4_energy,env_energy_mgmt,logit,502,491,True,0.1967390219964762,39.0,502,0,,,0.1963396913214909,0.16900835130284186,0.24591528798591783,-0.13572913814524104,0.5284085207882229,5.188583061914578,10.0,73.0,False,1.0,
R03,T2,"Weighted, strata ignored (HC-type SE)",web,1.4190332503894156,0.46223887488228155,3.0699132580547257,0.0022597735272168874,0.5108229700516452,2.327243530727186,M1 Morocco,D4_energy,env_energy_mgmt,logit,502,491,True,0.1967390219964762,317.0,502,0,,,0.0899099036186867,0.034617319804828406,0.00967928439422871,0.02189354360895744,0.15792626362841594,4.133122813340319,47.0,36.0,False,0.04293569701712086,
R03,T2,"Weighted, strata ignored (HC-type SE)",prod_innov,0.19885242084523375,0.4512909948911847,0.44063015459278343,0.6595457777056281,-0.6863930440489281,1.0840978857393955,M2 Korea,D4_energy,env_energy_mgmt,logit,1476,1465,True,0.1469667785539185,116.0,0,1476,,,0.018935871698040792,0.04520013964231103,0.6753258390274809,-0.06972802606173314,0.10759976945781471,1.220001905763572,49.0,198.0,False,1.0,
R03,T2,"Weighted, strata ignored (HC-type SE)",proc_innov,0.655163070338856,0.7292115877319052,0.8984540034211947,0.36909119377872807,-0.7752471489999784,2.0855732896776904,M2 Korea,D4_energy,env_energy_mgmt,logit,1476,1465,True,0.1469667785539185,47.0,0,1476,,,0.07192702908975261,0.09499059859391626,0.4490508818451376,-0.11440506608782099,0.2582591242673262,1.9254564766170414,21.0,226.0,False,1.0,
R03,T2,"Weighted, strata ignored (HC-type SE)",web,0.5870058988751541,0.3109933411746777,1.8875191882177522,0.05928803925211948,-0.02303384932223218,1.1970456470725404,M2 Korea,D4_energy,env_energy_mgmt,logit,1476,1465,True,0.1469667785539185,598.0,0,1476,,,0.05658009314773766,0.03251190220163509,0.08201832799840371,-0.007194753469841449,0.12035493976531678,1.7985951696447355,157.0,90.0,False,0.9633235504552605,
R03,T2,"Weighted, strata ignored (HC-type SE)",prod_innov,-0.05581358127881057,0.4777059244464253,-0.11683669475836711,0.9070013982802263,-0.9926767606018319,0.8810495980442108,M3 Pooled,D4_energy,env_energy_mgmt,logit,1978,1966,True,0.14569103316926368,190.0,502,1476,,,-0.004870664564729664,0.04108790419703901,0.9056499001317405,-0.08545108567289357,0.07570975654343425,0.945715418517624,72.0,258.0,False,1.0,
R03,T2,"Weighted, strata ignored (HC-type SE)",proc_innov,1.1116074465418317,0.7096577787928239,1.5663992980289057,0.11741609943693987,-0.28015306729647116,2.5033679603801344,M3 Pooled,D4_energy,env_energy_mgmt,logit,1978,1966,True,0.14569103316926368,86.0,502,1476,,,0.13544764002887077,0.11149941145329186,0.22459457160770702,-0.08322181278946425,0.3541170928472058,3.039239885660483,31.0,299.0,False,1.0,
R03,T2,"Weighted, strata ignored (HC-type SE)",web,0.7125696972738937,0.2665177282035108,2.673629638362298,0.0075656166714002885,0.1898827607866893,1.2352566337610982,M3 Pooled,D4_energy,env_energy_mgmt,logit,1978,1966,True,0.14569103316926368,915.0,502,1476,,,0.06535196164920111,0.026334552018850994,0.0131622106857999,0.013705392352371754,0.11699853094603047,2.039224721767313,204.0,126.0,False,0.15887795009940606,
R03,T2,"Weighted, strata ignored (HC-type SE)",Korea,0.18285621833112115,0.29813764824254096,0.6133281704240315,0.5397303181059688,-0.40184279986102317,0.7675552365232654,M3 Pooled,D4_energy,env_energy_mgmt,logit,1978,1966,True,0.14569103316926368,,502,1476,,,,,,,,1.2006417653929475,,,,,
R03,T2,"Weighted, strata ignored (HC-type SE)",prod_innov,-0.8139535594472055,1.3020763191686011,-0.6251197010993406,0.5319651568963756,-3.36755075408581,1.7396436351913986,M4 Pooled x Korea,D4_energy,env_energy_mgmt,logit,1978,1963,True,0.1499544967873958,190.0,502,1476,0.9813812160339657,0.4005463695214705,-0.05788761678792674,0.07291602218900596,0.42735290563858913,-0.20088856609091588,0.08511333251506241,0.44310276554172634,72.0,258.0,False,1.0,
R03,T2,"Weighted, strata ignored (HC-type SE)",proc_innov,1.7995521323348251,1.226761083819285,1.466913285781992,0.14255982837728964,-0.6063388404255083,4.205443105095158,M4 Pooled x Korea,D4_energy,env_energy_mgmt,logit,1978,1963,True,0.1499544967873958,86.0,502,1476,0.9813812160339657,0.4005463695214705,0.2543652906386077,0.23125549593297814,0.2714966762182644,-0.1991667926699024,0.7078973739471177,6.046938629572975,31.0,299.0,False,1.0,
R03,T2,"Weighted, strata ignored (HC-type SE)",web,1.3873836308062355,0.4449255411390477,3.118237778065997,0.0018457559941297268,0.5148075790420855,2.2599596825703854,M4 Pooled x Korea,D4_energy,env_energy_mgmt,logit,1978,1963,True,0.1499544967873958,915.0,502,1476,0.9813812160339657,0.4005463695214705,0.13504284528183577,0.05320835365747622,0.011225500503175943,0.030692047536103675,0.23939364302756788,4.004359452624132,204.0,126.0,False,0.036915119882594535,
R03,T2,"Weighted, strata ignored (HC-type SE)",Korea,0.8071563755264588,0.36947384824870866,2.1846103028735264,0.029035350440113492,0.082554162514348,1.5317585885385696,M4 Pooled x Korea,D4_energy,env_energy_mgmt,logit,1978,1963,True,0.1499544967873958,,502,1476,0.9813812160339657,0.4005463695214705,,,,,,2.2415248604195797,,,,,
R03,T2,"Weighted, strata ignored (HC-type SE)",prod_innov:Korea,1.027212963309094,1.380282480095981,0.7442048842333089,0.45684160739886925,-1.6797600590038273,3.734185985622015,M4 Pooled x Korea,D4_energy,env_energy_mgmt,logit,1978,1963,True,0.1499544967873958,,502,1476,0.9813812160339657,0.4005463695214705,,,,,,2.7932700300870805,,,,,1.0
R03,T2,"Weighted, strata ignored (HC-type SE)",proc_innov:Korea,-1.1218679006238197,1.4182456145675026,-0.7910251151849576,0.42902489580509323,-3.9032932052331164,1.6595574039854768,M4 Pooled x Korea,D4_energy,env_energy_mgmt,logit,1978,1963,True,0.1499544967873958,,502,1476,0.9813812160339657,0.4005463695214705,,,,,,0.3256709052405892,,,,,1.0
R03,T2,"Weighted, strata ignored (HC-type SE)",web:Korea,-0.8016111830150117,0.521008063515743,-1.5385773064734722,0.12406868927629205,-1.823398239419974,0.2201758733899506,M4 Pooled x Korea,D4_energy,env_energy_mgmt,logit,1978,1963,True,0.1499544967873958,,502,1476,0.9813812160339657,0.4005463695214705,,,,,,0.44860559581792514,,,,,1.0
R03,T2,"Weighted, strata ignored (HC-type SE)",prod_innov,2.293792910237608,0.8586413218114594,2.6714215260435363,0.007802910399147415,0.6067451501467578,3.980840670328458,M1 Morocco,D4_co2,env_co2_monitor,logit,504,493,True,0.2759931348818814,74.0,504,0,,,0.1779195535520748,0.09860246223690423,0.07177675252449897,-0.015813334477670443,0.3716524415818201,9.912463554546708,8.0,32.0,False,0.14045238718465347,
R03,T2,"Weighted, strata ignored (HC-type SE)",proc_innov,-6.5187915293856955,1.4201718829124859,-4.590142649505896,5.6278464532554876e-06,-9.309127532499236,-3.728455526272156,M1 Morocco,D4_co2,env_co2_monitor,logit,504,493,True,0.2759931348818814,39.0,504,0,,,-0.07741173548983064,0.02026288881146978,0.00015027094673026066,-0.11722400670715538,-0.0375994642725059,0.0014754510646670792,1.0,39.0,True,0.00011818477551836524,
R03,T2,"Weighted, strata ignored (HC-type SE)",web,-0.0026399899138128957,0.6969377340572275,-0.0037879853318375767,0.9969791644810219,-1.3719745575578954,1.3666945777302695,M1 Morocco,D4_co2,env_co2_monitor,logit,504,493,True,0.2759931348818814,318.0,504,0,,,-0.00011017029574244835,0.029100262973157837,0.9969808381631537,-0.05728600404591526,0.05706566345443036,0.9973634917949936,26.0,14.0,False,1.0,
R03,T2,"Weighted, strata ignored (HC-type SE)",prod_innov,-0.36752646581038007,0.4237432695536372,-0.8673328692571923,0.38589987332297093,-1.1987259376241064,0.4636730060033464,M2 Korea,D4_co2,env_co2_monitor,logit,1495,1484,True,0.18975047492973807,116.0,0,1495,,,-0.018125538155932625,0.01897487936548213,0.33961259991816595,-0.055345975244955284,0.019094898933090035,0.692445000448053,30.0,146.0,False,1.0,
R03,T2,"Weighted, strata ignored (HC-type SE)",proc_innov,-0.5372024234506368,0.5115945078089567,-1.050055102724525,0.2938637464161531,-1.5407277068646823,0.4663228599634087,M2 Korea,D4_co2,env_co2_monitor,logit,1495,1484,True,0.18975047492973807,48.0,0,1495,,,-0.02460542851246932,0.01954397054097698,0.20823628714072845,-0.06294217426872685,0.013731317243788215,0.58438081776758,11.0,165.0,False,1.0,
R03,T2,"Weighted, strata ignored (HC-type SE)",web,-0.23433348022739606,0.35367892508216886,-0.6625599197717372,0.5077153314307704,-0.9280972679793894,0.45943030752459724,M2 Korea,D4_co2,env_co2_monitor,logit,1495,1484,True,0.18975047492973807,606.0,0,1495,,,-0.012640589465292054,0.018777672785446918,0.5009431655664184,-0.04947419325939034,0.02419301432880623,0.791097956375678,109.0,67.0,False,1.0,
R03,T2,"Weighted, strata ignored (HC-type SE)",prod_innov,0.6174334127728198,0.4886827762335388,1.2634646498728899,0.20657046325932704,-0.3409510144045541,1.5758178399501936,M3 Pooled,D4_co2,env_co2_monitor,logit,1999,1987,True,0.17286915863291574,190.0,504,1495,,,0.040260634293546795,0.03856417265065068,0.2966167249199257,-0.035369824386053884,0.11589109297314748,1.854163058366486,38.0,178.0,False,1.0,
R03,T2,"Weighted, strata ignored (HC-type SE)",proc_innov,-1.8607716948623383,0.7145484430333973,-2.6041225238179795,0.009279610643558632,-3.2621145159561165,-0.4594288737685599,M3 Pooled,D4_co2,env_co2_monitor,logit,1999,1987,True,0.17286915863291574,87.0,504,1495,,,-0.0534736297763214,0.012308227037227818,1.4660126717188675e-05,-0.07761201502811796,-0.029335244524524844,0.1555525449395491,12.0,204.0,False,0.18559221287117264,
R03,T2,"Weighted, strata ignored (HC-type SE)",web,-0.18971911319251802,0.2962230988433645,-0.640460227218259,0.5219472869074383,-0.7706595897319088,0.39122136334687285,M3 Pooled,D4_co2,env_co2_monitor,logit,1999,1987,True,0.17286915863291574,924.0,504,1495,,,-0.010056635291575636,0.01574164733174156,0.5229906820171892,-0.04092850226658355,0.020815231683432283,0.8271914484799305,135.0,81.0,False,1.0,
R03,T2,"Weighted, strata ignored (HC-type SE)",Korea,-0.04826247638782502,0.3597309800828732,-0.13416269117746416,0.8932875143215192,-0.7537519801143091,0.6572270273386591,M3 Pooled,D4_co2,env_co2_monitor,logit,1999,1987,True,0.17286915863291574,,504,1495,,,,,,,,0.9528836447936163,,,,,
R03,T2,"Weighted, strata ignored (HC-type SE)",prod_innov,2.3197798563134864,0.8493524621970309,2.731233450848994,0.006365634085504205,0.654063439139837,3.9854962734871355,M4 Pooled x Korea,D4_co2,env_co2_monitor,logit,1999,1984,True,0.19023324482370796,190.0,504,1495,4.7462575673507414,0.002655751577684126,0.24739230155334285,0.13642151849979706,0.0699149477901591,-0.02015217866523117,0.5149367817719168,10.173434442173829,38.0,178.0,False,0.12094704762457989,
R03,T2,"Weighted, strata ignored (HC-type SE)",proc_innov,-5.743215664851918,1.3350642866757867,-4.301827052202938,1.7762553294053325e-05,-8.361490879532115,-3.1249404501717204,M4 Pooled x Korea,D4_co2,env_co2_monitor,logit,1999,1984,True,0.19023324482370796,87.0,504,1495,4.7462575673507414,0.002655751577684126,-0.07723385674618093,0.009160226706193294,6.47217786773891e-17,-0.09519853064618909,-0.05926918284617276,0.003204447261311579,12.0,204.0,False,0.0003730136191751198,
R03,T2,"Weighted, strata ignored (HC-type SE)",web,0.4050952184242069,0.898274018698787,0.4509706503712707,0.652059984766608,-1.3565642182208568,2.166754655069271,M4 Pooled x Korea,D4_co2,env_co2_monitor,logit,1999,1984,True,0.19023324482370796,924.0,504,1495,4.7462575673507414,0.002655751577684126,0.022173521826689916,0.051043222796979995,0.6640403174615447,-0.07793042557160267,0.12227746922498249,1.4994452680751968,135.0,81.0,False,1.0,
R03,T2,"Weighted, strata ignored (HC-type SE)",Korea,0.7286259242175191,0.9497042371488871,0.7672135131300788,0.4430458676322168,-1.1338964203769253,2.5911482688119634,M4 Pooled x Korea,D4_co2,env_co2_monitor,logit,1999,1984,True,0.19023324482370796,,504,1495,4.7462575673507414,0.002655751577684126,,,,,,2.072231247730988,,,,,
R03,T2,"Weighted, strata ignored (HC-type SE)",prod_innov:Korea,-2.62451723998672,0.9717984714543518,-2.7006805598891095,0.006978604327683106,-4.530369922038827,-0.7186645579346129,M4 Pooled x Korea,D4_co2,env_co2_monitor,logit,1999,1984,True,0.19023324482370796,,504,1495,4.7462575673507414,0.002655751577684126,,,,,,0.07247473649498244,,,,,0.132593482225979
R03,T2,"Weighted, strata ignored (HC-type SE)",proc_innov:Korea,5.017254535969271,1.4053580098124836,3.5700899706251517,0.00036534724727736267,2.2611220548838187,7.7733870170547235,M4 Pooled x Korea,D4_co2,env_co2_monitor,logit,1999,1984,True,0.19023324482370796,,504,1495,4.7462575673507414,0.002655751577684126,,,,,,150.99617962063598,,,,,0.007672292192824616
R03,T2,"Weighted, strata ignored (HC-type SE)",web:Korea,-0.6791346113749055,0.9903339408913909,-0.6857632393812761,0.4929425427765362,-2.621338322140619,1.2630690993908076,M4 Pooled x Korea,D4_co2,env_co2_monitor,logit,1999,1984,True,0.19023324482370796,,504,1495,4.7462575673507414,0.002655751577684126,,,,,,0.5070556027048888,,,,,1.0
R04,T2,Growth outcomes NOT winsorised,prod_innov,0.9194399871968915,1.0068559165182258,0.9131793061080433,0.3617167828997774,-1.0601522920554962,2.899032266449279,M1 Morocco,D1_sales,g_sales_raw,ols,494,387,True,0.03834625430400673,72.0,494,0,,,,,,,,,,,,1.0,
R04,T2,Growth outcomes NOT winsorised,proc_innov,0.9629083535263822,1.4978564854534924,0.6428575520269896,0.5206972216371136,-1.9820464164525413,3.9078631235053054,M1 Morocco,D1_sales,g_sales_raw,ols,494,387,True,0.03834625430400673,37.0,494,0,,,,,,,,,,,,1.0,
R04,T2,Growth outcomes NOT winsorised,web,0.343087436946964,1.2339584352193753,0.2780380822843269,0.7811316082564641,-2.0830140053783395,2.7691888792722676,M1 Morocco,D1_sales,g_sales_raw,ols,494,387,True,0.03834625430400673,314.0,494,0,,,,,,,,,,,,1.0,
R04,T2,Growth outcomes NOT winsorised,prod_innov,8.634693585401251,3.3376533572564493,2.5870552334706707,0.00980525218443636,2.0859298838368527,15.18345728696565,M2 Korea,D1_sales,g_sales_raw,ols,1431,1119,True,0.05147199133557978,111.0,0,1431,,,,,,,,,,,,0.20591029587316356,
R04,T2,Growth outcomes NOT winsorised,proc_innov,-11.399325328695188,4.450466747455636,-2.5613774859035323,0.010555980078431879,-20.1315248626558,-2.6671257947345755,M2 Korea,D1_sales,g_sales_raw,ols,1431,1119,True,0.05147199133557978,47.0,0,1431,,,,,,,,,,,,0.21111960156863757,
R04,T2,Growth outcomes NOT winsorised,web,1.8982842312161927,1.4198527250759443,1.3369585434395377,0.18150789779062743,-0.8875892530175999,4.684157715449985,M2 Korea,D1_sales,g_sales_raw,ols,1431,1119,True,0.05147199133557978,593.0,0,1431,,,,,,,,,,,,1.0,
R04,T2,Growth outcomes NOT winsorised,prod_innov,5.554534245155189,2.2434608170851607,2.475877538334712,0.013400167669018057,1.15389512002863,9.955173370281749,M3 Pooled,D1_sales,g_sales_raw,ols,1925,1506,True,0.04167134326146271,183.0,494,1431,,,,,,,,,,,,0.2546031857113431,
R04,T2,Growth outcomes NOT winsorised,proc_innov,-5.313709290059808,2.3807611955648045,-2.2319371216058483,0.025765728174305988,-9.983668660421241,-0.6437499196983758,M3 Pooled,D1_sales,g_sales_raw,ols,1925,1506,True,0.04167134326146271,84.0,494,1431,,,,,,,,,,,,0.4637831071375078,
R04,T2,Growth outcomes NOT winsorised,web,1.8218946711795019,1.0843707241470164,1.6801400393879444,0.09313746543561416,-0.30514235950202795,3.9489317018610315,M3 Pooled,D1_sales,g_sales_raw,ols,1925,1506,True,0.04167134326146271,907.0,494,1431,,,,,,,,,,,,1.0,
R04,T2,Growth outcomes NOT winsorised,Korea,-0.5690779942613674,1.1434566597622648,-0.49768217221252964,0.6187807337170669,-2.8120144772680775,1.6738584887453425,M3 Pooled,D1_sales,g_sales_raw,ols,1925,1506,True,0.04167134326146271,,494,1431,,,,,,,,,,,,,
R04,T2,Growth outcomes NOT winsorised,prod_innov,0.8345016632070947,1.1036676283680609,0.7561168251722952,0.4496974084177455,-1.330387025529814,2.9993903519440037,M4 Pooled x Korea,D1_sales,g_sales_raw,ols,1925,1506,True,0.048190296048255865,183.0,494,1431,3.169395248913237,0.023529622385695545,,,,,,,,,,1.0,
R04,T2,Growth outcomes NOT winsorised,proc_innov,0.31991776565171365,1.5195581857530622,0.21053340941542747,0.8332798596020778,-2.6607570712814512,3.300592602584879,M4 Pooled x Korea,D1_sales,g_sales_raw,ols,1925,1506,True,0.048190296048255865,84.0,494,1431,3.169395248913237,0.023529622385695545,,,,,,,,,,1.0,
R04,T2,Growth outcomes NOT winsorised,web,0.26696594761118136,1.2339591575643323,0.21634909549043413,0.8287449429843431,-2.153494845031974,2.687426740254337,M4 Pooled x Korea,D1_sales,g_sales_raw,ols,1925,1506,True,0.048190296048255865,907.0,494,1431,3.169395248913237,0.023529622385695545,,,,,,,,,,1.0,
R04,T2,Growth outcomes NOT winsorised,Korea,-1.9931535440074155,1.3982904805403995,-1.4254216643433906,0.15424256866783131,-4.735956872729211,0.7496497847143804,M4 Pooled x Korea,D1_sales,g_sales_raw,ols,1925,1506,True,0.048190296048255865,,494,1431,3.169395248913237,0.023529622385695545,,,,,,,,,,,
R04,T2,Growth outcomes NOT winsorised,prod_innov:Korea,7.596837876164061,3.4750701113879345,2.1860962894731073,0.028962065462560565,0.7803473102175484,14.413328442110574,M4 Pooled x Korea,D1_sales,g_sales_raw,ols,1925,1506,True,0.048190296048255865,,494,1431,3.169395248913237,0.023529622385695545,,,,,,,,,,,0.46339304740096904
R04,T2,Growth outcomes NOT winsorised,proc_innov:Korea,-11.662530590756779,4.488006112811593,-2.5985995334241143,0.009451857955130915,-20.465936089724384,-2.859125091789174,M4 Pooled x Korea,D1_sales,g_sales_raw,ols,1925,1506,True,0.048190296048255865,,494,1431,3.169395248913237,0.023529622385695545,,,,,,,,,,,0.17013344319235646
R04,T2,Growth outcomes NOT winsorised,web:Korea,2.0226567931363766,1.8840231340660993,1.0735838411766623,0.28318123005522744,-1.672930779989541,5.718244366262294,M4 Pooled x Korea,D1_sales,g_sales_raw,ols,1925,1506,True,0.048190296048255865,,494,1431,3.169395248913237,0.023529622385695545,,,,,,,,,,,1.0
R04,T2,Growth outcomes NOT winsorised,prod_innov,2.3048346667151045,1.8061756660341837,1.276085549184607,0.20269059375646736,-1.246310382736553,5.855979716166762,M1 Morocco,D1_lp,g_lp_raw,ols,494,387,True,0.02552377212999235,72.0,494,0,,,,,,,,,,,,1.0,
R04,T2,Growth outcomes NOT winsorised,proc_innov,-2.4041937368885877,3.228592950056612,-0.7446568130697403,0.456931158033797,-8.751971578709579,3.9435841049324027,M1 Morocco,D1_lp,g_lp_raw,ols,494,387,True,0.02552377212999235,37.0,494,0,,,,,,,,,,,,1.0,
R04,T2,Growth outcomes NOT winsorised,web,-1.4380826064795356,1.8357286923498453,-0.7833851551553087,0.4338801204541469,-5.0473322384868915,2.17116702552782,M1 Morocco,D1_lp,g_lp_raw,ols,494,387,True,0.02552377212999235,314.0,494,0,,,,,,,,,,,,1.0,
R04,T2,Growth outcomes NOT winsorised,prod_innov,7.030817691340243,3.4742946502567045,2.0236676503015536,0.043241655620514394,0.21395198997127274,13.847683392709213,M2 Korea,D1_lp,g_lp_raw,ols,1431,1119,True,0.09104580324735834,111.0,0,1431,,,,,,,,,,,,0.7783498011692591,
R04,T2,Growth outcomes NOT winsorised,proc_innov,-8.197631592170943,4.138509305064685,-1.9808174847254123,0.04785627955855993,-16.317743723249784,-0.07751946109210373,M2 Korea,D1_lp,g_lp_raw,ols,1431,1119,True,0.09104580324735834,47.0,0,1431,,,,,,,,,,,,0.8135567524955188,
R04,T2,Growth outcomes NOT winsorised,web,0.6723344632762167,1.5840832043608861,0.4244312807719444,0.67133289832171,-2.4357733833407975,3.780442309893231,M2 Korea,D1_lp,g_lp_raw,ols,1431,1119,True,0.09104580324735834,593.0,0,1431,,,,,,,,,,,,1.0,
R04,T2,Growth outcomes NOT winsorised,prod_innov,5.106356153824736,2.3068157875482487,2.213595112963884,0.0270060274841702,0.5814436918661396,9.631268615783332,M3 Pooled,D1_lp,g_lp_raw,ols,1925,1506,True,0.0651719070193284,183.0,494,1431,,,,,,,,,,,,0.4637831071375078,
R04,T2,Growth outcomes NOT winsorised,proc_innov,-5.442359418816392,2.524432676964824,-2.1558742558188753,0.03125145150044045,-10.394136210457894,-0.49058262717488965,M3 Pooled,D1_lp,g_lp_raw,ols,1925,1506,True,0.0651719070193284,84.0,494,1431,,,,,,,,,,,,0.5000232240070472,
R04,T2,Growth outcomes NOT winsorised,web,0.7519994779737645,1.2429590658172536,0.6050074364108846,0.5452652030892445,-1.6861149986912993,3.1901139546388286,M3 Pooled,D1_lp,g_lp_raw,ols,1925,1506,True,0.0651719070193284,907.0,494,1431,,,,,,,,,,,,1.0,
R04,T2,Growth outcomes NOT winsorised,Korea,1.2093802394189415,1.307625549175639,0.9248673981487789,0.3551830553853294,-1.355580159663877,3.77434063850176,M3 Pooled,D1_lp,g_lp_raw,ols,1925,1506,True,0.0651719070193284,,494,1431,,,,,,,,,,,,,
R04,T2,Growth outcomes NOT winsorised,prod_innov,2.2960189039113543,1.8188138837036645,1.2623715513079072,0.20701056552780722,-1.2716580873672085,5.863695895189917,M4 Pooled x Korea,D1_lp,g_lp_raw,ols,1925,1506,True,0.06768770929276358,183.0,494,1431,1.1042161380743927,0.34623819966727,,,,,,,,,,1.0,
R04,T2,Growth outcomes NOT winsorised,proc_innov,-2.519463580184641,3.1555952276920562,-0.7984115193466462,0.4247576043186168,-8.709291241220711,3.6703640808514306,M4 Pooled x Korea,D1_lp,g_lp_raw,ols,1925,1506,True,0.06768770929276358,84.0,494,1431,1.1042161380743927,0.34623819966727,,,,,,,,,,1.0,
R04,T2,Growth outcomes NOT winsorised,web,-1.4257629672112564,1.7426086883514202,-0.8181773548713837,0.4133853562220015,-4.843960385835322,1.9924344514128094,M4 Pooled x Korea,D1_lp,g_lp_raw,ols,1925,1506,True,0.06768770929276358,907.0,494,1431,1.1042161380743927,0.34623819966727,,,,,,,,,,1.0,
R04,T2,Growth outcomes NOT winsorised,Korea,-0.7023117518929439,1.6882633569384642,-0.41599656179621897,0.6774717902044259,-4.013908605059153,2.609285101273265,M4 Pooled x Korea,D1_lp,g_lp_raw,ols,1925,1506,True,0.06768770929276358,,494,1431,1.1042161380743927,0.34623819966727,,,,,,,,,,,
R04,T2,Growth outcomes NOT winsorised,prod_innov:Korea,4.398768957198418,3.856543723157857,1.1405987518784229,0.2542182879167678,-3.165997526193876,11.96353544059071,M4 Pooled x Korea,D1_lp,g_lp_raw,ols,1925,1506,True,0.06768770929276358,,494,1431,1.1042161380743927,0.34623819966727,,,,,,,,,,,1.0
R04,T2,Growth outcomes NOT winsorised,proc_innov:Korea,-5.7460463773230055,4.967442117503001,-1.1567414861416419,0.24756144307550979,-15.48988498935054,3.9977922347045274,M4 Pooled x Korea,D1_lp,g_lp_raw,ols,1925,1506,True,0.06768770929276358,,494,1431,1.1042161380743927,0.34623819966727,,,,,,,,,,,1.0
R04,T2,Growth outcomes NOT winsorised,web:Korea,2.90890928639012,2.313297663324157,1.2574729713815052,0.20877737929431117,-1.6287176370497924,7.4465362098300325,M4 Pooled x Korea,D1_lp,g_lp_raw,ols,1925,1506,True,0.06768770929276358,,494,1431,1.1042161380743927,0.34623819966727,,,,,,,,,,,1.0
R04,T2,Growth outcomes NOT winsorised,prod_innov,-1.3972102101312651,1.532512297228481,-0.9117122339951809,0.36248631498945955,-4.4102778534200215,1.6158574331574913,M1 Morocco,D2_emp,g_emp_raw,ols,495,388,True,0.07391166591841514,72.0,495,0,,,,,,,,,,,,1.0,
R04,T2,Growth outcomes NOT winsorised,proc_innov,3.391759680681972,2.7661753030352565,1.2261550007189628,0.22088398921379368,-2.0468089469976216,8.830328308361565,M1 Morocco,D2_emp,g_emp_raw,ols,495,388,True,0.07391166591841514,38.0,495,0,,,,,,,,,,,,1.0,
R04,T2,Growth outcomes NOT winsorised,web,1.7859529617813223,1.1585066330167266,1.5415992544908774,0.12398615678091346,-0.49178331269483677,4.063689236257481,M1 Morocco,D2_emp,g_emp_raw,ols,495,388,True,0.07391166591841514,315.0,495,0,,,,,,,,,,,,1.0,
R04,T2,Growth outcomes NOT winsorised,prod_innov,1.57147973016699,2.136474327682531,0.735548145748889,0.4621570296766742,-2.6203835239073676,5.763342984241348,M2 Korea,D2_emp,g_emp_raw,ols,1456,1140,True,0.11439217622569142,112.0,0,1456,,,,,,,,,,,,1.0,
R04,T2,Growth outcomes NOT winsorised,proc_innov,-3.5054838788589198,1.9416253326322581,-1.8054378565954026,0.07126991627762214,-7.315044227692881,0.30407646997504134,M2 Korea,D2_emp,g_emp_raw,ols,1456,1140,True,0.11439217622569142,48.0,0,1456,,,,,,,,,,,,0.9977788278867099,
R04,T2,Growth outcomes NOT winsorised,web,1.279849002985516,0.8867747702993071,1.443262760569448,0.1492211856661241,-0.46004486144956225,3.0197428674205944,M2 Korea,D2_emp,g_emp_raw,ols,1456,1140,True,0.11439217622569142,597.0,0,1456,,,,,,,,,,,,1.0,
R04,T2,Growth outcomes NOT winsorised,prod_innov,0.41260242231970445,1.4682228810193974,0.2810216539012331,0.7787318384108222,-2.4673427869780866,3.292547631617496,M3 Pooled,D2_emp,g_emp_raw,ols,1951,1528,True,0.09509541945850075,184.0,495,1456,,,,,,,,,,,,1.0,
R04,T2,Growth outcomes NOT winsorised,proc_innov,-0.0019359311864951317,2.001004678549018,-0.0009674795902520965,0.9992281893807864,-3.9269420813212554,3.9230702189482654,M3 Pooled,D2_emp,g_emp_raw,ols,1951,1528,True,0.09509541945850075,86.0,495,1456,,,,,,,,,,,,1.0,
R04,T2,Growth outcomes NOT winsorised,web,1.1038709579241552,0.6822998459980494,1.6178678104630717,0.10589748038279291,-0.2344722855910253,2.4422142014393358,M3 Pooled,D2_emp,g_emp_raw,ols,1951,1528,True,0.09509541945850075,912.0,495,1456,,,,,,,,,,,,1.0,
R04,T2,Growth outcomes NOT winsorised,Korea,-1.7042231053549757,0.6446415269322732,-2.6436756463162565,0.008285020795641616,-2.96869888842819,-0.4397473222817614,M3 Pooled,D2_emp,g_emp_raw,ols,1951,1528,True,0.09509541945850075,,495,1456,,,,,,,,,,,,,
R04,T2,Growth outcomes NOT winsorised,prod_innov,-1.5326092318730735,1.5352225544777944,-0.9982977565063132,0.3182930573608159,-4.5439754884079555,1.478757024661808,M4 Pooled x Korea,D2_emp,g_emp_raw,ols,1951,1528,True,0.09911716869656839,184.0,495,1456,1.2712764175813578,0.28268762759643457,,,,,,,,,,1.0,
R04,T2,Growth outcomes NOT winsorised,proc_innov,2.76809296984468,2.6562234931404953,1.0421159879780746,0.29752275818577634,-2.442136500617543,7.978322440306902,M4 Pooled x Korea,D2_emp,g_emp_raw,ols,1951,1528,True,0.09911716869656839,86.0,495,1456,1.2712764175813578,0.28268762759643457,,,,,,,,,,1.0,
R04,T2,Growth outcomes NOT winsorised,web,1.5888020473282807,1.1061936878757699,1.4362783522831941,0.15112784798105353,-0.5810164816823642,3.7586205763389255,M4 Pooled x Korea,D2_emp,g_emp_raw,ols,1951,1528,True,0.09911716869656839,912.0,495,1456,1.2712764175813578,0.28268762759643457,,,,,,,,,,1.0,
R04,T2,Growth outcomes NOT winsorised,Korea,-1.3244571755253525,0.9970466281908962,-1.3283803766816107,0.18425084165860878,-3.280181812040503,0.6312674609897979,M4 Pooled x Korea,D2_emp,g_emp_raw,ols,1951,1528,True,0.09911716869656839,,495,1456,1.2712764175813578,0.28268762759643457,,,,,,,,,,,
R04,T2,Growth outcomes NOT winsorised,prod_innov:Korea,3.209987336046838,2.656235371526103,1.2084724759171415,0.22705255905820287,-2.000265434079331,8.420240106173006,M4 Pooled x Korea,D2_emp,g_emp_raw,ols,1951,1528,True,0.09911716869656839,,495,1456,1.2712764175813578,0.28268762759643457,,,,,,,,,,,1.0
R04,T2,Growth outcomes NOT winsorised,proc_innov:Korea,-5.931965838858064,3.1583025195331733,-1.8782133130599736,0.06054227842440294,-12.127032220283391,0.2631005425672637,M4 Pooled x Korea,D2_emp,g_emp_raw,ols,1951,1528,True,0.09911716869656839,,495,1456,1.2712764175813578,0.28268762759643457,,,,,,,,,,,0.9081341763660441
R04,T2,Growth outcomes NOT winsorised,web:Korea,-0.6925991993367311,1.398652487166528,-0.4951903390525827,0.6205369697193986,-3.436080847770779,2.0508824490973168,M4 Pooled x Korea,D2_emp,g_emp_raw,ols,1951,1528,True,0.09911716869656839,,495,1456,1.2712764175813578,0.28268762759643457,,,,,,,,,,,1.0
R04,T2,Growth outcomes NOT winsorised,prod_innov,-0.05407304516274368,0.02755393182013996,-1.962443890610927,0.05059360625286761,-0.10828672028866397,0.00014062996317661114,M1 Morocco,D3_female,female_share,ols,418,314,True,0.09632572702037823,68.0,418,0,,,,,,,,,,,,0.8600913062987493,
R04,T2,Growth outcomes NOT winsorised,proc_innov,0.13639121700889742,0.03965762201029931,3.4392182409090455,0.00066219584897156,0.05836295411098945,0.21441947990680538,M1 Morocco,D3_female,female_share,ols,418,314,True,0.09632572702037823,35.0,418,0,,,,,,,,,,,,0.0132439169794312,
R04,T2,Growth outcomes NOT winsorised,web,0.011553971587490965,0.03500794177969052,0.3300385855358648,0.7415908845177074,-0.05732582367584918,0.08043376685083112,M1 Morocco,D3_female,female_share,ols,418,314,True,0.09632572702037823,264.0,418,0,,,,,,,,,,,,1.0,
R04,T2,Growth outcomes NOT winsorised,prod_innov,0.11160505891542648,0.05204536281409559,2.144380457372855,0.03220793706219905,0.009492388589688483,0.21371772924116447,M2 Korea,D3_female,female_share,ols,1485,1170,True,0.08548295405084916,116.0,0,1485,,,,,,,,,,,,0.6119508041817819,
R04,T2,Growth outcomes NOT winsorised,proc_innov,0.008351537757477817,0.05981582171258671,0.13962088153877938,0.8889835708885867,-0.10900672343128372,0.12570979894623935,M2 Korea,D3_female,female_share,ols,1485,1170,True,0.08548295405084916,48.0,0,1485,,,,,,,,,,,,1.0,
R04,T2,Growth outcomes NOT winsorised,web,0.006845843055009104,0.023268890254458434,0.2942058250370323,0.7686528156378802,-0.03880757140741789,0.0524992575174361,M2 Korea,D3_female,female_share,ols,1485,1170,True,0.08548295405084916,601.0,0,1485,,,,,,,,,,,,1.0,
R04,T2,Growth outcomes NOT winsorised,prod_innov,0.04714645763177058,0.037484731454059866,1.2577509776094256,0.2086797066182194,-0.02638223585878187,0.12067515112232303,M3 Pooled,D3_female,female_share,ols,1903,1484,True,0.07219800602532878,184.0,418,1485,,,,,,,,,,,,1.0,
R04,T2,Growth outcomes NOT winsorised,proc_innov,0.04498305074309489,0.04202753727687221,1.0703232608361541,0.2846478761129384,-0.037456646347471034,0.1274227478336608,M3 Pooled,D3_female,female_share,ols,1903,1484,True,0.07219800602532878,83.0,418,1485,,,,,,,,,,,,1.0,
R04,T2,Growth outcomes NOT winsorised,web,0.017699779839846615,0.019533116451217764,0.906142134771492,0.36500772463988634,-0.02061567492650474,0.05601523460619797,M3 Pooled,D3_female,female_share,ols,1903,1484,True,0.07219800602532878,865.0,418,1485,,,,,,,,,,,,1.0,
R04,T2,Growth outcomes NOT winsorised,Korea,0.09709229068433027,0.021589518208756805,4.497195803329655,7.4213665928418285e-06,0.05474307260533966,0.1394415087633209,M3 Pooled,D3_female,female_share,ols,1903,1484,True,0.07219800602532878,,418,1485,,,,,,,,,,,,,
R04,T2,Growth outcomes NOT winsorised,prod_innov,-0.061999321228254155,0.02996046188033904,-2.0693713426674503,0.03868399997014644,-0.12076867965715746,-0.0032299627993508523,M4 Pooled x Korea,D3_female,female_share,ols,1903,1484,True,0.07851504491131567,184.0,418,1485,2.7287919567788905,0.04269066242670152,,,,,,,,,,0.6576279994924895,
R04,T2,Growth outcomes NOT winsorised,proc_innov,0.09934379038089344,0.04346735555383993,2.285480428130562,0.022425150328237692,0.014079797832882296,0.1846077829289046,M4 Pooled x Korea,D3_female,female_share,ols,1903,1484,True,0.07851504491131567,83.0,418,1485,2.7287919567788905,0.04269066242670152,,,,,,,,,,0.40365270590827845,
R04,T2,Growth outcomes NOT winsorised,web,0.029091979609703285,0.03369284489733119,0.8634468148460702,0.3880313750765105,-0.03699868635429871,0.09518264557370529,M4 Pooled x Korea,D3_female,female_share,ols,1903,1484,True,0.07851504491131567,865.0,418,1485,2.7287919567788905,0.04269066242670152,,,,,,,,,,1.0,
R04,T2,Growth outcomes NOT winsorised,Korea,0.09505347885476338,0.031499084811765186,3.017658431119245,0.002590737175021896,0.03326601333174842,0.15684094437777835,M4 Pooled x Korea,D3_female,female_share,ols,1903,1484,True,0.07851504491131567,,418,1485,2.7287919567788905,0.04269066242670152,,,,,,,,,,,
R04,T2,Growth outcomes NOT winsorised,prod_innov:Korea,0.1682234796712045,0.05977173543604519,2.814431912407846,0.0049508585475080925,0.0509774052352262,0.2854695541071828,M4 Pooled x Korea,D3_female,female_share,ols,1903,1484,True,0.07851504491131567,,418,1485,2.7287919567788905,0.04269066242670152,,,,,,,,,,,0.09901717095016185
R04,T2,Growth outcomes NOT winsorised,proc_innov:Korea,-0.08869880259705905,0.07469633241690571,-1.1874586037504595,0.23523680629404634,-0.23522042668505072,0.05782282149093261,M4 Pooled x Korea,D3_female,female_share,ols,1903,1484,True,0.07851504491131567,,418,1485,2.7287919567788905,0.04269066242670152,,,,,,,,,,,1.0
R04,T2,Growth outcomes NOT winsorised,web:Korea,-0.017622560639379278,0.04065788906180336,-0.4334352089109085,0.6647616205573439,-0.09737560532804378,0.062130484049285215,M4 Pooled x Korea,D3_female,female_share,ols,1903,1484,True,0.07851504491131567,,418,1485,2.7287919567788905,0.04269066242670152,,,,,,,,,,,1.0
R04,T2,Growth outcomes NOT winsorised,prod_innov,0.007008560436554666,0.045592655548287765,0.1537212595377738,0.8779305179853188,-0.08270507846935171,0.09672219934246104,M1 Morocco,D3_lowskill,lowskill_prod_share,ols,407,307,True,0.1452253037211707,69.0,407,0,,,,,,,,,,,,1.0,
R04,T2,Growth outcomes NOT winsorised,proc_innov,-0.0260744043036268,0.04352138417856593,-0.5991170730380473,0.5495366616420483,-0.11171235844178454,0.05956354983453094,M1 Morocco,D3_lowskill,lowskill_prod_share,ols,407,307,True,0.1452253037211707,36.0,407,0,,,,,,,,,,,,1.0,
R04,T2,Growth outcomes NOT winsorised,web,-0.059274461233982265,0.04212257132547526,-1.4071900021481767,0.16038265390876533,-0.14215994154296796,0.023611019075003445,M1 Morocco,D3_lowskill,lowskill_prod_share,ols,407,307,True,0.1452253037211707,254.0,407,0,,,,,,,,,,,,1.0,
R04,T2,Growth outcomes NOT winsorised,prod_innov,0.04426763643833839,0.05518729357144456,0.8021345779718341,0.4226405499032152,-0.06401123399505752,0.15254650687173432,M2 Korea,D3_lowskill,lowskill_prod_share,ols,1465,1152,True,0.1000901942043545,113.0,0,1465,,,,,,,,,,,,1.0,
R04,T2,Growth outcomes NOT winsorised,proc_innov,0.0020516650605828524,0.0764789906433689,0.026826518542197076,0.9786027483200552,-0.1480020553312265,0.15210538545239222,M2 Korea,D3_lowskill,lowskill_prod_share,ols,1465,1152,True,0.1000901942043545,45.0,0,1465,,,,,,,,,,,,1.0,
R04,T2,Growth outcomes NOT winsorised,web,0.04405229313985183,0.02391839549559464,1.841774593449026,0.0657650527247777,-0.0028762057815425804,0.09098079206124624,M2 Korea,D3_lowskill,lowskill_prod_share,ols,1465,1152,True,0.1000901942043545,588.0,0,1465,,,,,,,,,,,,0.9864757908716655,
R04,T2,Growth outcomes NOT winsorised,prod_innov,0.03374380431486031,0.04046819408413261,0.8338351902906163,0.4045103530860825,-0.04563825184358361,0.11312586047330422,M3 Pooled,D3_lowskill,lowskill_prod_share,ols,1872,1459,True,0.11727739804770454,182.0,407,1465,,,,,,,,,,,,1.0,
R04,T2,Growth outcomes NOT winsorised,proc_innov,-0.02682055042237224,0.04357991389627299,-0.6154337635041993,0.5383642830317311,-0.11230652899364069,0.05866542814889621,M3 Pooled,D3_lowskill,lowskill_prod_share,ols,1872,1459,True,0.11727739804770454,81.0,407,1465,,,,,,,,,,,,1.0,
R04,T2,Growth outcomes NOT winsorised,web,0.020018953646235245,0.02087303318369995,0.9590821549533266,0.33767626265421474,-0.020925405989402977,0.06096331328187347,M3 Pooled,D3_lowskill,lowskill_prod_share,ols,1872,1459,True,0.11727739804770454,842.0,407,1465,,,,,,,,,,,,1.0,
R04,T2,Growth outcomes NOT winsorised,Korea,-0.10126769997195637,0.023864654773082108,-4.243417762999875,2.340159501140857e-05,-0.1480803983953208,-0.05445500154859193,M3 Pooled,D3_lowskill,lowskill_prod_share,ols,1872,1459,True,0.11727739804770454,,407,1465,,,,,,,,,,,,,
R04,T2,Growth outcomes NOT winsorised,prod_innov,0.004360588603028931,0.04846917765907684,0.08996621798910018,0.9283264084584979,-0.0907161270736672,0.09943730427972507,M4 Pooled x Korea,D3_lowskill,lowskill_prod_share,ols,1872,1459,True,0.12795337300901233,182.0,407,1465,2.65846389706292,0.04692150857768458,,,,,,,,,,1.0,
R04,T2,Growth outcomes NOT winsorised,proc_innov,-0.03469224009140687,0.043946152419363546,-0.7894261085782968,0.42999126967138357,-0.12089662895167705,0.051512148768863314,M4 Pooled x Korea,D3_lowskill,lowskill_prod_share,ols,1872,1459,True,0.12795337300901233,81.0,407,1465,2.65846389706292,0.04692150857768458,,,,,,,,,,1.0,
R04,T2,Growth outcomes NOT winsorised,web,-0.07101290180941107,0.041178864076912874,-1.7244988029969672,0.08482963585837552,-0.15178900202032047,0.009763198401498335,M4 Pooled x Korea,D3_lowskill,lowskill_prod_share,ols,1872,1459,True,0.12795337300901233,842.0,407,1465,2.65846389706292,0.04692150857768458,,,,,,,,,,1.0,
R04,T2,Growth outcomes NOT winsorised,Korea,-0.17771826257999274,0.036621842377812554,-4.852794153460281,1.3479229662881758e-06,-0.2495553488165902,-0.10588117634339528,M4 Pooled x Korea,D3_lowskill,lowskill_prod_share,ols,1872,1459,True,0.12795337300901233,,407,1465,2.65846389706292,0.04692150857768458,,,,,,,,,,,
R04,T2,Growth outcomes NOT winsorised,prod_innov:Korea,0.04055598104567412,0.0743138590020504,0.5457391338613587,0.5853286945150903,-0.10521743588484542,0.18632939797619366,M4 Pooled x Korea,D3_lowskill,lowskill_prod_share,ols,1872,1459,True,0.12795337300901233,,407,1465,2.65846389706292,0.04692150857768458,,,,,,,,,,,1.0
R04,T2,Growth outcomes NOT winsorised,proc_innov:Korea,0.04273624839365915,0.09015400812075704,0.4740360332778102,0.6355451418870722,-0.13410906673634854,0.2195815635236668,M4 Pooled x Korea,D3_lowskill,lowskill_prod_share,ols,1872,1459,True,0.12795337300901233,,407,1465,2.65846389706292,0.04692150857768458,,,,,,,,,,,1.0
R04,T2,Growth outcomes NOT winsorised,web:Korea,0.11755991939291112,0.046883480180837885,2.5074913154796037,0.012267067850318825,0.02559369404366013,0.2095261447421621,M4 Pooled x Korea,D3_lowskill,lowskill_prod_share,ols,1872,1459,True,0.12795337300901233,,407,1465,2.65846389706292,0.04692150857768458,,,,,,,,,,,0.20854015345542004
R04,T2,Growth outcomes NOT winsorised,prod_innov,-0.622436953135007,1.2438981256887238,-0.500392226887853,0.6170768966679229,-3.067906595965652,1.8230326896956384,M1 Morocco,D4_energy,env_energy_mgmt,logit,502,396,True,0.1967390219964762,74.0,502,0,,,-0.04330547644063563,0.07230517726571263,0.5495644505282031,-0.18545547439556193,0.09884452151429068,0.5366350882704792,23.0,60.0,False,1.0,
R04,T2,Growth outcomes NOT winsorised,proc_innov,1.6464606467843528,1.1583425067799964,1.4213936181632887,0.15598938078646526,-0.6308089927710749,3.9237302863397803,M1 Morocco,D4_energy,env_energy_mgmt,logit,502,396,True,0.1967390219964762,39.0,502,0,,,0.1963396913214909,0.17101130269243173,0.25161646680071936,-0.13986384551052497,0.5325432281535067,5.188583061914578,10.0,73.0,False,1.0,
R04,T2,Growth outcomes NOT winsorised,web,1.4190332503894156,0.4291064174696573,3.3069494946198454,0.0010293277547696348,0.5754217875255696,2.2626447132532617,M1 Morocco,D4_energy,env_energy_mgmt,logit,502,396,True,0.1967390219964762,317.0,502,0,,,0.0899099036186867,0.03270869953604389,0.00625501533769696,0.025605496272163714,0.15421431096520968,4.133122813340319,47.0,36.0,False,0.01955722734062306,
R04,T2,Growth outcomes NOT winsorised,prod_innov,0.19885242084523375,0.45166896448386357,0.4402614225940202,0.6598297291218441,-0.6873263241624545,1.0850311658529221,M2 Korea,D4_energy,env_energy_mgmt,logit,1476,1161,True,0.1469667785539185,116.0,0,1476,,,0.018935871698040792,0.04523353579841446,0.6755679213200185,-0.06981274983256552,0.1076844932286471,1.220001905763572,49.0,198.0,False,1.0,
R04,T2,Growth outcomes NOT winsorised,proc_innov,0.655163070338856,0.7239001202557422,0.9050462239285131,0.36562866811592487,-0.7651357558428726,2.0754618965205847,M2 Korea,D4_energy,env_energy_mgmt,logit,1476,1161,True,0.1469667785539185,47.0,0,1476,,,0.07192702908975261,0.09453386490640724,0.4468952378105828,-0.1135493005916932,0.2574033587711984,1.9254564766170414,21.0,226.0,False,1.0,
R04,T2,Growth outcomes NOT winsorised,web,0.5870058988751541,0.29671893719340875,1.9783230029990606,0.04812835731657099,0.004840560854759368,1.169171236895549,M2 Korea,D4_energy,env_energy_mgmt,logit,1476,1161,True,0.1469667785539185,598.0,0,1476,,,0.05658009314773766,0.030544430342067976,0.06422400259505417,-0.0033483656925544017,0.11650855198802973,1.7985951696447355,157.0,90.0,False,0.8135567524955188,
R04,T2,Growth outcomes NOT winsorised,prod_innov,-0.05581358127881057,0.4729230044700268,-0.11801832592465475,0.9060683599572842,-0.9834467418305679,0.8718195792729468,M3 Pooled,D4_energy,env_energy_mgmt,logit,1978,1557,True,0.14569103316926368,190.0,502,1476,,,-0.004870664564729664,0.04066615487833989,0.9046792565485896,-0.0846368705236799,0.07489554139422057,0.945715418517624,72.0,258.0,False,1.0,
R04,T2,Growth outcomes NOT winsorised,proc_innov,1.1116074465418317,0.7178007682545481,1.5486295023685892,0.12167403277434416,-0.2963506967686762,2.5195655898523395,M3 Pooled,D4_energy,env_energy_mgmt,logit,1978,1557,True,0.14569103316926368,86.0,502,1476,,,0.13544764002887077,0.11268755231935534,0.22955592543240222,-0.08558772793760813,0.3564830079953497,3.039239885660483,31.0,299.0,False,1.0,
R04,T2,Growth outcomes NOT winsorised,web,0.7125696972738937,0.25790926618781196,2.762869701451493,0.005796976285715692,0.20668356894420803,1.2184558256035793,M3 Pooled,D4_energy,env_energy_mgmt,logit,1978,1557,True,0.14569103316926368,915.0,502,1476,,,0.06535196164920111,0.02513236243563364,0.00940206375670606,0.016055115063306848,0.11464880823509538,2.039224721767313,204.0,126.0,False,0.12173650200002953,
R04,T2,Growth outcomes NOT winsorised,Korea,0.18285621833112115,0.279903896010953,0.6532821476838813,0.5136708543042875,-0.36617212931367377,0.7318845659759161,M3 Pooled,D4_energy,env_energy_mgmt,logit,1978,1557,True,0.14569103316926368,,502,1476,,,,,,,,1.2006417653929475,,,,,
R04,T2,Growth outcomes NOT winsorised,prod_innov,-0.8139535594472055,1.2807000141141966,-0.6355536429115924,0.52516078830586,-3.3260322500213024,1.6981251311268912,M4 Pooled x Korea,D4_energy,env_energy_mgmt,logit,1978,1557,True,0.1499544967873958,190.0,502,1476,1.110956304009258,0.3434372621408879,-0.05788761678792674,0.07155722369019957,0.41865624366922405,-0.198246307197659,0.08247107362180552,0.44310276554172634,72.0,258.0,False,1.0,
R04,T2,Growth outcomes NOT winsorised,proc_innov,1.7995521323348251,1.2495714297141025,1.44013546528233,0.15003011250282253,-0.6514681896303669,4.250572454300017,M4 Pooled x Korea,D4_energy,env_energy_mgmt,logit,1978,1557,True,0.1499544967873958,86.0,502,1476,1.110956304009258,0.3434372621408879,0.2543652906386077,0.23517332429807572,0.27959434805128724,-0.20692454308508407,0.7156551243622995,6.046938629572975,31.0,299.0,False,1.0,
R04,T2,Growth outcomes NOT winsorised,web,1.3873836308062355,0.42129756760931514,3.2931204390261466,0.0010130389962391718,0.5610131847076134,2.2137540769048574,M4 Pooled x Korea,D4_energy,env_energy_mgmt,logit,1978,1557,True,0.1499544967873958,915.0,502,1476,1.110956304009258,0.3434372621408879,0.13504284528183577,0.0504413851564585,0.007501492931429674,0.036102634945208656,0.2339830556184629,4.004359452624132,204.0,126.0,False,0.020260779924783437,
R04,T2,Growth outcomes NOT winsorised,Korea,0.8071563755264588,0.35568287368459695,2.269314704880077,0.023385481254692905,0.1094884144596896,1.5048243365932281,M4 Pooled x Korea,D4_energy,env_energy_mgmt,logit,1978,1557,True,0.1499544967873958,,502,1476,1.110956304009258,0.3434372621408879,,,,,,2.2415248604195797,,,,,
R04,T2,Growth outcomes NOT winsorised,prod_innov:Korea,1.027212963309094,1.3584116717365664,0.7561867912956942,0.4496516036586041,-1.637296270695088,3.6917221973132763,M4 Pooled x Korea,D4_energy,env_energy_mgmt,logit,1978,1557,True,0.1499544967873958,,502,1476,1.110956304009258,0.3434372621408879,,,,,,2.7932700300870805,,,,,1.0
R04,T2,Growth outcomes NOT winsorised,proc_innov:Korea,-1.1218679006238197,1.4386242672475493,-0.779819947546301,0.43561538424718227,-3.943713239631599,1.6999774383839596,M4 Pooled x Korea,D4_energy,env_energy_mgmt,logit,1978,1557,True,0.1499544967873958,,502,1476,1.110956304009258,0.3434372621408879,,,,,,0.3256709052405892,,,,,1.0
R04,T2,Growth outcomes NOT winsorised,web:Korea,-0.8016111830150117,0.490040248677716,-1.635806824394553,0.10208213797620218,-1.7628196257886795,0.15959725975865624,M4 Pooled x Korea,D4_energy,env_energy_mgmt,logit,1978,1557,True,0.1499544967873958,,502,1476,1.110956304009258,0.3434372621408879,,,,,,0.44860559581792514,,,,,1.0
R04,T2,Growth outcomes NOT winsorised,prod_innov,2.293792910237608,0.8542261958683209,2.685228949114546,0.007551877790157784,0.6144205753064393,3.9731652451687762,M1 Morocco,D4_co2,env_co2_monitor,logit,504,397,True,0.2759931348818814,74.0,504,0,,,0.1779195535520748,0.097726166305266,0.06942148344689004,-0.014205929002483991,0.37004503610663364,9.912463554546708,8.0,32.0,False,0.1359338002228401,
R04,T2,Growth outcomes NOT winsorised,proc_innov,-6.5187915293856955,1.4309201800457063,-4.5556639848195255,6.959151890653232e-06,-9.331919686174176,-3.7056633725972143,M1 Morocco,D4_co2,env_co2_monitor,logit,504,397,True,0.2759931348818814,39.0,504,0,,,-0.07741173548983064,0.021116401814016344,0.0002799256589398819,-0.11892568248802818,-0.0358977884916331,0.0014754510646670792,1.0,39.0,True,0.00014614218970371786,
R04,T2,Growth outcomes NOT winsorised,web,-0.0026399899138128957,0.6993669435622709,-0.0037748279899618015,0.9969900262423876,-1.3775656274845138,1.3722856476568879,M1 Morocco,D4_co2,env_co2_monitor,logit,504,397,True,0.2759931348818814,318.0,504,0,,,-0.00011017029574244835,0.029201412082265555,0.9969916649340065,-0.05751890328599257,0.05729856269450767,0.9973634917949936,26.0,14.0,False,1.0,
R04,T2,Growth outcomes NOT winsorised,prod_innov,-0.36752646581038007,0.41262719098735395,-0.8906986108475917,0.3732724466625381,-1.1770912816914225,0.4420383500706624,M2 Korea,D4_co2,env_co2_monitor,logit,1495,1180,True,0.18975047492973807,116.0,0,1495,,,-0.018125538155932625,0.018426950948504318,0.3254927957491541,-0.054278781271537416,0.018027704959672167,0.692445000448053,30.0,146.0,False,1.0,
R04,T2,Growth outcomes NOT winsorised,proc_innov,-0.5372024234506368,0.5313131853688671,-1.0110843062885426,0.3121833568300218,-1.5796263608045362,0.5052215139032626,M2 Korea,D4_co2,env_co2_monitor,logit,1495,1180,True,0.18975047492973807,48.0,0,1495,,,-0.02460542851246932,0.020343427443253112,0.2267120739499355,-0.06451875330591779,0.015307896280979148,0.58438081776758,11.0,165.0,False,1.0,
R04,T2,Growth outcomes NOT winsorised,web,-0.23433348022739606,0.3372879102535084,-0.6947580186057338,0.4873437336966716,-0.896084404372508,0.42741744391771586,M2 Korea,D4_co2,env_co2_monitor,logit,1495,1180,True,0.18975047492973807,606.0,0,1495,,,-0.012640589465292054,0.017842533803724574,0.47880416208317994,-0.04764721992776746,0.022366040997183347,0.791097956375678,109.0,67.0,False,1.0,
R04,T2,Growth outcomes NOT winsorised,prod_innov,0.6174334127728198,0.48236142954583233,1.2800223545115632,0.20072553337914295,-0.3287037777103966,1.5635706032560361,M3 Pooled,D4_co2,env_co2_monitor,logit,1999,1577,True,0.17286915863291574,190.0,504,1495,,,0.040260634293546795,0.038192281406025194,0.29197284016793446,-0.0346523575301654,0.11517362611725898,1.854163058366486,38.0,178.0,False,1.0,
R04,T2,Growth outcomes NOT winsorised,proc_innov,-1.8607716948623383,0.7176530909758292,-2.5928567970523932,0.009606258152136891,-3.2684262825783965,-0.45311710714628006,M3 Pooled,D4_co2,env_co2_monitor,logit,1999,1577,True,0.17286915863291574,87.0,504,1495,,,-0.0534736297763214,0.012470307283922,1.9115618260306543e-05,-0.0779337560952548,-0.029013503457388002,0.1555525449395491,12.0,204.0,False,0.19212516304273783,
R04,T2,Growth outcomes NOT winsorised,web,-0.18971911319251802,0.28353809510262845,-0.6691133095319977,0.5035211404638588,-0.7458704144023801,0.3664321880173441,M3 Pooled,D4_co2,env_co2_monitor,logit,1999,1577,True,0.17286915863291574,924.0,504,1495,,,-0.010056635291575636,0.015032928201214579,0.503610099301617,-0.03954326415911372,0.01942999357596244,0.8271914484799305,135.0,81.0,False,1.0,
R04,T2,Growth outcomes NOT winsorised,Korea,-0.04826247638782502,0.366749188862586,-0.13159531869041996,0.8953211745744827,-0.7676297929022465,0.6711048401265965,M3 Pooled,D4_co2,env_co2_monitor,logit,1999,1577,True,0.17286915863291574,,504,1495,,,,,,,,0.9528836447936163,,,,,
R04,T2,Growth outcomes NOT winsorised,prod_innov,2.3197798563134864,0.8429105874846385,2.752106677454402,0.005989142981126561,0.6664365203378708,3.973123192289102,M4 Pooled x Korea,D4_co2,env_co2_monitor,logit,1999,1577,True,0.19023324482370796,190.0,504,1495,4.7511401211113204,0.002652773700124727,0.24739230155334285,0.1354327818568445,0.06793690426680399,-0.01825495769375235,0.5130395608004381,10.173434442173829,38.0,178.0,False,0.11379371664140467,
R04,T2,Growth outcomes NOT winsorised,proc_innov,-5.743215664851918,1.333021424905086,-4.3084196229335525,1.7458218936573804e-05,-8.357896417832386,-3.1285349118714496,M4 Pooled x Korea,D4_co2,env_co2_monitor,logit,1999,1577,True,0.19023324482370796,87.0,504,1495,4.7511401211113204,0.002652773700124727,-0.07723385674618093,0.009215655714249784,1.1489375287780907e-16,-0.0953100835584087,-0.059157629933953154,0.003204447261311579,12.0,204.0,False,0.00036662259766804986,
R04,T2,Growth outcomes NOT winsorised,web,0.4050952184242069,0.9065589216562551,0.4468492987572286,0.6550452318952332,-1.3730923782726077,2.1832828151210215,M4 Pooled x Korea,D4_co2,env_co2_monitor,logit,1999,1577,True,0.19023324482370796,924.0,504,1495,4.7511401211113204,0.002652773700124727,0.022173521826689916,0.05154265027244654,0.6671107250515962,-0.07892581019234736,0.12327285384572718,1.4994452680751968,135.0,81.0,False,1.0,
R04,T2,Growth outcomes NOT winsorised,Korea,0.7286259242175191,0.9520060476435562,0.7653585037837138,0.4441726203301283,-1.1387048200515375,2.595956668486576,M4 Pooled x Korea,D4_co2,env_co2_monitor,logit,1999,1577,True,0.19023324482370796,,504,1495,4.7511401211113204,0.002652773700124727,,,,,,2.072231247730988,,,,,
R04,T2,Growth outcomes NOT winsorised,prod_innov:Korea,-2.62451723998672,0.9569989014823451,-2.7424454050276017,0.006167325395460703,-4.501641314348468,-0.747393165624971,M4 Pooled x Korea,D4_co2,env_co2_monitor,logit,1999,1577,True,0.19023324482370796,,504,1495,4.7511401211113204,0.002652773700124727,,,,,,0.07247473649498244,,,,,0.11717918251375335
R04,T2,Growth outcomes NOT winsorised,proc_innov:Korea,5.017254535969271,1.4096168934307831,3.5593036372869173,0.00038286218247763514,2.2523341142348507,7.782174957703692,M4 Pooled x Korea,D4_co2,env_co2_monitor,logit,1999,1577,True,0.19023324482370796,,504,1495,4.7511401211113204,0.002652773700124727,,,,,,150.99617962063598,,,,,0.008040105832030338
R04,T2,Growth outcomes NOT winsorised,web:Korea,-0.6791346113749055,0.9942342946571137,-0.6830730090728986,0.4946610451769498,-2.629294770562267,1.2710255478124564,M4 Pooled x Korea,D4_co2,env_co2_monitor,logit,1999,1577,True,0.19023324482370796,,504,1495,4.7511401211113204,0.002652773700124727,,,,,,0.5070556027048888,,,,,1.0
R05,T2,Growth outcomes winsorised at 5/95 within country,prod_innov,0.8673072150906435,0.9553707337177169,0.9078226749898606,0.36453686242990624,-1.0110593885752808,2.7456738187565675,M1 Morocco,D1_sales,g_sales_w5,ols,494,387,True,0.03729370488530703,72.0,494,0,,,,,,,,,,,,1.0,
R05,T2,Growth outcomes winsorised at 5/95 within country,proc_innov,0.8530018576133264,1.443079376161841,0.59109836347468,0.5547995869598288,-1.984254938053148,3.690258653279801,M1 Morocco,D1_sales,g_sales_w5,ols,494,387,True,0.03729370488530703,37.0,494,0,,,,,,,,,,,,1.0,
R05,T2,Growth outcomes winsorised at 5/95 within country,web,0.24415725732215754,1.2086391812741941,0.2020100465920338,0.8400150167408271,-2.132163676388134,2.620478191032449,M1 Morocco,D1_sales,g_sales_w5,ols,494,387,True,0.03729370488530703,314.0,494,0,,,,,,,,,,,,1.0,
R05,T2,Growth outcomes winsorised at 5/95 within country,prod_innov,5.883652661088414,2.2145447283801154,2.6568226803854893,0.008000354820512201,1.5385249379903003,10.228780384186528,M2 Korea,D1_sales,g_sales_w5,ols,1431,1119,True,0.05991463444067535,111.0,0,1431,,,,,,,,,,,,0.16800745123075622,
R05,T2,Growth outcomes winsorised at 5/95 within country,proc_innov,-6.116581200851666,3.0656764937278793,-1.9951815572731453,0.04626523909487186,-12.13170284289275,-0.10145955881058111,M2 Korea,D1_sales,g_sales_w5,ols,1431,1119,True,0.05991463444067535,47.0,0,1431,,,,,,,,,,,,0.8790395428025654,
R05,T2,Growth outcomes winsorised at 5/95 within country,web,1.375792847242588,0.9581358324848218,1.435905850295378,0.15130861181663607,-0.5041522786654282,3.2557379731506044,M2 Korea,D1_sales,g_sales_w5,ols,1431,1119,True,0.05991463444067535,593.0,0,1431,,,,,,,,,,,,1.0,
R05,T2,Growth outcomes winsorised at 5/95 within country,prod_innov,3.999460524275773,1.4816799817504545,2.6992741843962937,0.007026818776338385,1.0930853164040921,6.9058357321474535,M3 Pooled,D1_sales,g_sales_w5,ols,1925,1506,True,0.06934358593507095,183.0,494,1431,,,,,,,,,,,,0.1405363755267677,
R05,T2,Growth outcomes winsorised at 5/95 within country,proc_innov,-2.6659232018792363,1.6806763084912015,-1.586220492554288,0.11289923080856386,-5.9626377526727055,0.6307913489142334,M3 Pooled,D1_sales,g_sales_w5,ols,1925,1506,True,0.06934358593507095,84.0,494,1431,,,,,,,,,,,,1.0,
R05,T2,Growth outcomes winsorised at 5/95 within country,web,1.198533718951871,0.7699292284966675,1.5566803734572843,0.11975649899733729,-0.3117136010361239,2.7087810389398657,M3 Pooled,D1_sales,g_sales_w5,ols,1925,1506,True,0.06934358593507095,907.0,494,1431,,,,,,,,,,,,1.0,
R05,T2,Growth outcomes winsorised at 5/95 within country,Korea,-2.1324946604512527,0.7566945035654494,-2.8181712043674243,0.0048929332473605465,-3.6167815322339267,-0.6482077886685786,M3 Pooled,D1_sales,g_sales_w5,ols,1925,1506,True,0.06934358593507095,,494,1431,,,,,,,,,,,,,
R05,T2,Growth outcomes winsorised at 5/95 within country,prod_innov,1.0541978558395877,0.9542178749805508,1.1047768895139118,0.2694327486857006,-0.8175390974228043,2.92593480910198,M4 Pooled x Korea,D1_sales,g_sales_w5,ols,1925,1506,True,0.077820302234061,183.0,494,1431,2.7342291063240114,0.042374505435614745,,,,,,,,,,1.0,
R05,T2,Growth outcomes winsorised at 5/95 within country,proc_innov,0.7645140700033162,1.4076876259113693,0.5430992330477808,0.5871418506844905,-1.9967221394129244,3.5257502794195568,M4 Pooled x Korea,D1_sales,g_sales_w5,ols,1925,1506,True,0.077820302234061,84.0,494,1431,2.7342291063240114,0.042374505435614745,,,,,,,,,,1.0,
R05,T2,Growth outcomes winsorised at 5/95 within country,web,0.11018849029648692,1.148280804353752,0.09595953348580147,0.9235654787735685,-2.1422107474295804,2.3625877280225542,M4 Pooled x Korea,D1_sales,g_sales_w5,ols,1925,1506,True,0.077820302234061,907.0,494,1431,2.7342291063240114,0.042374505435614745,,,,,,,,,,1.0,
R05,T2,Growth outcomes winsorised at 5/95 within country,Korea,-3.1251386612605936,1.0612092677879248,-2.9448844409122996,0.0032803202497415874,-5.206743558573662,-1.0435337639475248,M4 Pooled x Korea,D1_sales,g_sales_w5,ols,1925,1506,True,0.077820302234061,,494,1431,2.7342291063240114,0.042374505435614745,,,,,,,,,,,
R05,T2,Growth outcomes winsorised at 5/95 within country,prod_innov:Korea,4.727929183228855,2.403387786285058,1.9671936464888444,0.04934420830561576,0.013586840081144302,9.442271526376565,M4 Pooled x Korea,D1_sales,g_sales_w5,ols,1925,1506,True,0.077820302234061,,494,1431,2.7342291063240114,0.042374505435614745,,,,,,,,,,,0.7895073328898522
R05,T2,Growth outcomes winsorised at 5/95 within country,proc_innov:Korea,-7.056621356794752,3.3023873772827863,-2.1368242276292126,0.03277302764753147,-13.534387755976333,-0.5788549576131699,M4 Pooled x Korea,D1_sales,g_sales_w5,ols,1925,1506,True,0.077820302234061,,494,1431,2.7342291063240114,0.042374505435614745,,,,,,,,,,,0.5571414700080349
R05,T2,Growth outcomes winsorised at 5/95 within country,web:Korea,1.4218218788258696,1.4431796839009405,0.9852008690855872,0.32468366390434866,-1.4090334377442442,4.252677195395983,M4 Pooled x Korea,D1_sales,g_sales_w5,ols,1925,1506,True,0.077820302234061,,494,1431,2.7342291063240114,0.042374505435614745,,,,,,,,,,,1.0
R05,T2,Growth outcomes winsorised at 5/95 within country,prod_innov,2.205421409922331,1.60512939199077,1.3739835685066146,0.17024203844439614,-0.9504439919258485,5.36128681177051,M1 Morocco,D1_lp,g_lp_w5,ols,494,387,True,0.02860803737216333,72.0,494,0,,,,,,,,,,,,1.0,
R05,T2,Growth outcomes winsorised at 5/95 within country,proc_innov,-1.9012169410166457,2.8759339970268134,-0.6610780855826852,0.5089555916907812,-7.55562751034728,3.753193628313989,M1 Morocco,D1_lp,g_lp_w5,ols,494,387,True,0.02860803737216333,37.0,494,0,,,,,,,,,,,,1.0,
R05,T2,Growth outcomes winsorised at 5/95 within country,web,-1.2551998753586933,1.4004048587457945,-0.896312139678559,0.37064326914479445,-4.0085537572003584,1.4981540064829724,M1 Morocco,D1_lp,g_lp_w5,ols,494,387,True,0.02860803737216333,314.0,494,0,,,,,,,,,,,,1.0,
R05,T2,Growth outcomes winsorised at 5/95 within country,prod_innov,3.643923128405541,2.0158570852118207,1.8076296951490722,0.07093258965644625,-0.31136230543834653,7.599208562249428,M2 Korea,D1_lp,g_lp_w5,ols,1431,1119,True,0.08304512110934481,111.0,0,1431,,,,,,,,,,,,1.0,
R05,T2,Growth outcomes winsorised at 5/95 within country,proc_innov,-4.6299461467781065,3.2661685448369266,-1.4175466094966236,0.15660155693972366,-11.038450482052017,1.7785581884958042,M2 Korea,D1_lp,g_lp_w5,ols,1431,1119,True,0.08304512110934481,47.0,0,1431,,,,,,,,,,,,1.0,
R05,T2,Growth outcomes winsorised at 5/95 within country,web,0.4915685154474401,1.0308770724411138,0.4768449397011104,0.633565646974509,-1.5311011959232566,2.514238226818137,M2 Korea,D1_lp,g_lp_w5,ols,1431,1119,True,0.08304512110934481,593.0,0,1431,,,,,,,,,,,,1.0,
R05,T2,Growth outcomes winsorised at 5/95 within country,prod_innov,3.1517336096909307,1.3944658839725592,2.260172619434949,0.023952845256970213,0.4164323818153308,5.887034837566531,M3 Pooled,D1_lp,g_lp_w5,ols,1925,1506,True,0.05636641165109901,183.0,494,1431,,,,,,,,,,,,0.43115121462546385,
R05,T2,Growth outcomes winsorised at 5/95 within country,proc_innov,-3.1907201946778216,2.109939055000459,-1.5122333448996836,0.1306843156969201,-7.329450983446986,0.9480105940913419,M3 Pooled,D1_lp,g_lp_w5,ols,1925,1506,True,0.05636641165109901,84.0,494,1431,,,,,,,,,,,,1.0,
R05,T2,Growth outcomes winsorised at 5/95 within country,web,0.2565125292533658,0.8380182491454616,0.3060942044101487,0.7595752284319197,-1.3872941584653915,1.9003192169721232,M3 Pooled,D1_lp,g_lp_w5,ols,1925,1506,True,0.05636641165109901,907.0,494,1431,,,,,,,,,,,,1.0,
R05,T2,Growth outcomes winsorised at 5/95 within country,Korea,-0.21731213686628192,0.8061287166095024,-0.26957498522106405,0.7875241772805112,-1.7985662168055687,1.3639419430730046,M3 Pooled,D1_lp,g_lp_w5,ols,1925,1506,True,0.05636641165109901,,494,1431,,,,,,,,,,,,,
R05,T2,Growth outcomes winsorised at 5/95 within country,prod_innov,2.401313083221509,1.5960919389388544,1.5044954646021191,0.1326635214986305,-0.7294858058445408,5.5321119722875585,M4 Pooled x Korea,D1_lp,g_lp_w5,ols,1925,1506,True,0.05956933580510648,183.0,494,1431,0.8272436000693225,0.4788234520953325,,,,,,,,,,1.0,
R05,T2,Growth outcomes winsorised at 5/95 within country,proc_innov,-1.7180578357536997,2.812750067294142,-0.6108106993688446,0.5414170805775018,-7.235380848962851,3.7992651774554513,M4 Pooled x Korea,D1_lp,g_lp_w5,ols,1925,1506,True,0.05956933580510648,84.0,494,1431,0.8272436000693225,0.4788234520953325,,,,,,,,,,1.0,
R05,T2,Growth outcomes winsorised at 5/95 within country,web,-1.3393228638304735,1.31249598607911,-1.02043958841467,0.30768391970296155,-3.9138368218748085,1.2351910942138615,M4 Pooled x Korea,D1_lp,g_lp_w5,ols,1925,1506,True,0.05956933580510648,907.0,494,1431,0.8272436000693225,0.4788234520953325,,,,,,,,,,1.0,
R05,T2,Growth outcomes winsorised at 5/95 within country,Korea,-1.5025448203736849,1.1493817098313004,-1.3072635552850582,0.19132276667940493,-3.7571035287179466,0.7520138879705769,M4 Pooled x Korea,D1_lp,g_lp_w5,ols,1925,1506,True,0.05956933580510648,,494,1431,0.8272436000693225,0.4788234520953325,,,,,,,,,,,
R05,T2,Growth outcomes winsorised at 5/95 within country,prod_innov:Korea,1.0902495137863384,2.5565307750805726,0.4264566358494072,0.6698360885854588,-3.924488995454421,6.104988023027097,M4 Pooled x Korea,D1_lp,g_lp_w5,ols,1925,1506,True,0.05956933580510648,,494,1431,0.8272436000693225,0.4788234520953325,,,,,,,,,,,1.0
R05,T2,Growth outcomes winsorised at 5/95 within country,proc_innov:Korea,-3.10186238636975,4.254077795190255,-0.7291503671787051,0.4660230660200206,-11.446408029546781,5.242683256807282,M4 Pooled x Korea,D1_lp,g_lp_w5,ols,1925,1506,True,0.05956933580510648,,494,1431,0.8272436000693225,0.4788234520953325,,,,,,,,,,,1.0
R05,T2,Growth outcomes winsorised at 5/95 within country,web:Korea,2.1831653000094273,1.5887577136630744,1.374133564378343,0.169604686250939,-0.933247209559688,5.299577809578542,M4 Pooled x Korea,D1_lp,g_lp_w5,ols,1925,1506,True,0.05956933580510648,,494,1431,0.8272436000693225,0.4788234520953325,,,,,,,,,,,1.0
R05,T2,Growth outcomes winsorised at 5/95 within country,prod_innov,-1.2735671642038802,1.49569230381756,-0.8514900831897481,0.3950223864868327,-4.214243133394369,1.6671088049866087,M1 Morocco,D2_emp,g_emp_w5,ols,495,388,True,0.07140462751224319,72.0,495,0,,,,,,,,,,,,1.0,
R05,T2,Growth outcomes winsorised at 5/95 within country,proc_innov,3.4650479356849266,2.739759700814928,1.2647269520222029,0.20672834005161322,-1.921585058935149,8.851680930305003,M1 Morocco,D2_emp,g_emp_w5,ols,495,388,True,0.07140462751224319,38.0,495,0,,,,,,,,,,,,1.0,
R05,T2,Growth outcomes winsorised at 5/95 within country,web,1.24872227702827,0.9771003062433548,1.2779878064200152,0.20201776212942377,-0.6723515847043109,3.1697961387608506,M1 Morocco,D2_emp,g_emp_w5,ols,495,388,True,0.07140462751224319,315.0,495,0,,,,,,,,,,,,1.0,
R05,T2,Growth outcomes winsorised at 5/95 within country,prod_innov,0.7791039882722437,1.199603177608935,0.6494680931282327,0.5161666945796701,-1.5745739448224665,3.132781921366954,M2 Korea,D2_emp,g_emp_w5,ols,1456,1140,True,0.07979207302747449,112.0,0,1456,,,,,,,,,,,,1.0,
R05,T2,Growth outcomes winsorised at 5/95 within country,proc_innov,-2.1864749882911614,1.2809502043893821,-1.7069164599832631,0.08810989877600996,-4.6997596191920845,0.3268096426097622,M2 Korea,D2_emp,g_emp_w5,ols,1456,1140,True,0.07979207302747449,48.0,0,1456,,,,,,,,,,,,1.0,
R05,T2,Growth outcomes winsorised at 5/95 within country,web,0.8266691463359326,0.5676257415513878,1.45636303257944,0.14556763979719203,-0.28703929249045657,1.9403775851623217,M2 Korea,D2_emp,g_emp_w5,ols,1456,1140,True,0.07979207302747449,597.0,0,1456,,,,,,,,,,,,1.0,
R05,T2,Growth outcomes winsorised at 5/95 within country,prod_innov,-0.016366171007261277,0.9668185169236722,-0.016927862593423357,0.9864963747797129,-1.9127978313976157,1.880065489383093,M3 Pooled,D2_emp,g_emp_w5,ols,1951,1528,True,0.10347593181322756,184.0,495,1456,,,,,,,,,,,,1.0,
R05,T2,Growth outcomes winsorised at 5/95 within country,proc_innov,0.8487956455359358,1.8093305048997306,0.4691213922704378,0.6390497952986981,-2.7002382150482673,4.397829506120139,M3 Pooled,D2_emp,g_emp_w5,ols,1951,1528,True,0.10347593181322756,86.0,495,1456,,,,,,,,,,,,1.0,
R05,T2,Growth outcomes winsorised at 5/95 within country,web,0.7809393753560353,0.4736582573092356,1.6487401270958655,0.09940645190027313,-0.14814969321573546,1.710028443927806,M3 Pooled,D2_emp,g_emp_w5,ols,1951,1528,True,0.10347593181322756,912.0,495,1456,,,,,,,,,,,,1.0,
R05,T2,Growth outcomes winsorised at 5/95 within country,Korea,-2.135425531286509,0.5102444231736541,-4.185103127643099,3.0127329681864258e-05,-3.1362790127889992,-1.134572049784019,M3 Pooled,D2_emp,g_emp_w5,ols,1951,1528,True,0.10347593181322756,,495,1456,,,,,,,,,,,,,
R05,T2,Growth outcomes winsorised at 5/95 within country,prod_innov,-1.3348497372604486,1.5082526645543441,-0.8850305844842433,0.3762793819970823,-4.293314076597036,1.6236146020761388,M4 Pooled x Korea,D2_emp,g_emp_w5,ols,1951,1528,True,0.11060951178019329,184.0,495,1456,1.130761581529744,0.33536095806515825,,,,,,,,,,1.0,
R05,T2,Growth outcomes winsorised at 5/95 within country,proc_innov,3.2186255063046736,2.6887044268903466,1.1970916081791905,0.23145653541306388,-2.055315891519324,8.49256690412867,M4 Pooled x Korea,D2_emp,g_emp_w5,ols,1951,1528,True,0.11060951178019329,86.0,495,1456,1.130761581529744,0.33536095806515825,,,,,,,,,,1.0,
R05,T2,Growth outcomes winsorised at 5/95 within country,web,1.0316496295423068,0.9386931647578264,1.0990275292016878,0.2719291907135317,-0.8096136539776351,2.8729129130622484,M4 Pooled x Korea,D2_emp,g_emp_w5,ols,1951,1528,True,0.11060951178019329,912.0,495,1456,1.130761581529744,0.33536095806515825,,,,,,,,,,1.0,
R05,T2,Growth outcomes winsorised at 5/95 within country,Korea,-1.8999682792568116,0.8301577208893778,-2.288683501276489,0.022233691541835982,-3.5283373655477033,-0.27159919296591983,M4 Pooled x Korea,D2_emp,g_emp_w5,ols,1951,1528,True,0.11060951178019329,,495,1456,1.130761581529744,0.33536095806515825,,,,,,,,,,,
R05,T2,Growth outcomes winsorised at 5/95 within country,prod_innov:Korea,2.169981713602738,1.9373380152370479,1.1200842065431853,0.26285390288079,-1.6301411477836698,5.970104574989146,M4 Pooled x Korea,D2_emp,g_emp_w5,ols,1951,1528,True,0.11060951178019329,,495,1456,1.130761581529744,0.33536095806515825,,,,,,,,,,,1.0
R05,T2,Growth outcomes winsorised at 5/95 within country,proc_innov:Korea,-5.190382571321962,2.8816859503071806,-1.80116177155553,0.07187447581601364,-10.842860648441832,0.46209550579790815,M4 Pooled x Korea,D2_emp,g_emp_w5,ols,1951,1528,True,0.11060951178019329,,495,1456,1.130761581529744,0.33536095806515825,,,,,,,,,,,1.0
R05,T2,Growth outcomes winsorised at 5/95 within country,web:Korea,-0.35001385601280915,1.0927383389580443,-0.32030893722147324,0.7487779439604941,-2.493439479589281,1.7934117675636627,M4 Pooled x Korea,D2_emp,g_emp_w5,ols,1951,1528,True,0.11060951178019329,,495,1456,1.130761581529744,0.33536095806515825,,,,,,,,,,,1.0
R05,T2,Growth outcomes winsorised at 5/95 within country,prod_innov,-0.05407304516274368,0.02755393182013996,-1.962443890610927,0.05059360625286761,-0.10828672028866397,0.00014062996317661114,M1 Morocco,D3_female,female_share,ols,418,314,True,0.09632572702037823,68.0,418,0,,,,,,,,,,,,0.8600913062987493,
R05,T2,Growth outcomes winsorised at 5/95 within country,proc_innov,0.13639121700889742,0.03965762201029931,3.4392182409090455,0.00066219584897156,0.05836295411098945,0.21441947990680538,M1 Morocco,D3_female,female_share,ols,418,314,True,0.09632572702037823,35.0,418,0,,,,,,,,,,,,0.0132439169794312,
R05,T2,Growth outcomes winsorised at 5/95 within country,web,0.011553971587490965,0.03500794177969052,0.3300385855358648,0.7415908845177074,-0.05732582367584918,0.08043376685083112,M1 Morocco,D3_female,female_share,ols,418,314,True,0.09632572702037823,264.0,418,0,,,,,,,,,,,,1.0,
R05,T2,Growth outcomes winsorised at 5/95 within country,prod_innov,0.11160505891542648,0.05204536281409559,2.144380457372855,0.03220793706219905,0.009492388589688483,0.21371772924116447,M2 Korea,D3_female,female_share,ols,1485,1170,True,0.08548295405084916,116.0,0,1485,,,,,,,,,,,,0.644158741243981,
R05,T2,Growth outcomes winsorised at 5/95 within country,proc_innov,0.008351537757477817,0.05981582171258671,0.13962088153877938,0.8889835708885867,-0.10900672343128372,0.12570979894623935,M2 Korea,D3_female,female_share,ols,1485,1170,True,0.08548295405084916,48.0,0,1485,,,,,,,,,,,,1.0,
R05,T2,Growth outcomes winsorised at 5/95 within country,web,0.006845843055009104,0.023268890254458434,0.2942058250370323,0.7686528156378802,-0.03880757140741789,0.0524992575174361,M2 Korea,D3_female,female_share,ols,1485,1170,True,0.08548295405084916,601.0,0,1485,,,,,,,,,,,,1.0,
R05,T2,Growth outcomes winsorised at 5/95 within country,prod_innov,0.04714645763177058,0.037484731454059866,1.2577509776094256,0.2086797066182194,-0.02638223585878187,0.12067515112232303,M3 Pooled,D3_female,female_share,ols,1903,1484,True,0.07219800602532878,184.0,418,1485,,,,,,,,,,,,1.0,
R05,T2,Growth outcomes winsorised at 5/95 within country,proc_innov,0.04498305074309489,0.04202753727687221,1.0703232608361541,0.2846478761129384,-0.037456646347471034,0.1274227478336608,M3 Pooled,D3_female,female_share,ols,1903,1484,True,0.07219800602532878,83.0,418,1485,,,,,,,,,,,,1.0,
R05,T2,Growth outcomes winsorised at 5/95 within country,web,0.017699779839846615,0.019533116451217764,0.906142134771492,0.36500772463988634,-0.02061567492650474,0.05601523460619797,M3 Pooled,D3_female,female_share,ols,1903,1484,True,0.07219800602532878,865.0,418,1485,,,,,,,,,,,,1.0,
R05,T2,Growth outcomes winsorised at 5/95 within country,Korea,0.09709229068433027,0.021589518208756805,4.497195803329655,7.4213665928418285e-06,0.05474307260533966,0.1394415087633209,M3 Pooled,D3_female,female_share,ols,1903,1484,True,0.07219800602532878,,418,1485,,,,,,,,,,,,,
R05,T2,Growth outcomes winsorised at 5/95 within country,prod_innov,-0.061999321228254155,0.02996046188033904,-2.0693713426674503,0.03868399997014644,-0.12076867965715746,-0.0032299627993508523,M4 Pooled x Korea,D3_female,female_share,ols,1903,1484,True,0.07851504491131567,184.0,418,1485,2.7287919567788905,0.04269066242670152,,,,,,,,,,0.6576279994924895,
R05,T2,Growth outcomes winsorised at 5/95 within country,proc_innov,0.09934379038089344,0.04346735555383993,2.285480428130562,0.022425150328237692,0.014079797832882296,0.1846077829289046,M4 Pooled x Korea,D3_female,female_share,ols,1903,1484,True,0.07851504491131567,83.0,418,1485,2.7287919567788905,0.04269066242670152,,,,,,,,,,0.40365270590827845,
R05,T2,Growth outcomes winsorised at 5/95 within country,web,0.029091979609703285,0.03369284489733119,0.8634468148460702,0.3880313750765105,-0.03699868635429871,0.09518264557370529,M4 Pooled x Korea,D3_female,female_share,ols,1903,1484,True,0.07851504491131567,865.0,418,1485,2.7287919567788905,0.04269066242670152,,,,,,,,,,1.0,
R05,T2,Growth outcomes winsorised at 5/95 within country,Korea,0.09505347885476338,0.031499084811765186,3.017658431119245,0.002590737175021896,0.03326601333174842,0.15684094437777835,M4 Pooled x Korea,D3_female,female_share,ols,1903,1484,True,0.07851504491131567,,418,1485,2.7287919567788905,0.04269066242670152,,,,,,,,,,,
R05,T2,Growth outcomes winsorised at 5/95 within country,prod_innov:Korea,0.1682234796712045,0.05977173543604519,2.814431912407846,0.0049508585475080925,0.0509774052352262,0.2854695541071828,M4 Pooled x Korea,D3_female,female_share,ols,1903,1484,True,0.07851504491131567,,418,1485,2.7287919567788905,0.04269066242670152,,,,,,,,,,,0.09901717095016185
R05,T2,Growth outcomes winsorised at 5/95 within country,proc_innov:Korea,-0.08869880259705905,0.07469633241690571,-1.1874586037504595,0.23523680629404634,-0.23522042668505072,0.05782282149093261,M4 Pooled x Korea,D3_female,female_share,ols,1903,1484,True,0.07851504491131567,,418,1485,2.7287919567788905,0.04269066242670152,,,,,,,,,,,1.0
R05,T2,Growth outcomes winsorised at 5/95 within country,web:Korea,-0.017622560639379278,0.04065788906180336,-0.4334352089109085,0.6647616205573439,-0.09737560532804378,0.062130484049285215,M4 Pooled x Korea,D3_female,female_share,ols,1903,1484,True,0.07851504491131567,,418,1485,2.7287919567788905,0.04269066242670152,,,,,,,,,,,1.0
R05,T2,Growth outcomes winsorised at 5/95 within country,prod_innov,0.007008560436554666,0.045592655548287765,0.1537212595377738,0.8779305179853188,-0.08270507846935171,0.09672219934246104,M1 Morocco,D3_lowskill,lowskill_prod_share,ols,407,307,True,0.1452253037211707,69.0,407,0,,,,,,,,,,,,1.0,
R05,T2,Growth outcomes winsorised at 5/95 within country,proc_innov,-0.0260744043036268,0.04352138417856593,-0.5991170730380473,0.5495366616420483,-0.11171235844178454,0.05956354983453094,M1 Morocco,D3_lowskill,lowskill_prod_share,ols,407,307,True,0.1452253037211707,36.0,407,0,,,,,,,,,,,,1.0,
R05,T2,Growth outcomes winsorised at 5/95 within country,web,-0.059274461233982265,0.04212257132547526,-1.4071900021481767,0.16038265390876533,-0.14215994154296796,0.023611019075003445,M1 Morocco,D3_lowskill,lowskill_prod_share,ols,407,307,True,0.1452253037211707,254.0,407,0,,,,,,,,,,,,1.0,
R05,T2,Growth outcomes winsorised at 5/95 within country,prod_innov,0.04426763643833839,0.05518729357144456,0.8021345779718341,0.4226405499032152,-0.06401123399505752,0.15254650687173432,M2 Korea,D3_lowskill,lowskill_prod_share,ols,1465,1152,True,0.1000901942043545,113.0,0,1465,,,,,,,,,,,,1.0,
R05,T2,Growth outcomes winsorised at 5/95 within country,proc_innov,0.0020516650605828524,0.0764789906433689,0.026826518542197076,0.9786027483200552,-0.1480020553312265,0.15210538545239222,M2 Korea,D3_lowskill,lowskill_prod_share,ols,1465,1152,True,0.1000901942043545,45.0,0,1465,,,,,,,,,,,,1.0,
R05,T2,Growth outcomes winsorised at 5/95 within country,web,0.04405229313985183,0.02391839549559464,1.841774593449026,0.0657650527247777,-0.0028762057815425804,0.09098079206124624,M2 Korea,D3_lowskill,lowskill_prod_share,ols,1465,1152,True,0.1000901942043545,588.0,0,1465,,,,,,,,,,,,1.0,
R05,T2,Growth outcomes winsorised at 5/95 within country,prod_innov,0.03374380431486031,0.04046819408413261,0.8338351902906163,0.4045103530860825,-0.04563825184358361,0.11312586047330422,M3 Pooled,D3_lowskill,lowskill_prod_share,ols,1872,1459,True,0.11727739804770454,182.0,407,1465,,,,,,,,,,,,1.0,
R05,T2,Growth outcomes winsorised at 5/95 within country,proc_innov,-0.02682055042237224,0.04357991389627299,-0.6154337635041993,0.5383642830317311,-0.11230652899364069,0.05866542814889621,M3 Pooled,D3_lowskill,lowskill_prod_share,ols,1872,1459,True,0.11727739804770454,81.0,407,1465,,,,,,,,,,,,1.0,
R05,T2,Growth outcomes winsorised at 5/95 within country,web,0.020018953646235245,0.02087303318369995,0.9590821549533266,0.33767626265421474,-0.020925405989402977,0.06096331328187347,M3 Pooled,D3_lowskill,lowskill_prod_share,ols,1872,1459,True,0.11727739804770454,842.0,407,1465,,,,,,,,,,,,1.0,
R05,T2,Growth outcomes winsorised at 5/95 within country,Korea,-0.10126769997195637,0.023864654773082108,-4.243417762999875,2.340159501140857e-05,-0.1480803983953208,-0.05445500154859193,M3 Pooled,D3_lowskill,lowskill_prod_share,ols,1872,1459,True,0.11727739804770454,,407,1465,,,,,,,,,,,,,
R05,T2,Growth outcomes winsorised at 5/95 within country,prod_innov,0.004360588603028931,0.04846917765907684,0.08996621798910018,0.9283264084584979,-0.0907161270736672,0.09943730427972507,M4 Pooled x Korea,D3_lowskill,lowskill_prod_share,ols,1872,1459,True,0.12795337300901233,182.0,407,1465,2.65846389706292,0.04692150857768458,,,,,,,,,,1.0,
R05,T2,Growth outcomes winsorised at 5/95 within country,proc_innov,-0.03469224009140687,0.043946152419363546,-0.7894261085782968,0.42999126967138357,-0.12089662895167705,0.051512148768863314,M4 Pooled x Korea,D3_lowskill,lowskill_prod_share,ols,1872,1459,True,0.12795337300901233,81.0,407,1465,2.65846389706292,0.04692150857768458,,,,,,,,,,1.0,
R05,T2,Growth outcomes winsorised at 5/95 within country,web,-0.07101290180941107,0.041178864076912874,-1.7244988029969672,0.08482963585837552,-0.15178900202032047,0.009763198401498335,M4 Pooled x Korea,D3_lowskill,lowskill_prod_share,ols,1872,1459,True,0.12795337300901233,842.0,407,1465,2.65846389706292,0.04692150857768458,,,,,,,,,,1.0,
R05,T2,Growth outcomes winsorised at 5/95 within country,Korea,-0.17771826257999274,0.036621842377812554,-4.852794153460281,1.3479229662881758e-06,-0.2495553488165902,-0.10588117634339528,M4 Pooled x Korea,D3_lowskill,lowskill_prod_share,ols,1872,1459,True,0.12795337300901233,,407,1465,2.65846389706292,0.04692150857768458,,,,,,,,,,,
R05,T2,Growth outcomes winsorised at 5/95 within country,prod_innov:Korea,0.04055598104567412,0.0743138590020504,0.5457391338613587,0.5853286945150903,-0.10521743588484542,0.18632939797619366,M4 Pooled x Korea,D3_lowskill,lowskill_prod_share,ols,1872,1459,True,0.12795337300901233,,407,1465,2.65846389706292,0.04692150857768458,,,,,,,,,,,1.0
R05,T2,Growth outcomes winsorised at 5/95 within country,proc_innov:Korea,0.04273624839365915,0.09015400812075704,0.4740360332778102,0.6355451418870722,-0.13410906673634854,0.2195815635236668,M4 Pooled x Korea,D3_lowskill,lowskill_prod_share,ols,1872,1459,True,0.12795337300901233,,407,1465,2.65846389706292,0.04692150857768458,,,,,,,,,,,1.0
R05,T2,Growth outcomes winsorised at 5/95 within country,web:Korea,0.11755991939291112,0.046883480180837885,2.5074913154796037,0.012267067850318825,0.02559369404366013,0.2095261447421621,M4 Pooled x Korea,D3_lowskill,lowskill_prod_share,ols,1872,1459,True,0.12795337300901233,,407,1465,2.65846389706292,0.04692150857768458,,,,,,,,,,,0.22080722130573885
R05,T2,Growth outcomes winsorised at 5/95 within country,prod_innov,-0.622436953135007,1.2438981256887238,-0.500392226887853,0.6170768966679229,-3.067906595965652,1.8230326896956384,M1 Morocco,D4_energy,env_energy_mgmt,logit,502,396,True,0.1967390219964762,74.0,502,0,,,-0.04330547644063563,0.07230517726571263,0.5495644505282031,-0.18545547439556193,0.09884452151429068,0.5366350882704792,23.0,60.0,False,1.0,
R05,T2,Growth outcomes winsorised at 5/95 within country,proc_innov,1.6464606467843528,1.1583425067799964,1.4213936181632887,0.15598938078646526,-0.6308089927710749,3.9237302863397803,M1 Morocco,D4_energy,env_energy_mgmt,logit,502,396,True,0.1967390219964762,39.0,502,0,,,0.1963396913214909,0.17101130269243173,0.25161646680071936,-0.13986384551052497,0.5325432281535067,5.188583061914578,10.0,73.0,False,1.0,
R05,T2,Growth outcomes winsorised at 5/95 within country,web,1.4190332503894156,0.4291064174696573,3.3069494946198454,0.0010293277547696348,0.5754217875255696,2.2626447132532617,M1 Morocco,D4_energy,env_energy_mgmt,logit,502,396,True,0.1967390219964762,317.0,502,0,,,0.0899099036186867,0.03270869953604389,0.00625501533769696,0.025605496272163714,0.15421431096520968,4.133122813340319,47.0,36.0,False,0.01955722734062306,
R05,T2,Growth outcomes winsorised at 5/95 within country,prod_innov,0.19885242084523375,0.45166896448386357,0.4402614225940202,0.6598297291218441,-0.6873263241624545,1.0850311658529221,M2 Korea,D4_energy,env_energy_mgmt,logit,1476,1161,True,0.1469667785539185,116.0,0,1476,,,0.018935871698040792,0.04523353579841446,0.6755679213200185,-0.06981274983256552,0.1076844932286471,1.220001905763572,49.0,198.0,False,1.0,
R05,T2,Growth outcomes winsorised at 5/95 within country,proc_innov,0.655163070338856,0.7239001202557422,0.9050462239285131,0.36562866811592487,-0.7651357558428726,2.0754618965205847,M2 Korea,D4_energy,env_energy_mgmt,logit,1476,1161,True,0.1469667785539185,47.0,0,1476,,,0.07192702908975261,0.09453386490640724,0.4468952378105828,-0.1135493005916932,0.2574033587711984,1.9254564766170414,21.0,226.0,False,1.0,
R05,T2,Growth outcomes winsorised at 5/95 within country,web,0.5870058988751541,0.29671893719340875,1.9783230029990606,0.04812835731657099,0.004840560854759368,1.169171236895549,M2 Korea,D4_energy,env_energy_mgmt,logit,1476,1161,True,0.1469667785539185,598.0,0,1476,,,0.05658009314773766,0.030544430342067976,0.06422400259505417,-0.0033483656925544017,0.11650855198802973,1.7985951696447355,157.0,90.0,False,0.8790395428025654,
R05,T2,Growth outcomes winsorised at 5/95 within country,prod_innov,-0.05581358127881057,0.4729230044700268,-0.11801832592465475,0.9060683599572842,-0.9834467418305679,0.8718195792729468,M3 Pooled,D4_energy,env_energy_mgmt,logit,1978,1557,True,0.14569103316926368,190.0,502,1476,,,-0.004870664564729664,0.04066615487833989,0.9046792565485896,-0.0846368705236799,0.07489554139422057,0.945715418517624,72.0,258.0,False,1.0,
R05,T2,Growth outcomes winsorised at 5/95 within country,proc_innov,1.1116074465418317,0.7178007682545481,1.5486295023685892,0.12167403277434416,-0.2963506967686762,2.5195655898523395,M3 Pooled,D4_energy,env_energy_mgmt,logit,1978,1557,True,0.14569103316926368,86.0,502,1476,,,0.13544764002887077,0.11268755231935534,0.22955592543240222,-0.08558772793760813,0.3564830079953497,3.039239885660483,31.0,299.0,False,1.0,
R05,T2,Growth outcomes winsorised at 5/95 within country,web,0.7125696972738937,0.25790926618781196,2.762869701451493,0.005796976285715692,0.20668356894420803,1.2184558256035793,M3 Pooled,D4_energy,env_energy_mgmt,logit,1978,1557,True,0.14569103316926368,915.0,502,1476,,,0.06535196164920111,0.02513236243563364,0.00940206375670606,0.016055115063306848,0.11464880823509538,2.039224721767313,204.0,126.0,False,0.12173650200002953,
R05,T2,Growth outcomes winsorised at 5/95 within country,Korea,0.18285621833112115,0.279903896010953,0.6532821476838813,0.5136708543042875,-0.36617212931367377,0.7318845659759161,M3 Pooled,D4_energy,env_energy_mgmt,logit,1978,1557,True,0.14569103316926368,,502,1476,,,,,,,,1.2006417653929475,,,,,
R05,T2,Growth outcomes winsorised at 5/95 within country,prod_innov,-0.8139535594472055,1.2807000141141966,-0.6355536429115924,0.52516078830586,-3.3260322500213024,1.6981251311268912,M4 Pooled x Korea,D4_energy,env_energy_mgmt,logit,1978,1557,True,0.1499544967873958,190.0,502,1476,1.110956304009258,0.3434372621408879,-0.05788761678792674,0.07155722369019957,0.41865624366922405,-0.198246307197659,0.08247107362180552,0.44310276554172634,72.0,258.0,False,1.0,
R05,T2,Growth outcomes winsorised at 5/95 within country,proc_innov,1.7995521323348251,1.2495714297141025,1.44013546528233,0.15003011250282253,-0.6514681896303669,4.250572454300017,M4 Pooled x Korea,D4_energy,env_energy_mgmt,logit,1978,1557,True,0.1499544967873958,86.0,502,1476,1.110956304009258,0.3434372621408879,0.2543652906386077,0.23517332429807572,0.27959434805128724,-0.20692454308508407,0.7156551243622995,6.046938629572975,31.0,299.0,False,1.0,
R05,T2,Growth outcomes winsorised at 5/95 within country,web,1.3873836308062355,0.42129756760931514,3.2931204390261466,0.0010130389962391718,0.5610131847076134,2.2137540769048574,M4 Pooled x Korea,D4_energy,env_energy_mgmt,logit,1978,1557,True,0.1499544967873958,915.0,502,1476,1.110956304009258,0.3434372621408879,0.13504284528183577,0.0504413851564585,0.007501492931429674,0.036102634945208656,0.2339830556184629,4.004359452624132,204.0,126.0,False,0.020260779924783437,
R05,T2,Growth outcomes winsorised at 5/95 within country,Korea,0.8071563755264588,0.35568287368459695,2.269314704880077,0.023385481254692905,0.1094884144596896,1.5048243365932281,M4 Pooled x Korea,D4_energy,env_energy_mgmt,logit,1978,1557,True,0.1499544967873958,,502,1476,1.110956304009258,0.3434372621408879,,,,,,2.2415248604195797,,,,,
R05,T2,Growth outcomes winsorised at 5/95 within country,prod_innov:Korea,1.027212963309094,1.3584116717365664,0.7561867912956942,0.4496516036586041,-1.637296270695088,3.6917221973132763,M4 Pooled x Korea,D4_energy,env_energy_mgmt,logit,1978,1557,True,0.1499544967873958,,502,1476,1.110956304009258,0.3434372621408879,,,,,,2.7932700300870805,,,,,1.0
R05,T2,Growth outcomes winsorised at 5/95 within country,proc_innov:Korea,-1.1218679006238197,1.4386242672475493,-0.779819947546301,0.43561538424718227,-3.943713239631599,1.6999774383839596,M4 Pooled x Korea,D4_energy,env_energy_mgmt,logit,1978,1557,True,0.1499544967873958,,502,1476,1.110956304009258,0.3434372621408879,,,,,,0.3256709052405892,,,,,1.0
R05,T2,Growth outcomes winsorised at 5/95 within country,web:Korea,-0.8016111830150117,0.490040248677716,-1.635806824394553,0.10208213797620218,-1.7628196257886795,0.15959725975865624,M4 Pooled x Korea,D4_energy,env_energy_mgmt,logit,1978,1557,True,0.1499544967873958,,502,1476,1.110956304009258,0.3434372621408879,,,,,,0.44860559581792514,,,,,1.0
R05,T2,Growth outcomes winsorised at 5/95 within country,prod_innov,2.293792910237608,0.8542261958683209,2.685228949114546,0.007551877790157784,0.6144205753064393,3.9731652451687762,M1 Morocco,D4_co2,env_co2_monitor,logit,504,397,True,0.2759931348818814,74.0,504,0,,,0.1779195535520748,0.097726166305266,0.06942148344689004,-0.014205929002483991,0.37004503610663364,9.912463554546708,8.0,32.0,False,0.1359338002228401,
R05,T2,Growth outcomes winsorised at 5/95 within country,proc_innov,-6.5187915293856955,1.4309201800457063,-4.5556639848195255,6.959151890653232e-06,-9.331919686174176,-3.7056633725972143,M1 Morocco,D4_co2,env_co2_monitor,logit,504,397,True,0.2759931348818814,39.0,504,0,,,-0.07741173548983064,0.021116401814016344,0.0002799256589398819,-0.11892568248802818,-0.0358977884916331,0.0014754510646670792,1.0,39.0,True,0.00014614218970371786,
R05,T2,Growth outcomes winsorised at 5/95 within country,web,-0.0026399899138128957,0.6993669435622709,-0.0037748279899618015,0.9969900262423876,-1.3775656274845138,1.3722856476568879,M1 Morocco,D4_co2,env_co2_monitor,logit,504,397,True,0.2759931348818814,318.0,504,0,,,-0.00011017029574244835,0.029201412082265555,0.9969916649340065,-0.05751890328599257,0.05729856269450767,0.9973634917949936,26.0,14.0,False,1.0,
R05,T2,Growth outcomes winsorised at 5/95 within country,prod_innov,-0.36752646581038007,0.41262719098735395,-0.8906986108475917,0.3732724466625381,-1.1770912816914225,0.4420383500706624,M2 Korea,D4_co2,env_co2_monitor,logit,1495,1180,True,0.18975047492973807,116.0,0,1495,,,-0.018125538155932625,0.018426950948504318,0.3254927957491541,-0.054278781271537416,0.018027704959672167,0.692445000448053,30.0,146.0,False,1.0,
R05,T2,Growth outcomes winsorised at 5/95 within country,proc_innov,-0.5372024234506368,0.5313131853688671,-1.0110843062885426,0.3121833568300218,-1.5796263608045362,0.5052215139032626,M2 Korea,D4_co2,env_co2_monitor,logit,1495,1180,True,0.18975047492973807,48.0,0,1495,,,-0.02460542851246932,0.020343427443253112,0.2267120739499355,-0.06451875330591779,0.015307896280979148,0.58438081776758,11.0,165.0,False,1.0,
R05,T2,Growth outcomes winsorised at 5/95 within country,web,-0.23433348022739606,0.3372879102535084,-0.6947580186057338,0.4873437336966716,-0.896084404372508,0.42741744391771586,M2 Korea,D4_co2,env_co2_monitor,logit,1495,1180,True,0.18975047492973807,606.0,0,1495,,,-0.012640589465292054,0.017842533803724574,0.47880416208317994,-0.04764721992776746,0.022366040997183347,0.791097956375678,109.0,67.0,False,1.0,
R05,T2,Growth outcomes winsorised at 5/95 within country,prod_innov,0.6174334127728198,0.48236142954583233,1.2800223545115632,0.20072553337914295,-0.3287037777103966,1.5635706032560361,M3 Pooled,D4_co2,env_co2_monitor,logit,1999,1577,True,0.17286915863291574,190.0,504,1495,,,0.040260634293546795,0.038192281406025194,0.29197284016793446,-0.0346523575301654,0.11517362611725898,1.854163058366486,38.0,178.0,False,1.0,
R05,T2,Growth outcomes winsorised at 5/95 within country,proc_innov,-1.8607716948623383,0.7176530909758292,-2.5928567970523932,0.009606258152136891,-3.2684262825783965,-0.45311710714628006,M3 Pooled,D4_co2,env_co2_monitor,logit,1999,1577,True,0.17286915863291574,87.0,504,1495,,,-0.0534736297763214,0.012470307283922,1.9115618260306543e-05,-0.0779337560952548,-0.029013503457388002,0.1555525449395491,12.0,204.0,False,0.18251890489060094,
R05,T2,Growth outcomes winsorised at 5/95 within country,web,-0.18971911319251802,0.28353809510262845,-0.6691133095319977,0.5035211404638588,-0.7458704144023801,0.3664321880173441,M3 Pooled,D4_co2,env_co2_monitor,logit,1999,1577,True,0.17286915863291574,924.0,504,1495,,,-0.010056635291575636,0.015032928201214579,0.503610099301617,-0.03954326415911372,0.01942999357596244,0.8271914484799305,135.0,81.0,False,1.0,
R05,T2,Growth outcomes winsorised at 5/95 within country,Korea,-0.04826247638782502,0.366749188862586,-0.13159531869041996,0.8953211745744827,-0.7676297929022465,0.6711048401265965,M3 Pooled,D4_co2,env_co2_monitor,logit,1999,1577,True,0.17286915863291574,,504,1495,,,,,,,,0.9528836447936163,,,,,
R05,T2,Growth outcomes winsorised at 5/95 within country,prod_innov,2.3197798563134864,0.8429105874846385,2.752106677454402,0.005989142981126561,0.6664365203378708,3.973123192289102,M4 Pooled x Korea,D4_co2,env_co2_monitor,logit,1999,1577,True,0.19023324482370796,190.0,504,1495,4.7511401211113204,0.002652773700124727,0.24739230155334285,0.1354327818568445,0.06793690426680399,-0.01825495769375235,0.5130395608004381,10.173434442173829,38.0,178.0,False,0.11379371664140467,
R05,T2,Growth outcomes winsorised at 5/95 within country,proc_innov,-5.743215664851918,1.333021424905086,-4.3084196229335525,1.7458218936573804e-05,-8.357896417832386,-3.1285349118714496,M4 Pooled x Korea,D4_co2,env_co2_monitor,logit,1999,1577,True,0.19023324482370796,87.0,504,1495,4.7511401211113204,0.002652773700124727,-0.07723385674618093,0.009215655714249784,1.1489375287780907e-16,-0.0953100835584087,-0.059157629933953154,0.003204447261311579,12.0,204.0,False,0.00036662259766804986,
R05,T2,Growth outcomes winsorised at 5/95 within country,web,0.4050952184242069,0.9065589216562551,0.4468492987572286,0.6550452318952332,-1.3730923782726077,2.1832828151210215,M4 Pooled x Korea,D4_co2,env_co2_monitor,logit,1999,1577,True,0.19023324482370796,924.0,504,1495,4.7511401211113204,0.002652773700124727,0.022173521826689916,0.05154265027244654,0.6671107250515962,-0.07892581019234736,0.12327285384572718,1.4994452680751968,135.0,81.0,False,1.0,
R05,T2,Growth outcomes winsorised at 5/95 within country,Korea,0.7286259242175191,0.9520060476435562,0.7653585037837138,0.4441726203301283,-1.1387048200515375,2.595956668486576,M4 Pooled x Korea,D4_co2,env_co2_monitor,logit,1999,1577,True,0.19023324482370796,,504,1495,4.7511401211113204,0.002652773700124727,,,,,,2.072231247730988,,,,,
R05,T2,Growth outcomes winsorised at 5/95 within country,prod_innov:Korea,-2.62451723998672,0.9569989014823451,-2.7424454050276017,0.006167325395460703,-4.501641314348468,-0.747393165624971,M4 Pooled x Korea,D4_co2,env_co2_monitor,logit,1999,1577,True,0.19023324482370796,,504,1495,4.7511401211113204,0.002652773700124727,,,,,,0.07247473649498244,,,,,0.11717918251375335
R05,T2,Growth outcomes winsorised at 5/95 within country,proc_innov:Korea,5.017254535969271,1.4096168934307831,3.5593036372869173,0.00038286218247763514,2.2523341142348507,7.782174957703692,M4 Pooled x Korea,D4_co2,env_co2_monitor,logit,1999,1577,True,0.19023324482370796,,504,1495,4.7511401211113204,0.002652773700124727,,,,,,150.99617962063598,,,,,0.008040105832030338
R05,T2,Growth outcomes winsorised at 5/95 within country,web:Korea,-0.6791346113749055,0.9942342946571137,-0.6830730090728986,0.4946610451769498,-2.629294770562267,1.2710255478124564,M4 Pooled x Korea,D4_co2,env_co2_monitor,logit,1999,1577,True,0.19023324482370796,,504,1495,4.7511401211113204,0.002652773700124727,,,,,,0.5070556027048888,,,,,1.0
R06,T2,Growth outcomes trimmed (observations outside country p1-p99 dropped),prod_innov,0.8954689980759962,1.0071141312758705,0.8891435143915261,0.3744855186836304,-1.0847122674723455,2.8756502636243377,M1 Morocco,D1_sales,g_sales_trim,ols,489,382,True,0.03808949639636938,72.0,489,0,,,,,,,,,,,,1.0,
R06,T2,Growth outcomes trimmed (observations outside country p1-p99 dropped),proc_innov,0.920147526673844,1.506360845279428,0.6108413728074285,0.541667875907584,-2.0416493862530136,3.881944439600702,M1 Morocco,D1_sales,g_sales_trim,ols,489,382,True,0.03808949639636938,37.0,489,0,,,,,,,,,,,,1.0,
R06,T2,Growth outcomes trimmed (observations outside country p1-p99 dropped),web,0.4187857138907616,1.2302285895627032,0.34041292605598045,0.7337327061780505,-2.0000817508203763,2.8376531786019,M1 Morocco,D1_sales,g_sales_trim,ols,489,382,True,0.03808949639636938,311.0,489,0,,,,,,,,,,,,1.0,
R06,T2,Growth outcomes trimmed (observations outside country p1-p99 dropped),prod_innov,8.07544132578259,3.142163486938367,2.5700258307218338,0.010300908720204033,1.9100742780080404,14.24080837355714,M2 Korea,D1_sales,g_sales_trim,ols,1402,1091,True,0.06472245805143861,105.0,0,1402,,,,,,,,,,,,0.2163190831242847,
R06,T2,Growth outcomes trimmed (observations outside country p1-p99 dropped),proc_innov,-8.86963603369809,4.3067071704051045,-2.0594936416036336,0.03968383143005113,-17.32000170792401,-0.4192703594721685,M2 Korea,D1_sales,g_sales_trim,ols,1402,1091,True,0.06472245805143861,45.0,0,1402,,,,,,,,,,,,0.7539927971709715,
R06,T2,Growth outcomes trimmed (observations outside country p1-p99 dropped),web,1.3591142824128195,1.122966734082308,1.2102889971388975,0.22643016328810991,-0.8443045170348584,3.562533081860497,M2 Korea,D1_sales,g_sales_trim,ols,1402,1091,True,0.06472245805143861,574.0,0,1402,,,,,,,,,,,,1.0,
R06,T2,Growth outcomes trimmed (observations outside country p1-p99 dropped),prod_innov,5.284700180538138,2.0816013805314966,2.538766658191201,0.011226583182621397,1.2014813092965895,9.367919051779687,M3 Pooled,D1_sales,g_sales_trim,ols,1891,1473,True,0.06483447984747304,177.0,489,1402,,,,,,,,,,,,0.21330508046980654,
R06,T2,Growth outcomes trimmed (observations outside country p1-p99 dropped),proc_innov,-3.938532579310232,2.2860451853360892,-1.7228585876491316,0.08512398329742346,-8.422783468350207,0.5457183097297431,M3 Pooled,D1_sales,g_sales_trim,ols,1891,1473,True,0.06483447984747304,82.0,489,1402,,,,,,,,,,,,1.0,
R06,T2,Growth outcomes trimmed (observations outside country p1-p99 dropped),web,1.2627397864025658,0.8967019931080262,1.4082045050728942,0.1592815410156495,-0.4962091335888914,3.021688706394023,M3 Pooled,D1_sales,g_sales_trim,ols,1891,1473,True,0.06483447984747304,885.0,489,1402,,,,,,,,,,,,1.0,
R06,T2,Growth outcomes trimmed (observations outside country p1-p99 dropped),Korea,-2.135889110851608,0.8896390295234752,-2.4008491533871577,0.016480433542559722,-3.880983492474164,-0.3907947292290519,M3 Pooled,D1_sales,g_sales_trim,ols,1891,1473,True,0.06483447984747304,,489,1402,,,,,,,,,,,,,
R06,T2,Growth outcomes trimmed (observations outside country p1-p99 dropped),prod_innov,1.1624251202991682,1.0352862258292608,1.122805550096129,0.2617030615826106,-0.8683672753914604,3.193217515989797,M4 Pooled x Korea,D1_sales,g_sales_trim,ols,1891,1473,True,0.0767042604255409,177.0,489,1402,2.4740362903447326,0.06002398581534898,,,,,,,,,,1.0,
R06,T2,Growth outcomes trimmed (observations outside country p1-p99 dropped),proc_innov,0.8813748704986212,1.5133752098396156,0.5823901863649712,0.5603930212528174,-2.08722530140771,3.8499750424049526,M4 Pooled x Korea,D1_sales,g_sales_trim,ols,1891,1473,True,0.0767042604255409,82.0,489,1402,2.4740362903447326,0.06002398581534898,,,,,,,,,,1.0,
R06,T2,Growth outcomes trimmed (observations outside country p1-p99 dropped),web,0.411805445350403,1.1734925798502294,0.3509229222420485,0.7256963558131285,-1.8900891883296236,2.7137000790304295,M4 Pooled x Korea,D1_sales,g_sales_trim,ols,1891,1473,True,0.0767042604255409,885.0,489,1402,2.4740362903447326,0.06002398581534898,,,,,,,,,,1.0,
R06,T2,Growth outcomes trimmed (observations outside country p1-p99 dropped),Korea,-2.9702897056735824,1.1216665216877109,-2.6481040917619154,0.008180884947922814,-5.1705235984017435,-0.7700558129454214,M4 Pooled x Korea,D1_sales,g_sales_trim,ols,1891,1473,True,0.0767042604255409,,489,1402,2.4740362903447326,0.06002398581534898,,,,,,,,,,,
R06,T2,Growth outcomes trimmed (observations outside country p1-p99 dropped),prod_innov:Korea,6.768640705796827,3.3004473481827374,2.0508252341985442,0.0404605655534336,0.294563093397314,13.242718318196339,M4 Pooled x Korea,D1_sales,g_sales_trim,ols,1891,1473,True,0.0767042604255409,,489,1402,2.4740362903447326,0.06002398581534898,,,,,,,,,,,0.606908483301504
R06,T2,Growth outcomes trimmed (observations outside country p1-p99 dropped),proc_innov:Korea,-10.118956031738753,4.495437111351998,-2.2509392926854868,0.024536321859529538,-18.937096632157292,-1.3008154313202116,M4 Pooled x Korea,D1_sales,g_sales_trim,ols,1891,1473,True,0.0767042604255409,,489,1402,2.4740362903447326,0.06002398581534898,,,,,,,,,,,0.41711747161200213
R06,T2,Growth outcomes trimmed (observations outside country p1-p99 dropped),web:Korea,1.0785852077911482,1.5563333407135458,0.6930296868771312,0.488400172754787,-1.9742805935955543,4.131451009177851,M4 Pooled x Korea,D1_sales,g_sales_trim,ols,1891,1473,True,0.0767042604255409,,489,1402,2.4740362903447326,0.06002398581534898,,,,,,,,,,,1.0
R06,T2,Growth outcomes trimmed (observations outside country p1-p99 dropped),prod_innov,2.0773456695765997,1.8586502594527505,1.117663562045417,0.2644168210717053,-1.5771815326276175,5.731872871780817,M1 Morocco,D1_lp,g_lp_trim,ols,487,380,True,0.02246363113444705,70.0,487,0,,,,,,,,,,,,1.0,
R06,T2,Growth outcomes trimmed (observations outside country p1-p99 dropped),proc_innov,-2.6057707577760927,3.2721535438928764,-0.7963473360348521,0.42632739869333797,-9.039565429543087,3.828023913990901,M1 Morocco,D1_lp,g_lp_trim,ols,487,380,True,0.02246363113444705,37.0,487,0,,,,,,,,,,,,1.0,
R06,T2,Growth outcomes trimmed (observations outside country p1-p99 dropped),web,-0.7700731021440846,1.7309838989811446,-0.4448759474870615,0.6566626941181581,-4.173579336429752,2.6334331321415827,M1 Morocco,D1_lp,g_lp_trim,ols,487,380,True,0.02246363113444705,308.0,487,0,,,,,,,,,,,,1.0,
R06,T2,Growth outcomes trimmed (observations outside country p1-p99 dropped),prod_innov,5.401488339042621,3.2618365969466128,1.6559653368592788,0.09801640428430117,-0.9986941955825044,11.801670873667746,M2 Korea,D1_lp,g_lp_trim,ols,1401,1091,True,0.07392740437203704,107.0,0,1401,,,,,,,,,,,,1.0,
R06,T2,Growth outcomes trimmed (observations outside country p1-p99 dropped),proc_innov,-6.157267330859669,3.7334438611127325,-1.6492192088364572,0.09939061165771386,-13.482809700537175,1.1682750388178382,M2 Korea,D1_lp,g_lp_trim,ols,1401,1091,True,0.07392740437203704,46.0,0,1401,,,,,,,,,,,,1.0,
R06,T2,Growth outcomes trimmed (observations outside country p1-p99 dropped),web,0.9422278398589627,1.2744014140930604,0.7393493364329856,0.4598539408730809,-1.5583271174970035,3.442782797214929,M2 Korea,D1_lp,g_lp_trim,ols,1401,1091,True,0.07392740437203704,576.0,0,1401,,,,,,,,,,,,1.0,
R06,T2,Growth outcomes trimmed (observations outside country p1-p99 dropped),prod_innov,4.1611210504825,2.1588034151818345,1.927512723585353,0.05410811691551002,-0.07354019754035779,8.395782298505356,M3 Pooled,D1_lp,g_lp_trim,ols,1888,1471,True,0.04928481718163402,177.0,487,1401,,,,,,,,,,,,0.9739461044791804,
R06,T2,Growth outcomes trimmed (observations outside country p1-p99 dropped),proc_innov,-4.363405289746462,2.4546042464436493,-1.7776410580517723,0.07566938112403993,-9.17830293561282,0.45149235611989624,M3 Pooled,D1_lp,g_lp_trim,ols,1888,1471,True,0.04928481718163402,83.0,487,1401,,,,,,,,,,,,1.0,
R06,T2,Growth outcomes trimmed (observations outside country p1-p99 dropped),web,0.7995788298193851,1.0631809239096819,0.7520628068448207,0.45213360580734124,-1.2859334620621108,2.885091121700881,M3 Pooled,D1_lp,g_lp_trim,ols,1888,1471,True,0.04928481718163402,884.0,487,1401,,,,,,,,,,,,1.0,
R06,T2,Growth outcomes trimmed (observations outside country p1-p99 dropped),Korea,-0.054451085352199224,1.0645770781921937,-0.05114809107543915,0.9592144592470181,-2.1427020427346095,2.033799872030211,M3 Pooled,D1_lp,g_lp_trim,ols,1888,1471,True,0.04928481718163402,,487,1401,,,,,,,,,,,,,
R06,T2,Growth outcomes trimmed (observations outside country p1-p99 dropped),prod_innov,2.3820903287963104,1.8730957148846894,1.2717397780940178,0.20366661598764474,-1.29213298485903,6.05631364245165,M4 Pooled x Korea,D1_lp,g_lp_trim,ols,1888,1471,True,0.05243025262909007,177.0,487,1401,0.7693299538541482,0.511187968575664,,,,,,,,,,1.0,
R06,T2,Growth outcomes trimmed (observations outside country p1-p99 dropped),proc_innov,-2.279438149336341,3.2180901559297777,-0.7083201647213518,0.47885868063812376,-8.591972945290342,4.033096646617661,M4 Pooled x Korea,D1_lp,g_lp_trim,ols,1888,1471,True,0.05243025262909007,83.0,487,1401,0.7693299538541482,0.511187968575664,,,,,,,,,,1.0,
R06,T2,Growth outcomes trimmed (observations outside country p1-p99 dropped),web,-0.917994581814038,1.6234544362414218,-0.5654575584759585,0.5718488178155965,-4.102527059729951,2.2665378961018754,M4 Pooled x Korea,D1_lp,g_lp_trim,ols,1888,1471,True,0.05243025262909007,884.0,487,1401,0.7693299538541482,0.511187968575664,,,,,,,,,,1.0,
R06,T2,Growth outcomes trimmed (observations outside country p1-p99 dropped),Korea,-1.5196261334349315,1.4238400580841262,-1.0672730583796695,0.2860236741173655,-4.31259944214336,1.273347175273497,M4 Pooled x Korea,D1_lp,g_lp_trim,ols,1888,1471,True,0.05243025262909007,,487,1401,0.7693299538541482,0.511187968575664,,,,,,,,,,,
R06,T2,Growth outcomes trimmed (observations outside country p1-p99 dropped),prod_innov:Korea,2.7838621174167715,3.7295789204668837,0.7464279954339393,0.45552818644004867,-4.531997777410085,10.099722012243628,M4 Pooled x Korea,D1_lp,g_lp_trim,ols,1888,1471,True,0.05243025262909007,,487,1401,0.7693299538541482,0.511187968575664,,,,,,,,,,,1.0
R06,T2,Growth outcomes trimmed (observations outside country p1-p99 dropped),proc_innov:Korea,-4.20236162611892,4.868304217245225,-0.8632085092859841,0.3881635514837321,-13.751919991357177,5.347196739119337,M4 Pooled x Korea,D1_lp,g_lp_trim,ols,1888,1471,True,0.05243025262909007,,487,1401,0.7693299538541482,0.511187968575664,,,,,,,,,,,1.0
R06,T2,Growth outcomes trimmed (observations outside country p1-p99 dropped),web:Korea,2.3226528296517044,1.9499033958905168,1.1911630261000463,0.23378175361156023,-1.5022347399606715,6.147540399264081,M4 Pooled x Korea,D1_lp,g_lp_trim,ols,1888,1471,True,0.05243025262909007,,487,1401,0.7693299538541482,0.511187968575664,,,,,,,,,,,1.0
R06,T2,Growth outcomes trimmed (observations outside country p1-p99 dropped),prod_innov,-1.09247587397654,1.508232399040945,-0.7243418684489363,0.4693039565141682,-4.058052361212138,1.8731006132590586,M1 Morocco,D2_emp,g_emp_trim,ols,485,378,True,0.05996243993695238,71.0,485,0,,,,,,,,,,,,1.0,
R06,T2,Growth outcomes trimmed (observations outside country p1-p99 dropped),proc_innov,3.6582786685759436,2.7910296711247202,1.310727258267284,0.19074570122444626,-1.829610315328369,9.146167652480257,M1 Morocco,D2_emp,g_emp_trim,ols,485,378,True,0.05996243993695238,37.0,485,0,,,,,,,,,,,,1.0,
R06,T2,Growth outcomes trimmed (observations outside country p1-p99 dropped),web,0.8082845732253413,0.9654313857206445,0.8372263271946548,0.40299436953731216,-1.0900041913927563,2.7065733378434387,M1 Morocco,D2_emp,g_emp_trim,ols,485,378,True,0.05996243993695238,310.0,485,0,,,,,,,,,,,,1.0,
R06,T2,Growth outcomes trimmed (observations outside country p1-p99 dropped),prod_innov,1.8920888471103374,2.1601876427283013,0.8758909687681774,0.38127795973811074,-2.346402050615957,6.130579744836632,M2 Korea,D2_emp,g_emp_trim,ols,1430,1115,True,0.07342521137720293,112.0,0,1430,,,,,,,,,,,,1.0,
R06,T2,Growth outcomes trimmed (observations outside country p1-p99 dropped),proc_innov,-3.433899903673839,1.8000460967370968,-1.9076733145325513,0.056690146297756816,-6.965759287366986,0.09795948001930777,M2 Korea,D2_emp,g_emp_trim,ols,1430,1115,True,0.07342521137720293,48.0,0,1430,,,,,,,,,,,,0.9637324870618659,
R06,T2,Growth outcomes trimmed (observations outside country p1-p99 dropped),web,0.8973775991701629,0.7135714278904156,1.2575862262634971,0.20880476189292155,-0.5027165140297454,2.297471712370071,M2 Korea,D2_emp,g_emp_trim,ols,1430,1115,True,0.07342521137720293,588.0,0,1430,,,,,,,,,,,,1.0,
R06,T2,Growth outcomes trimmed (observations outside country p1-p99 dropped),prod_innov,0.7463819709827404,1.4808138363797596,0.5040349790406256,0.614311164519225,-2.158314600605002,3.651078542570483,M3 Pooled,D2_emp,g_emp_trim,ols,1915,1493,True,0.07693117586175502,183.0,485,1430,,,,,,,,,,,,1.0,
R06,T2,Growth outcomes trimmed (observations outside country p1-p99 dropped),proc_innov,0.29408124434627764,2.018442158457358,0.1456971373264598,0.8841801487570699,-3.665202410075003,4.2533648987675585,M3 Pooled,D2_emp,g_emp_trim,ols,1915,1493,True,0.07693117586175502,85.0,485,1430,,,,,,,,,,,,1.0,
R06,T2,Growth outcomes trimmed (observations outside country p1-p99 dropped),web,0.7023439961603162,0.5606700711185828,1.2526867980648266,0.2105158831525871,-0.39744072583518353,1.8021287181558159,M3 Pooled,D2_emp,g_emp_trim,ols,1915,1493,True,0.07693117586175502,898.0,485,1430,,,,,,,,,,,,1.0,
R06,T2,Growth outcomes trimmed (observations outside country p1-p99 dropped),Korea,-2.15056768471645,0.5559726255928751,-3.868117935524504,0.0001143965546525768,-3.2411381128023913,-1.0599972566305085,M3 Pooled,D2_emp,g_emp_trim,ols,1915,1493,True,0.07693117586175502,,485,1430,,,,,,,,,,,,,
R06,T2,Growth outcomes trimmed (observations outside country p1-p99 dropped),prod_innov,-1.1856544319042037,1.5036502217898509,-0.7885174455618242,0.43051928089657804,-4.135145810765166,1.7638369469567585,M4 Pooled x Korea,D2_emp,g_emp_trim,ols,1915,1493,True,0.08517286136276059,183.0,485,1430,1.4809958424665393,0.21789911773864692,,,,,,,,,,1.0,
R06,T2,Growth outcomes trimmed (observations outside country p1-p99 dropped),proc_innov,3.3790121247830043,2.7260821633304286,1.2395122092192912,0.21535066888688584,-1.968345739626956,8.726369989192964,M4 Pooled x Korea,D2_emp,g_emp_trim,ols,1915,1493,True,0.08517286136276059,85.0,485,1430,1.4809958424665393,0.21789911773864692,,,,,,,,,,1.0,
R06,T2,Growth outcomes trimmed (observations outside country p1-p99 dropped),web,0.6967620850743435,0.9586421815603835,0.7268218512356953,0.4674490361366933,-1.1836664939599013,2.5771906641085884,M4 Pooled x Korea,D2_emp,g_emp_trim,ols,1915,1493,True,0.08517286136276059,898.0,485,1430,1.4809958424665393,0.21789911773864692,,,,,,,,,,1.0,
R06,T2,Growth outcomes trimmed (observations outside country p1-p99 dropped),Korea,-2.1482555172943836,0.8870245056312149,-2.4218671566076573,0.015559450801472308,-3.888202144697817,-0.4083088898909504,M4 Pooled x Korea,D2_emp,g_emp_trim,ols,1915,1493,True,0.08517286136276059,,485,1430,1.4809958424665393,0.21789911773864692,,,,,,,,,,,
R06,T2,Growth outcomes trimmed (observations outside country p1-p99 dropped),prod_innov:Korea,3.152629986310911,2.6557501818693896,1.1870958374901688,0.23537866130798282,-2.056767885827299,8.362027858449121,M4 Pooled x Korea,D2_emp,g_emp_trim,ols,1915,1493,True,0.08517286136276059,,485,1430,1.4809958424665393,0.21789911773864692,,,,,,,,,,,1.0
R06,T2,Growth outcomes trimmed (observations outside country p1-p99 dropped),proc_innov:Korea,-6.608425898992435,3.1560893667009116,-2.093865265260306,0.03644027997337439,-12.79926619090448,-0.4175856070803894,M4 Pooled x Korea,D2_emp,g_emp_trim,ols,1915,1493,True,0.08517286136276059,,485,1430,1.4809958424665393,0.21789911773864692,,,,,,,,,,,0.5830444795739902
R06,T2,Growth outcomes trimmed (observations outside country p1-p99 dropped),web:Korea,-0.014585339035015129,1.1752593255795354,-0.012410315508726477,0.9900999130921877,-2.3199201825311193,2.2907495044610893,M4 Pooled x Korea,D2_emp,g_emp_trim,ols,1915,1493,True,0.08517286136276059,,485,1430,1.4809958424665393,0.21789911773864692,,,,,,,,,,,1.0
R06,T2,Growth outcomes trimmed (observations outside country p1-p99 dropped),prod_innov,-0.05407304516274368,0.02755393182013996,-1.962443890610927,0.05059360625286761,-0.10828672028866397,0.00014062996317661114,M1 Morocco,D3_female,female_share,ols,418,314,True,0.09632572702037823,68.0,418,0,,,,,,,,,,,,0.8600913062987493,
R06,T2,Growth outcomes trimmed (observations outside country p1-p99 dropped),proc_innov,0.13639121700889742,0.03965762201029931,3.4392182409090455,0.00066219584897156,0.05836295411098945,0.21441947990680538,M1 Morocco,D3_female,female_share,ols,418,314,True,0.09632572702037823,35.0,418,0,,,,,,,,,,,,0.0132439169794312,
R06,T2,Growth outcomes trimmed (observations outside country p1-p99 dropped),web,0.011553971587490965,0.03500794177969052,0.3300385855358648,0.7415908845177074,-0.05732582367584918,0.08043376685083112,M1 Morocco,D3_female,female_share,ols,418,314,True,0.09632572702037823,264.0,418,0,,,,,,,,,,,,1.0,
R06,T2,Growth outcomes trimmed (observations outside country p1-p99 dropped),prod_innov,0.11160505891542648,0.05204536281409559,2.144380457372855,0.03220793706219905,0.009492388589688483,0.21371772924116447,M2 Korea,D3_female,female_share,ols,1485,1170,True,0.08548295405084916,116.0,0,1485,,,,,,,,,,,,0.644158741243981,
R06,T2,Growth outcomes trimmed (observations outside country p1-p99 dropped),proc_innov,0.008351537757477817,0.05981582171258671,0.13962088153877938,0.8889835708885867,-0.10900672343128372,0.12570979894623935,M2 Korea,D3_female,female_share,ols,1485,1170,True,0.08548295405084916,48.0,0,1485,,,,,,,,,,,,1.0,
R06,T2,Growth outcomes trimmed (observations outside country p1-p99 dropped),web,0.006845843055009104,0.023268890254458434,0.2942058250370323,0.7686528156378802,-0.03880757140741789,0.0524992575174361,M2 Korea,D3_female,female_share,ols,1485,1170,True,0.08548295405084916,601.0,0,1485,,,,,,,,,,,,1.0,
R06,T2,Growth outcomes trimmed (observations outside country p1-p99 dropped),prod_innov,0.04714645763177058,0.037484731454059866,1.2577509776094256,0.2086797066182194,-0.02638223585878187,0.12067515112232303,M3 Pooled,D3_female,female_share,ols,1903,1484,True,0.07219800602532878,184.0,418,1485,,,,,,,,,,,,1.0,
R06,T2,Growth outcomes trimmed (observations outside country p1-p99 dropped),proc_innov,0.04498305074309489,0.04202753727687221,1.0703232608361541,0.2846478761129384,-0.037456646347471034,0.1274227478336608,M3 Pooled,D3_female,female_share,ols,1903,1484,True,0.07219800602532878,83.0,418,1485,,,,,,,,,,,,1.0,
R06,T2,Growth outcomes trimmed (observations outside country p1-p99 dropped),web,0.017699779839846615,0.019533116451217764,0.906142134771492,0.36500772463988634,-0.02061567492650474,0.05601523460619797,M3 Pooled,D3_female,female_share,ols,1903,1484,True,0.07219800602532878,865.0,418,1485,,,,,,,,,,,,1.0,
R06,T2,Growth outcomes trimmed (observations outside country p1-p99 dropped),Korea,0.09709229068433027,0.021589518208756805,4.497195803329655,7.4213665928418285e-06,0.05474307260533966,0.1394415087633209,M3 Pooled,D3_female,female_share,ols,1903,1484,True,0.07219800602532878,,418,1485,,,,,,,,,,,,,
R06,T2,Growth outcomes trimmed (observations outside country p1-p99 dropped),prod_innov,-0.061999321228254155,0.02996046188033904,-2.0693713426674503,0.03868399997014644,-0.12076867965715746,-0.0032299627993508523,M4 Pooled x Korea,D3_female,female_share,ols,1903,1484,True,0.07851504491131567,184.0,418,1485,2.7287919567788905,0.04269066242670152,,,,,,,,,,0.6576279994924895,
R06,T2,Growth outcomes trimmed (observations outside country p1-p99 dropped),proc_innov,0.09934379038089344,0.04346735555383993,2.285480428130562,0.022425150328237692,0.014079797832882296,0.1846077829289046,M4 Pooled x Korea,D3_female,female_share,ols,1903,1484,True,0.07851504491131567,83.0,418,1485,2.7287919567788905,0.04269066242670152,,,,,,,,,,0.40365270590827845,
R06,T2,Growth outcomes trimmed (observations outside country p1-p99 dropped),web,0.029091979609703285,0.03369284489733119,0.8634468148460702,0.3880313750765105,-0.03699868635429871,0.09518264557370529,M4 Pooled x Korea,D3_female,female_share,ols,1903,1484,True,0.07851504491131567,865.0,418,1485,2.7287919567788905,0.04269066242670152,,,,,,,,,,1.0,
R06,T2,Growth outcomes trimmed (observations outside country p1-p99 dropped),Korea,0.09505347885476338,0.031499084811765186,3.017658431119245,0.002590737175021896,0.03326601333174842,0.15684094437777835,M4 Pooled x Korea,D3_female,female_share,ols,1903,1484,True,0.07851504491131567,,418,1485,2.7287919567788905,0.04269066242670152,,,,,,,,,,,
R06,T2,Growth outcomes trimmed (observations outside country p1-p99 dropped),prod_innov:Korea,0.1682234796712045,0.05977173543604519,2.814431912407846,0.0049508585475080925,0.0509774052352262,0.2854695541071828,M4 Pooled x Korea,D3_female,female_share,ols,1903,1484,True,0.07851504491131567,,418,1485,2.7287919567788905,0.04269066242670152,,,,,,,,,,,0.09901717095016185
R06,T2,Growth outcomes trimmed (observations outside country p1-p99 dropped),proc_innov:Korea,-0.08869880259705905,0.07469633241690571,-1.1874586037504595,0.23523680629404634,-0.23522042668505072,0.05782282149093261,M4 Pooled x Korea,D3_female,female_share,ols,1903,1484,True,0.07851504491131567,,418,1485,2.7287919567788905,0.04269066242670152,,,,,,,,,,,1.0
R06,T2,Growth outcomes trimmed (observations outside country p1-p99 dropped),web:Korea,-0.017622560639379278,0.04065788906180336,-0.4334352089109085,0.6647616205573439,-0.09737560532804378,0.062130484049285215,M4 Pooled x Korea,D3_female,female_share,ols,1903,1484,True,0.07851504491131567,,418,1485,2.7287919567788905,0.04269066242670152,,,,,,,,,,,1.0
R06,T2,Growth outcomes trimmed (observations outside country p1-p99 dropped),prod_innov,0.007008560436554666,0.045592655548287765,0.1537212595377738,0.8779305179853188,-0.08270507846935171,0.09672219934246104,M1 Morocco,D3_lowskill,lowskill_prod_share,ols,407,307,True,0.1452253037211707,69.0,407,0,,,,,,,,,,,,1.0,
R06,T2,Growth outcomes trimmed (observations outside country p1-p99 dropped),proc_innov,-0.0260744043036268,0.04352138417856593,-0.5991170730380473,0.5495366616420483,-0.11171235844178454,0.05956354983453094,M1 Morocco,D3_lowskill,lowskill_prod_share,ols,407,307,True,0.1452253037211707,36.0,407,0,,,,,,,,,,,,1.0,
R06,T2,Growth outcomes trimmed (observations outside country p1-p99 dropped),web,-0.059274461233982265,0.04212257132547526,-1.4071900021481767,0.16038265390876533,-0.14215994154296796,0.023611019075003445,M1 Morocco,D3_lowskill,lowskill_prod_share,ols,407,307,True,0.1452253037211707,254.0,407,0,,,,,,,,,,,,1.0,
R06,T2,Growth outcomes trimmed (observations outside country p1-p99 dropped),prod_innov,0.04426763643833839,0.05518729357144456,0.8021345779718341,0.4226405499032152,-0.06401123399505752,0.15254650687173432,M2 Korea,D3_lowskill,lowskill_prod_share,ols,1465,1152,True,0.1000901942043545,113.0,0,1465,,,,,,,,,,,,1.0,
R06,T2,Growth outcomes trimmed (observations outside country p1-p99 dropped),proc_innov,0.0020516650605828524,0.0764789906433689,0.026826518542197076,0.9786027483200552,-0.1480020553312265,0.15210538545239222,M2 Korea,D3_lowskill,lowskill_prod_share,ols,1465,1152,True,0.1000901942043545,45.0,0,1465,,,,,,,,,,,,1.0,
R06,T2,Growth outcomes trimmed (observations outside country p1-p99 dropped),web,0.04405229313985183,0.02391839549559464,1.841774593449026,0.0657650527247777,-0.0028762057815425804,0.09098079206124624,M2 Korea,D3_lowskill,lowskill_prod_share,ols,1465,1152,True,0.1000901942043545,588.0,0,1465,,,,,,,,,,,,1.0,
R06,T2,Growth outcomes trimmed (observations outside country p1-p99 dropped),prod_innov,0.03374380431486031,0.04046819408413261,0.8338351902906163,0.4045103530860825,-0.04563825184358361,0.11312586047330422,M3 Pooled,D3_lowskill,lowskill_prod_share,ols,1872,1459,True,0.11727739804770454,182.0,407,1465,,,,,,,,,,,,1.0,
R06,T2,Growth outcomes trimmed (observations outside country p1-p99 dropped),proc_innov,-0.02682055042237224,0.04357991389627299,-0.6154337635041993,0.5383642830317311,-0.11230652899364069,0.05866542814889621,M3 Pooled,D3_lowskill,lowskill_prod_share,ols,1872,1459,True,0.11727739804770454,81.0,407,1465,,,,,,,,,,,,1.0,
R06,T2,Growth outcomes trimmed (observations outside country p1-p99 dropped),web,0.020018953646235245,0.02087303318369995,0.9590821549533266,0.33767626265421474,-0.020925405989402977,0.06096331328187347,M3 Pooled,D3_lowskill,lowskill_prod_share,ols,1872,1459,True,0.11727739804770454,842.0,407,1465,,,,,,,,,,,,1.0,
R06,T2,Growth outcomes trimmed (observations outside country p1-p99 dropped),Korea,-0.10126769997195637,0.023864654773082108,-4.243417762999875,2.340159501140857e-05,-0.1480803983953208,-0.05445500154859193,M3 Pooled,D3_lowskill,lowskill_prod_share,ols,1872,1459,True,0.11727739804770454,,407,1465,,,,,,,,,,,,,
R06,T2,Growth outcomes trimmed (observations outside country p1-p99 dropped),prod_innov,0.004360588603028931,0.04846917765907684,0.08996621798910018,0.9283264084584979,-0.0907161270736672,0.09943730427972507,M4 Pooled x Korea,D3_lowskill,lowskill_prod_share,ols,1872,1459,True,0.12795337300901233,182.0,407,1465,2.65846389706292,0.04692150857768458,,,,,,,,,,1.0,
R06,T2,Growth outcomes trimmed (observations outside country p1-p99 dropped),proc_innov,-0.03469224009140687,0.043946152419363546,-0.7894261085782968,0.42999126967138357,-0.12089662895167705,0.051512148768863314,M4 Pooled x Korea,D3_lowskill,lowskill_prod_share,ols,1872,1459,True,0.12795337300901233,81.0,407,1465,2.65846389706292,0.04692150857768458,,,,,,,,,,1.0,
R06,T2,Growth outcomes trimmed (observations outside country p1-p99 dropped),web,-0.07101290180941107,0.041178864076912874,-1.7244988029969672,0.08482963585837552,-0.15178900202032047,0.009763198401498335,M4 Pooled x Korea,D3_lowskill,lowskill_prod_share,ols,1872,1459,True,0.12795337300901233,842.0,407,1465,2.65846389706292,0.04692150857768458,,,,,,,,,,1.0,
R06,T2,Growth outcomes trimmed (observations outside country p1-p99 dropped),Korea,-0.17771826257999274,0.036621842377812554,-4.852794153460281,1.3479229662881758e-06,-0.2495553488165902,-0.10588117634339528,M4 Pooled x Korea,D3_lowskill,lowskill_prod_share,ols,1872,1459,True,0.12795337300901233,,407,1465,2.65846389706292,0.04692150857768458,,,,,,,,,,,
R06,T2,Growth outcomes trimmed (observations outside country p1-p99 dropped),prod_innov:Korea,0.04055598104567412,0.0743138590020504,0.5457391338613587,0.5853286945150903,-0.10521743588484542,0.18632939797619366,M4 Pooled x Korea,D3_lowskill,lowskill_prod_share,ols,1872,1459,True,0.12795337300901233,,407,1465,2.65846389706292,0.04692150857768458,,,,,,,,,,,1.0
R06,T2,Growth outcomes trimmed (observations outside country p1-p99 dropped),proc_innov:Korea,0.04273624839365915,0.09015400812075704,0.4740360332778102,0.6355451418870722,-0.13410906673634854,0.2195815635236668,M4 Pooled x Korea,D3_lowskill,lowskill_prod_share,ols,1872,1459,True,0.12795337300901233,,407,1465,2.65846389706292,0.04692150857768458,,,,,,,,,,,1.0
R06,T2,Growth outcomes trimmed (observations outside country p1-p99 dropped),web:Korea,0.11755991939291112,0.046883480180837885,2.5074913154796037,0.012267067850318825,0.02559369404366013,0.2095261447421621,M4 Pooled x Korea,D3_lowskill,lowskill_prod_share,ols,1872,1459,True,0.12795337300901233,,407,1465,2.65846389706292,0.04692150857768458,,,,,,,,,,,0.22080722130573885
R06,T2,Growth outcomes trimmed (observations outside country p1-p99 dropped),prod_innov,-0.622436953135007,1.2438981256887238,-0.500392226887853,0.6170768966679229,-3.067906595965652,1.8230326896956384,M1 Morocco,D4_energy,env_energy_mgmt,logit,502,396,True,0.1967390219964762,74.0,502,0,,,-0.04330547644063563,0.07230517726571263,0.5495644505282031,-0.18545547439556193,0.09884452151429068,0.5366350882704792,23.0,60.0,False,1.0,
R06,T2,Growth outcomes trimmed (observations outside country p1-p99 dropped),proc_innov,1.6464606467843528,1.1583425067799964,1.4213936181632887,0.15598938078646526,-0.6308089927710749,3.9237302863397803,M1 Morocco,D4_energy,env_energy_mgmt,logit,502,396,True,0.1967390219964762,39.0,502,0,,,0.1963396913214909,0.17101130269243173,0.25161646680071936,-0.13986384551052497,0.5325432281535067,5.188583061914578,10.0,73.0,False,1.0,
R06,T2,Growth outcomes trimmed (observations outside country p1-p99 dropped),web,1.4190332503894156,0.4291064174696573,3.3069494946198454,0.0010293277547696348,0.5754217875255696,2.2626447132532617,M1 Morocco,D4_energy,env_energy_mgmt,logit,502,396,True,0.1967390219964762,317.0,502,0,,,0.0899099036186867,0.03270869953604389,0.00625501533769696,0.025605496272163714,0.15421431096520968,4.133122813340319,47.0,36.0,False,0.01955722734062306,
R06,T2,Growth outcomes trimmed (observations outside country p1-p99 dropped),prod_innov,0.19885242084523375,0.45166896448386357,0.4402614225940202,0.6598297291218441,-0.6873263241624545,1.0850311658529221,M2 Korea,D4_energy,env_energy_mgmt,logit,1476,1161,True,0.1469667785539185,116.0,0,1476,,,0.018935871698040792,0.04523353579841446,0.6755679213200185,-0.06981274983256552,0.1076844932286471,1.220001905763572,49.0,198.0,False,1.0,
R06,T2,Growth outcomes trimmed (observations outside country p1-p99 dropped),proc_innov,0.655163070338856,0.7239001202557422,0.9050462239285131,0.36562866811592487,-0.7651357558428726,2.0754618965205847,M2 Korea,D4_energy,env_energy_mgmt,logit,1476,1161,True,0.1469667785539185,47.0,0,1476,,,0.07192702908975261,0.09453386490640724,0.4468952378105828,-0.1135493005916932,0.2574033587711984,1.9254564766170414,21.0,226.0,False,1.0,
R06,T2,Growth outcomes trimmed (observations outside country p1-p99 dropped),web,0.5870058988751541,0.29671893719340875,1.9783230029990606,0.04812835731657099,0.004840560854759368,1.169171236895549,M2 Korea,D4_energy,env_energy_mgmt,logit,1476,1161,True,0.1469667785539185,598.0,0,1476,,,0.05658009314773766,0.030544430342067976,0.06422400259505417,-0.0033483656925544017,0.11650855198802973,1.7985951696447355,157.0,90.0,False,0.8663104316982778,
R06,T2,Growth outcomes trimmed (observations outside country p1-p99 dropped),prod_innov,-0.05581358127881057,0.4729230044700268,-0.11801832592465475,0.9060683599572842,-0.9834467418305679,0.8718195792729468,M3 Pooled,D4_energy,env_energy_mgmt,logit,1978,1557,True,0.14569103316926368,190.0,502,1476,,,-0.004870664564729664,0.04066615487833989,0.9046792565485896,-0.0846368705236799,0.07489554139422057,0.945715418517624,72.0,258.0,False,1.0,
R06,T2,Growth outcomes trimmed (observations outside country p1-p99 dropped),proc_innov,1.1116074465418317,0.7178007682545481,1.5486295023685892,0.12167403277434416,-0.2963506967686762,2.5195655898523395,M3 Pooled,D4_energy,env_energy_mgmt,logit,1978,1557,True,0.14569103316926368,86.0,502,1476,,,0.13544764002887077,0.11268755231935534,0.22955592543240222,-0.08558772793760813,0.3564830079953497,3.039239885660483,31.0,299.0,False,1.0,
R06,T2,Growth outcomes trimmed (observations outside country p1-p99 dropped),web,0.7125696972738937,0.25790926618781196,2.762869701451493,0.005796976285715692,0.20668356894420803,1.2184558256035793,M3 Pooled,D4_energy,env_energy_mgmt,logit,1978,1557,True,0.14569103316926368,915.0,502,1476,,,0.06535196164920111,0.02513236243563364,0.00940206375670606,0.016055115063306848,0.11464880823509538,2.039224721767313,204.0,126.0,False,0.12173650200002953,
R06,T2,Growth outcomes trimmed (observations outside country p1-p99 dropped),Korea,0.18285621833112115,0.279903896010953,0.6532821476838813,0.5136708543042875,-0.36617212931367377,0.7318845659759161,M3 Pooled,D4_energy,env_energy_mgmt,logit,1978,1557,True,0.14569103316926368,,502,1476,,,,,,,,1.2006417653929475,,,,,
R06,T2,Growth outcomes trimmed (observations outside country p1-p99 dropped),prod_innov,-0.8139535594472055,1.2807000141141966,-0.6355536429115924,0.52516078830586,-3.3260322500213024,1.6981251311268912,M4 Pooled x Korea,D4_energy,env_energy_mgmt,logit,1978,1557,True,0.1499544967873958,190.0,502,1476,1.110956304009258,0.3434372621408879,-0.05788761678792674,0.07155722369019957,0.41865624366922405,-0.198246307197659,0.08247107362180552,0.44310276554172634,72.0,258.0,False,1.0,
R06,T2,Growth outcomes trimmed (observations outside country p1-p99 dropped),proc_innov,1.7995521323348251,1.2495714297141025,1.44013546528233,0.15003011250282253,-0.6514681896303669,4.250572454300017,M4 Pooled x Korea,D4_energy,env_energy_mgmt,logit,1978,1557,True,0.1499544967873958,86.0,502,1476,1.110956304009258,0.3434372621408879,0.2543652906386077,0.23517332429807572,0.27959434805128724,-0.20692454308508407,0.7156551243622995,6.046938629572975,31.0,299.0,False,1.0,
R06,T2,Growth outcomes trimmed (observations outside country p1-p99 dropped),web,1.3873836308062355,0.42129756760931514,3.2931204390261466,0.0010130389962391718,0.5610131847076134,2.2137540769048574,M4 Pooled x Korea,D4_energy,env_energy_mgmt,logit,1978,1557,True,0.1499544967873958,915.0,502,1476,1.110956304009258,0.3434372621408879,0.13504284528183577,0.0504413851564585,0.007501492931429674,0.036102634945208656,0.2339830556184629,4.004359452624132,204.0,126.0,False,0.020260779924783437,
R06,T2,Growth outcomes trimmed (observations outside country p1-p99 dropped),Korea,0.8071563755264588,0.35568287368459695,2.269314704880077,0.023385481254692905,0.1094884144596896,1.5048243365932281,M4 Pooled x Korea,D4_energy,env_energy_mgmt,logit,1978,1557,True,0.1499544967873958,,502,1476,1.110956304009258,0.3434372621408879,,,,,,2.2415248604195797,,,,,
R06,T2,Growth outcomes trimmed (observations outside country p1-p99 dropped),prod_innov:Korea,1.027212963309094,1.3584116717365664,0.7561867912956942,0.4496516036586041,-1.637296270695088,3.6917221973132763,M4 Pooled x Korea,D4_energy,env_energy_mgmt,logit,1978,1557,True,0.1499544967873958,,502,1476,1.110956304009258,0.3434372621408879,,,,,,2.7932700300870805,,,,,1.0
R06,T2,Growth outcomes trimmed (observations outside country p1-p99 dropped),proc_innov:Korea,-1.1218679006238197,1.4386242672475493,-0.779819947546301,0.43561538424718227,-3.943713239631599,1.6999774383839596,M4 Pooled x Korea,D4_energy,env_energy_mgmt,logit,1978,1557,True,0.1499544967873958,,502,1476,1.110956304009258,0.3434372621408879,,,,,,0.3256709052405892,,,,,1.0
R06,T2,Growth outcomes trimmed (observations outside country p1-p99 dropped),web:Korea,-0.8016111830150117,0.490040248677716,-1.635806824394553,0.10208213797620218,-1.7628196257886795,0.15959725975865624,M4 Pooled x Korea,D4_energy,env_energy_mgmt,logit,1978,1557,True,0.1499544967873958,,502,1476,1.110956304009258,0.3434372621408879,,,,,,0.44860559581792514,,,,,1.0
R06,T2,Growth outcomes trimmed (observations outside country p1-p99 dropped),prod_innov,2.293792910237608,0.8542261958683209,2.685228949114546,0.007551877790157784,0.6144205753064393,3.9731652451687762,M1 Morocco,D4_co2,env_co2_monitor,logit,504,397,True,0.2759931348818814,74.0,504,0,,,0.1779195535520748,0.097726166305266,0.06942148344689004,-0.014205929002483991,0.37004503610663364,9.912463554546708,8.0,32.0,False,0.1359338002228401,
R06,T2,Growth outcomes trimmed (observations outside country p1-p99 dropped),proc_innov,-6.5187915293856955,1.4309201800457063,-4.5556639848195255,6.959151890653232e-06,-9.331919686174176,-3.7056633725972143,M1 Morocco,D4_co2,env_co2_monitor,logit,504,397,True,0.2759931348818814,39.0,504,0,,,-0.07741173548983064,0.021116401814016344,0.0002799256589398819,-0.11892568248802818,-0.0358977884916331,0.0014754510646670792,1.0,39.0,True,0.00014614218970371786,
R06,T2,Growth outcomes trimmed (observations outside country p1-p99 dropped),web,-0.0026399899138128957,0.6993669435622709,-0.0037748279899618015,0.9969900262423876,-1.3775656274845138,1.3722856476568879,M1 Morocco,D4_co2,env_co2_monitor,logit,504,397,True,0.2759931348818814,318.0,504,0,,,-0.00011017029574244835,0.029201412082265555,0.9969916649340065,-0.05751890328599257,0.05729856269450767,0.9973634917949936,26.0,14.0,False,1.0,
R06,T2,Growth outcomes trimmed (observations outside country p1-p99 dropped),prod_innov,-0.36752646581038007,0.41262719098735395,-0.8906986108475917,0.3732724466625381,-1.1770912816914225,0.4420383500706624,M2 Korea,D4_co2,env_co2_monitor,logit,1495,1180,True,0.18975047492973807,116.0,0,1495,,,-0.018125538155932625,0.018426950948504318,0.3254927957491541,-0.054278781271537416,0.018027704959672167,0.692445000448053,30.0,146.0,False,1.0,
R06,T2,Growth outcomes trimmed (observations outside country p1-p99 dropped),proc_innov,-0.5372024234506368,0.5313131853688671,-1.0110843062885426,0.3121833568300218,-1.5796263608045362,0.5052215139032626,M2 Korea,D4_co2,env_co2_monitor,logit,1495,1180,True,0.18975047492973807,48.0,0,1495,,,-0.02460542851246932,0.020343427443253112,0.2267120739499355,-0.06451875330591779,0.015307896280979148,0.58438081776758,11.0,165.0,False,1.0,
R06,T2,Growth outcomes trimmed (observations outside country p1-p99 dropped),web,-0.23433348022739606,0.3372879102535084,-0.6947580186057338,0.4873437336966716,-0.896084404372508,0.42741744391771586,M2 Korea,D4_co2,env_co2_monitor,logit,1495,1180,True,0.18975047492973807,606.0,0,1495,,,-0.012640589465292054,0.017842533803724574,0.47880416208317994,-0.04764721992776746,0.022366040997183347,0.791097956375678,109.0,67.0,False,1.0,
R06,T2,Growth outcomes trimmed (observations outside country p1-p99 dropped),prod_innov,0.6174334127728198,0.48236142954583233,1.2800223545115632,0.20072553337914295,-0.3287037777103966,1.5635706032560361,M3 Pooled,D4_co2,env_co2_monitor,logit,1999,1577,True,0.17286915863291574,190.0,504,1495,,,0.040260634293546795,0.038192281406025194,0.29197284016793446,-0.0346523575301654,0.11517362611725898,1.854163058366486,38.0,178.0,False,1.0,
R06,T2,Growth outcomes trimmed (observations outside country p1-p99 dropped),proc_innov,-1.8607716948623383,0.7176530909758292,-2.5928567970523932,0.009606258152136891,-3.2684262825783965,-0.45311710714628006,M3 Pooled,D4_co2,env_co2_monitor,logit,1999,1577,True,0.17286915863291574,87.0,504,1495,,,-0.0534736297763214,0.012470307283922,1.9115618260306543e-05,-0.0779337560952548,-0.029013503457388002,0.1555525449395491,12.0,204.0,False,0.19212516304273783,
R06,T2,Growth outcomes trimmed (observations outside country p1-p99 dropped),web,-0.18971911319251802,0.28353809510262845,-0.6691133095319977,0.5035211404638588,-0.7458704144023801,0.3664321880173441,M3 Pooled,D4_co2,env_co2_monitor,logit,1999,1577,True,0.17286915863291574,924.0,504,1495,,,-0.010056635291575636,0.015032928201214579,0.503610099301617,-0.03954326415911372,0.01942999357596244,0.8271914484799305,135.0,81.0,False,1.0,
R06,T2,Growth outcomes trimmed (observations outside country p1-p99 dropped),Korea,-0.04826247638782502,0.366749188862586,-0.13159531869041996,0.8953211745744827,-0.7676297929022465,0.6711048401265965,M3 Pooled,D4_co2,env_co2_monitor,logit,1999,1577,True,0.17286915863291574,,504,1495,,,,,,,,0.9528836447936163,,,,,
R06,T2,Growth outcomes trimmed (observations outside country p1-p99 dropped),prod_innov,2.3197798563134864,0.8429105874846385,2.752106677454402,0.005989142981126561,0.6664365203378708,3.973123192289102,M4 Pooled x Korea,D4_co2,env_co2_monitor,logit,1999,1577,True,0.19023324482370796,190.0,504,1495,4.7511401211113204,0.002652773700124727,0.24739230155334285,0.1354327818568445,0.06793690426680399,-0.01825495769375235,0.5130395608004381,10.173434442173829,38.0,178.0,False,0.11379371664140467,
R06,T2,Growth outcomes trimmed (observations outside country p1-p99 dropped),proc_innov,-5.743215664851918,1.333021424905086,-4.3084196229335525,1.7458218936573804e-05,-8.357896417832386,-3.1285349118714496,M4 Pooled x Korea,D4_co2,env_co2_monitor,logit,1999,1577,True,0.19023324482370796,87.0,504,1495,4.7511401211113204,0.002652773700124727,-0.07723385674618093,0.009215655714249784,1.1489375287780907e-16,-0.0953100835584087,-0.059157629933953154,0.003204447261311579,12.0,204.0,False,0.00036662259766804986,
R06,T2,Growth outcomes trimmed (observations outside country p1-p99 dropped),web,0.4050952184242069,0.9065589216562551,0.4468492987572286,0.6550452318952332,-1.3730923782726077,2.1832828151210215,M4 Pooled x Korea,D4_co2,env_co2_monitor,logit,1999,1577,True,0.19023324482370796,924.0,504,1495,4.7511401211113204,0.002652773700124727,0.022173521826689916,0.05154265027244654,0.6671107250515962,-0.07892581019234736,0.12327285384572718,1.4994452680751968,135.0,81.0,False,1.0,
R06,T2,Growth outcomes trimmed (observations outside country p1-p99 dropped),Korea,0.7286259242175191,0.9520060476435562,0.7653585037837138,0.4441726203301283,-1.1387048200515375,2.595956668486576,M4 Pooled x Korea,D4_co2,env_co2_monitor,logit,1999,1577,True,0.19023324482370796,,504,1495,4.7511401211113204,0.002652773700124727,,,,,,2.072231247730988,,,,,
R06,T2,Growth outcomes trimmed (observations outside country p1-p99 dropped),prod_innov:Korea,-2.62451723998672,0.9569989014823451,-2.7424454050276017,0.006167325395460703,-4.501641314348468,-0.747393165624971,M4 Pooled x Korea,D4_co2,env_co2_monitor,logit,1999,1577,True,0.19023324482370796,,504,1495,4.7511401211113204,0.002652773700124727,,,,,,0.07247473649498244,,,,,0.11717918251375335
R06,T2,Growth outcomes trimmed (observations outside country p1-p99 dropped),proc_innov:Korea,5.017254535969271,1.4096168934307831,3.5593036372869173,0.00038286218247763514,2.2523341142348507,7.782174957703692,M4 Pooled x Korea,D4_co2,env_co2_monitor,logit,1999,1577,True,0.19023324482370796,,504,1495,4.7511401211113204,0.002652773700124727,,,,,,150.99617962063598,,,,,0.008040105832030338
R06,T2,Growth outcomes trimmed (observations outside country p1-p99 dropped),web:Korea,-0.6791346113749055,0.9942342946571137,-0.6830730090728986,0.4946610451769498,-2.629294770562267,1.2710255478124564,M4 Pooled x Korea,D4_co2,env_co2_monitor,logit,1999,1577,True,0.19023324482370796,,504,1495,4.7511401211113204,0.002652773700124727,,,,,,0.5070556027048888,,,,,1.0
R07a,T2,"Alternative growth: sales (S_t-S_t-3)/S_t [Adewumi-Zhang], employment DHS arc growth",prod_innov,0.026344768668779793,0.02283188601669601,1.15385862777674,0.24927021242857172,-0.018545294087884565,0.07123483142544415,M1 Morocco,D1_sales,g_sales_adew,ols,494,387,True,0.04077935331025395,72.0,494,0,,,,,,,,,,,,1.0,
R07a,T2,"Alternative growth: sales (S_t-S_t-3)/S_t [Adewumi-Zhang], employment DHS arc growth",proc_innov,0.02068662545473453,0.034814385801287207,0.5941976277510452,0.5527271247243621,-0.0477623831953473,0.08913563410481636,M1 Morocco,D1_sales,g_sales_adew,ols,494,387,True,0.04077935331025395,37.0,494,0,,,,,,,,,,,,1.0,
R07a,T2,"Alternative growth: sales (S_t-S_t-3)/S_t [Adewumi-Zhang], employment DHS arc growth",web,0.004862169091675902,0.02755772318526963,0.17643580563560007,0.8600438693441729,-0.04931942249094332,0.05904376067429513,M1 Morocco,D1_sales,g_sales_adew,ols,494,387,True,0.04077935331025395,314.0,494,0,,,,,,,,,,,,1.0,
R07a,T2,"Alternative growth: sales (S_t-S_t-3)/S_t [Adewumi-Zhang], employment DHS arc growth",prod_innov,0.193081557107442,0.07501028923171155,2.5740676257226633,0.010178793505903507,0.045904901300301476,0.34025821291458247,M2 Korea,D1_sales,g_sales_adew,ols,1431,1119,True,0.02858035740937992,111.0,0,1431,,,,,,,,,,,,0.061072761035421044,
R07a,T2,"Alternative growth: sales (S_t-S_t-3)/S_t [Adewumi-Zhang], employment DHS arc growth",proc_innov,-0.33445096952479714,0.16577274058894315,-2.017526936796656,0.04387891305208315,-0.6597113815797178,-0.00919055746987646,M2 Korea,D1_sales,g_sales_adew,ols,1431,1119,True,0.02858035740937992,47.0,0,1431,,,,,,,,,,,,0.21939456526041573,
R07a,T2,"Alternative growth: sales (S_t-S_t-3)/S_t [Adewumi-Zhang], employment DHS arc growth",web,0.04151891394156905,0.039095616646572975,1.0619838616922928,0.28847215078400684,-0.035190057236854616,0.11822788511999271,M2 Korea,D1_sales,g_sales_adew,ols,1431,1119,True,0.02858035740937992,593.0,0,1431,,,,,,,,,,,,0.5769443015680137,
R07a,T2,"Alternative growth: sales (S_t-S_t-3)/S_t [Adewumi-Zhang], employment DHS arc growth",prod_innov,0.12747464628844637,0.050009010813317364,2.54903354846003,0.010900639086778671,0.029379949060842542,0.2255693435160502,M3 Pooled,D1_sales,g_sales_adew,ols,1925,1506,True,0.038413951140371494,183.0,494,1431,,,,,,,,,,,,0.06540383452067203,
R07a,T2,"Alternative growth: sales (S_t-S_t-3)/S_t [Adewumi-Zhang], employment DHS arc growth",proc_innov,-0.15214360251951364,0.07950044970000199,-1.9137451812365012,0.05584210939322915,-0.3080869498472974,0.0037997448082701113,M3 Pooled,D1_sales,g_sales_adew,ols,1925,1506,True,0.038413951140371494,84.0,494,1431,,,,,,,,,,,,0.2792105469661458,
R07a,T2,"Alternative growth: sales (S_t-S_t-3)/S_t [Adewumi-Zhang], employment DHS arc growth",web,0.03732908703160503,0.0289919514006745,1.2875672463612287,0.19809447277513897,-0.01953979816396509,0.09419797222717514,M3 Pooled,D1_sales,g_sales_adew,ols,1925,1506,True,0.038413951140371494,907.0,494,1431,,,,,,,,,,,,0.5942834183254169,
R07a,T2,"Alternative growth: sales (S_t-S_t-3)/S_t [Adewumi-Zhang], employment DHS arc growth",Korea,-0.10344875191686902,0.02401186849684663,-4.308234152225783,1.75217341011115e-05,-0.15054900308680333,-0.056348500746934704,M3 Pooled,D1_sales,g_sales_adew,ols,1925,1506,True,0.038413951140371494,,494,1431,,,,,,,,,,,,,
R07a,T2,"Alternative growth: sales (S_t-S_t-3)/S_t [Adewumi-Zhang], employment DHS arc growth",prod_innov,0.027890457096794524,0.022862539045234397,1.2199194954511483,0.22268639543070223,-0.016955337871405712,0.07273625206499476,M4 Pooled x Korea,D1_sales,g_sales_adew,ols,1925,1506,True,0.043191295683158604,183.0,494,1431,2.627929015860183,0.04886748080775047,,,,,,,,,,1.0,
R07a,T2,"Alternative growth: sales (S_t-S_t-3)/S_t [Adewumi-Zhang], employment DHS arc growth",proc_innov,0.006251716218793312,0.03522617742862045,0.17747359137849394,0.8591602730211411,-0.06284585546175227,0.07534928789933888,M4 Pooled x Korea,D1_sales,g_sales_adew,ols,1925,1506,True,0.043191295683158604,84.0,494,1431,2.627929015860183,0.04886748080775047,,,,,,,,,,1.0,
R07a,T2,"Alternative growth: sales (S_t-S_t-3)/S_t [Adewumi-Zhang], employment DHS arc growth",web,0.009696941144866725,0.028329786906865058,0.3422878250636223,0.7321820589269932,-0.04587308161613972,0.06526696390587317,M4 Pooled x Korea,D1_sales,g_sales_adew,ols,1925,1506,True,0.043191295683158604,907.0,494,1431,2.627929015860183,0.04886748080775047,,,,,,,,,,1.0,
R07a,T2,"Alternative growth: sales (S_t-S_t-3)/S_t [Adewumi-Zhang], employment DHS arc growth",Korea,-0.12594077419267236,0.02978049574278713,-4.228968358365067,2.4890063851125505e-05,-0.18435642100644029,-0.06752512737890443,M4 Pooled x Korea,D1_sales,g_sales_adew,ols,1925,1506,True,0.043191295683158604,,494,1431,2.627929015860183,0.04886748080775047,,,,,,,,,,,
R07a,T2,"Alternative growth: sales (S_t-S_t-3)/S_t [Adewumi-Zhang], employment DHS arc growth",prod_innov:Korea,0.16139191633314298,0.0776441330700592,2.0786105781813187,0.03782211438361777,0.009089809150111539,0.3136940235161744,M4 Pooled x Korea,D1_sales,g_sales_adew,ols,1925,1506,True,0.043191295683158604,,494,1431,2.627929015860183,0.04886748080775047,,,,,,,,,,,0.22693268630170665
R07a,T2,"Alternative growth: sales (S_t-S_t-3)/S_t [Adewumi-Zhang], employment DHS arc growth",proc_innov:Korea,-0.3429929087929502,0.16676757706705503,-2.056712190853725,0.0398858547928968,-0.670114255800627,-0.01587156178527338,M4 Pooled x Korea,D1_sales,g_sales_adew,ols,1925,1506,True,0.043191295683158604,,494,1431,2.627929015860183,0.04886748080775047,,,,,,,,,,,0.22693268630170665
R07a,T2,"Alternative growth: sales (S_t-S_t-3)/S_t [Adewumi-Zhang], employment DHS arc growth",web:Korea,0.036548516134952885,0.04560095365904026,0.8014857848857125,0.4229769068018625,-0.05289959870922904,0.12599663097913483,M4 Pooled x Korea,D1_sales,g_sales_adew,ols,1925,1506,True,0.043191295683158604,,494,1431,2.627929015860183,0.04886748080775047,,,,,,,,,,,0.845953813603725
R07a,T2,"Alternative growth: sales (S_t-S_t-3)/S_t [Adewumi-Zhang], employment DHS arc growth",prod_innov,-1.300752726617729,1.4884850278451935,-0.8738769300896259,0.38272582673798883,-4.22725849301907,1.6257530397836122,M1 Morocco,D2_emp,g_emp_dhs,ols,495,388,True,0.07230328751086634,72.0,495,0,,,,,,,,,,,,1.0,
R07a,T2,"Alternative growth: sales (S_t-S_t-3)/S_t [Adewumi-Zhang], employment DHS arc growth",proc_innov,3.269562415551015,2.67384791292248,1.2227929643079165,0.22215011222233752,-1.9874816186612354,8.526606449763266,M1 Morocco,D2_emp,g_emp_dhs,ols,495,388,True,0.07230328751086634,38.0,495,0,,,,,,,,,,,,1.0,
R07a,T2,"Alternative growth: sales (S_t-S_t-3)/S_t [Adewumi-Zhang], employment DHS arc growth",web,1.7064359561391924,1.1091996802286328,1.5384389182184535,0.12475641958171818,-0.474358072389806,3.887229984668191,M1 Morocco,D2_emp,g_emp_dhs,ols,495,388,True,0.07230328751086634,315.0,495,0,,,,,,,,,,,,0.7485385174903091,
R07a,T2,"Alternative growth: sales (S_t-S_t-3)/S_t [Adewumi-Zhang], employment DHS arc growth",prod_innov,1.5689236892540053,2.003154639770239,0.7832264459792082,0.4336568260025158,-2.3613600580773904,5.499207436585401,M2 Korea,D2_emp,g_emp_dhs,ols,1456,1140,True,0.11178120196648877,112.0,0,1456,,,,,,,,,,,,0.5769443015680137,
R07a,T2,"Alternative growth: sales (S_t-S_t-3)/S_t [Adewumi-Zhang], employment DHS arc growth",proc_innov,-3.338607400094021,1.841699502059596,-1.8127861773109097,0.07012774133580729,-6.952108563061348,0.27489376287330547,M2 Korea,D2_emp,g_emp_dhs,ols,1456,1140,True,0.11178120196648877,48.0,0,1456,,,,,,,,,,,,0.28051096534322917,
R07a,T2,"Alternative growth: sales (S_t-S_t-3)/S_t [Adewumi-Zhang], employment DHS arc growth",web,1.1360228646323907,0.8191771194907954,1.3867853942729116,0.1657783148980827,-0.4712412252182603,2.7432869544830414,M2 Korea,D2_emp,g_emp_dhs,ols,1456,1140,True,0.11178120196648877,597.0,0,1456,,,,,,,,,,,,0.4973349446942481,
R07a,T2,"Alternative growth: sales (S_t-S_t-3)/S_t [Adewumi-Zhang], employment DHS arc growth",prod_innov,0.44615350378476043,1.3876870959868137,0.3215087212924548,0.7478688770874774,-2.2758193354593854,3.168126343028906,M3 Pooled,D2_emp,g_emp_dhs,ols,1951,1528,True,0.09601617261544604,184.0,495,1456,,,,,,,,,,,,1.0,
R07a,T2,"Alternative growth: sales (S_t-S_t-3)/S_t [Adewumi-Zhang], employment DHS arc growth",proc_innov,0.04671022779469017,1.9299110540218953,0.02420330600073356,0.980693601357801,-3.73884451750544,3.8322649730948206,M3 Pooled,D2_emp,g_emp_dhs,ols,1951,1528,True,0.09601617261544604,86.0,495,1456,,,,,,,,,,,,1.0,
R07a,T2,"Alternative growth: sales (S_t-S_t-3)/S_t [Adewumi-Zhang], employment DHS arc growth",web,1.014513182343999,0.6377816262775625,1.590690513091832,0.11188609838837632,-0.2365067839849102,2.2655331486729082,M3 Pooled,D2_emp,g_emp_dhs,ols,1951,1528,True,0.09601617261544604,912.0,495,1456,,,,,,,,,,,,0.4475443935535053,
R07a,T2,"Alternative growth: sales (S_t-S_t-3)/S_t [Adewumi-Zhang], employment DHS arc growth",Korea,-1.8250444511996882,0.611781760897639,-2.9831625717672345,0.0028980905353727616,-3.0250652206687105,-0.6250236817306656,M3 Pooled,D2_emp,g_emp_dhs,ols,1951,1528,True,0.09601617261544604,,495,1456,,,,,,,,,,,,,
R07a,T2,"Alternative growth: sales (S_t-S_t-3)/S_t [Adewumi-Zhang], employment DHS arc growth",prod_innov,-1.4239996626924654,1.492621678583848,-0.9540258480256772,0.3402214551112452,-4.351803545946884,1.5038042205619526,M4 Pooled x Korea,D2_emp,g_emp_dhs,ols,1951,1528,True,0.1007214152437903,184.0,495,1456,1.30037550709955,0.27275504522132527,,,,,,,,,,1.0,
R07a,T2,"Alternative growth: sales (S_t-S_t-3)/S_t [Adewumi-Zhang], employment DHS arc growth",proc_innov,2.73189356571665,2.5752046532677335,1.060845227291,0.2889278924876624,-2.3194160140594793,7.783203145492779,M4 Pooled x Korea,D2_emp,g_emp_dhs,ols,1951,1528,True,0.1007214152437903,86.0,495,1456,1.30037550709955,0.27275504522132527,,,,,,,,,,1.0,
R07a,T2,"Alternative growth: sales (S_t-S_t-3)/S_t [Adewumi-Zhang], employment DHS arc growth",web,1.5121930987770864,1.063311280829766,1.4221546653742174,0.1551854460796122,-0.5735108286074411,3.597897026161614,M4 Pooled x Korea,D2_emp,g_emp_dhs,ols,1951,1528,True,0.1007214152437903,912.0,495,1456,1.30037550709955,0.27275504522132527,,,,,,,,,,0.9311126764776733,
R07a,T2,"Alternative growth: sales (S_t-S_t-3)/S_t [Adewumi-Zhang], employment DHS arc growth",Korea,-1.4322045963176788,0.9586089113132565,-1.4940447344221064,0.13537039284095614,-3.3125329697659818,0.4481237771306241,M4 Pooled x Korea,D2_emp,g_emp_dhs,ols,1951,1528,True,0.1007214152437903,,495,1456,1.30037550709955,0.27275504522132527,,,,,,,,,,,
R07a,T2,"Alternative growth: sales (S_t-S_t-3)/S_t [Adewumi-Zhang], employment DHS arc growth",prod_innov:Korea,3.0889024025232596,2.521486377080256,1.225032358136331,0.22075183524648662,-1.8570378262109828,8.034842631257503,M4 Pooled x Korea,D2_emp,g_emp_dhs,ols,1951,1528,True,0.1007214152437903,,495,1456,1.30037550709955,0.27275504522132527,,,,,,,,,,,0.6622555057394599
R07a,T2,"Alternative growth: sales (S_t-S_t-3)/S_t [Adewumi-Zhang], employment DHS arc growth",proc_innov:Korea,-5.759142454420292,3.0441292747927737,-1.891884980742922,0.05869523418694732,-11.730255992261135,0.2119710834205506,M4 Pooled x Korea,D2_emp,g_emp_dhs,ols,1951,1528,True,0.1007214152437903,,495,1456,1.30037550709955,0.27275504522132527,,,,,,,,,,,0.23478093674778927
R07a,T2,"Alternative growth: sales (S_t-S_t-3)/S_t [Adewumi-Zhang], employment DHS arc growth",web:Korea,-0.7082761497449109,1.3241752497835089,-0.5348809758079287,0.5928099887956341,-3.3056693767438983,1.8891170772540766,M4 Pooled x Korea,D2_emp,g_emp_dhs,ols,1951,1528,True,0.1007214152437903,,495,1456,1.30037550709955,0.27275504522132527,,,,,,,,,,,0.845953813603725
R07b,T2,"Alternative growth: CAGR (sales, employment, productivity)",prod_innov,0.9274592252051823,1.1156137218533473,0.8313444044632334,0.4062917291809094,-1.2659631644113065,3.120881614821671,M1 Morocco,D1_sales,g_sales_cagr,ols,494,387,True,0.03776042234081034,72.0,494,0,,,,,,,,,,,,1.0,
R07b,T2,"Alternative growth: CAGR (sales, employment, productivity)",proc_innov,1.0846920612430218,1.6464902203957803,0.6587904670228077,0.5104220898075513,-2.1524933936840323,4.321877516170076,M1 Morocco,D1_sales,g_sales_cagr,ols,494,387,True,0.03776042234081034,37.0,494,0,,,,,,,,,,,,1.0,
R07b,T2,"Alternative growth: CAGR (sales, employment, productivity)",web,0.4301241988942672,1.3707606821160128,0.31378504249939093,0.7538533703643788,-2.264945888594736,3.12519428638327,M1 Morocco,D1_sales,g_sales_cagr,ols,494,387,True,0.03776042234081034,314.0,494,0,,,,,,,,,,,,1.0,
R07b,T2,"Alternative growth: CAGR (sales, employment, productivity)",prod_innov,9.9106913478467,4.301383156538394,2.304070804011444,0.021401175399957218,1.471006675135861,18.35037602055754,M2 Korea,D1_sales,g_sales_cagr,ols,1431,1119,True,0.012151243942839063,111.0,0,1431,,,,,,,,,,,,0.17120940319965774,
R07b,T2,"Alternative growth: CAGR (sales, employment, productivity)",proc_innov,-12.882291731223455,5.197938716044813,-2.478346212789861,0.013345915128530162,-23.081095724029787,-2.6834877384171243,M2 Korea,D1_sales,g_sales_cagr,ols,1431,1119,True,0.012151243942839063,47.0,0,1431,,,,,,,,,,,,0.12011323615677146,
R07b,T2,"Alternative growth: CAGR (sales, employment, productivity)",web,-0.7045735449898232,4.84124396286005,-0.14553564133413016,0.8843141879609642,-10.20351167332095,8.794364583341302,M2 Korea,D1_sales,g_sales_cagr,ols,1431,1119,True,0.012151243942839063,593.0,0,1431,,,,,,,,,,,,1.0,
R07b,T2,"Alternative growth: CAGR (sales, employment, productivity)",prod_innov,5.914915028267729,2.8636001289968647,2.0655520190731926,0.039041540318202686,0.29784756249673716,11.531982494038722,M3 Pooled,D1_sales,g_sales_cagr,ols,1925,1506,True,0.009006315818840815,183.0,494,1431,,,,,,,,,,,,0.28788828742042616,
R07b,T2,"Alternative growth: CAGR (sales, employment, productivity)",proc_innov,-6.038173728625074,2.6587851051372886,-2.2710273639483503,0.023285964510788144,-11.253488241749794,-0.8228592155003529,M3 Pooled,D1_sales,g_sales_cagr,ols,1925,1506,True,0.009006315818840815,84.0,494,1431,,,,,,,,,,,,0.2095736805970933,
R07b,T2,"Alternative growth: CAGR (sales, employment, productivity)",web,0.5881931773224205,3.192751758124139,0.1842276574825241,0.853859665932431,-5.6745185208798645,6.850904875524705,M3 Pooled,D1_sales,g_sales_cagr,ols,1925,1506,True,0.009006315818840815,907.0,494,1431,,,,,,,,,,,,1.0,
R07b,T2,"Alternative growth: CAGR (sales, employment, productivity)",Korea,3.9495287134239794,3.044170934015177,1.2974070113121607,0.19468988357440548,-2.0217356892258174,9.920793116073776,M3 Pooled,D1_sales,g_sales_cagr,ols,1925,1506,True,0.009006315818840815,,494,1431,,,,,,,,,,,,,
R07b,T2,"Alternative growth: CAGR (sales, employment, productivity)",prod_innov,0.6605779187942167,1.5955812952921338,0.41400455165982125,0.6789297262549344,-2.4692193221068,3.7903751596952335,M4 Pooled x Korea,D1_sales,g_sales_cagr,ols,1925,1506,True,0.009436013668982612,183.0,494,1431,2.8166247193665614,0.03792879802589978,,,,,,,,,,1.0,
R07b,T2,"Alternative growth: CAGR (sales, employment, productivity)",proc_innov,0.27773786494186575,1.9756269021976114,0.14058214363902458,0.8882188553834092,-3.5975342041104414,4.153009933994173,M4 Pooled x Korea,D1_sales,g_sales_cagr,ols,1925,1506,True,0.009436013668982612,84.0,494,1431,2.8166247193665614,0.03792879802589978,,,,,,,,,,1.0,
R07b,T2,"Alternative growth: CAGR (sales, employment, productivity)",web,0.6864809184373731,1.7000506388141712,0.4038002767471745,0.6864169218845062,-2.6482371648417495,4.021199001716496,M4 Pooled x Korea,D1_sales,g_sales_cagr,ols,1925,1506,True,0.009436013668982612,907.0,494,1431,2.8166247193665614,0.03792879802589978,,,,,,,,,,1.0,
R07b,T2,"Alternative growth: CAGR (sales, employment, productivity)",Korea,3.869577595647322,5.5901949729717355,0.6922079845795187,0.4889134348106918,-7.095815928411452,14.834971119706097,M4 Pooled x Korea,D1_sales,g_sales_cagr,ols,1925,1506,True,0.009436013668982612,,494,1431,2.8166247193665614,0.03792879802589978,,,,,,,,,,,
R07b,T2,"Alternative growth: CAGR (sales, employment, productivity)",prod_innov:Korea,8.62933094906968,4.457320843060426,1.9359905317349162,0.053055795049258316,-0.1138841522748919,17.37254605041425,M4 Pooled x Korea,D1_sales,g_sales_cagr,ols,1925,1506,True,0.009436013668982612,,494,1431,2.8166247193665614,0.03792879802589978,,,,,,,,,,,0.4244463603940665
R07b,T2,"Alternative growth: CAGR (sales, employment, productivity)",proc_innov:Korea,-13.305792557186752,4.922935022106843,-2.70281701818854,0.006952727678188781,-22.96232870159172,-3.649256412781785,M4 Pooled x Korea,D1_sales,g_sales_cagr,ols,1925,1506,True,0.009436013668982612,,494,1431,2.8166247193665614,0.03792879802589978,,,,,,,,,,,0.06257454910369903
R07b,T2,"Alternative growth: CAGR (sales, employment, productivity)",web:Korea,-0.25325428595705796,5.283894514604328,-0.04792947422721634,0.9617788043965951,-10.617827073201221,10.111318501287107,M4 Pooled x Korea,D1_sales,g_sales_cagr,ols,1925,1506,True,0.009436013668982612,,494,1431,2.8166247193665614,0.03792879802589978,,,,,,,,,,,1.0
R07b,T2,"Alternative growth: CAGR (sales, employment, productivity)",prod_innov,2.596853800189179,1.9995848536028304,1.298696474675829,0.19482140597339928,-1.3345555235901938,6.528263123968552,M1 Morocco,D1_lp,g_lp_cagr,ols,494,387,True,0.025677635286581624,72.0,494,0,,,,,,,,,,,,1.0,
R07b,T2,"Alternative growth: CAGR (sales, employment, productivity)",proc_innov,-2.7167419461019495,3.5973628523169694,-0.7552037583176147,0.4505860937541154,-9.7895630035001,4.356079111296199,M1 Morocco,D1_lp,g_lp_cagr,ols,494,387,True,0.025677635286581624,37.0,494,0,,,,,,,,,,,,1.0,
R07b,T2,"Alternative growth: CAGR (sales, employment, productivity)",web,-1.5424247833607159,2.0474350049178778,-0.7533449314170451,0.451700718355757,-5.5679129008883415,2.48306333416691,M1 Morocco,D1_lp,g_lp_cagr,ols,494,387,True,0.025677635286581624,314.0,494,0,,,,,,,,,,,,1.0,
R07b,T2,"Alternative growth: CAGR (sales, employment, productivity)",prod_innov,8.305720252905008,4.420976247989895,1.8787072779867133,0.060544261274768085,-0.36861637806048897,16.980056883870503,M2 Korea,D1_lp,g_lp_cagr,ols,1431,1119,True,0.021908691723744544,111.0,0,1431,,,,,,,,,,,,0.4238098289233766,
R07b,T2,"Alternative growth: CAGR (sales, employment, productivity)",proc_innov,-9.34649237878312,5.411538426381332,-1.72714146003636,0.08441821318888136,-19.964397422534503,1.271412664968265,M2 Korea,D1_lp,g_lp_cagr,ols,1431,1119,True,0.021908691723744544,47.0,0,1431,,,,,,,,,,,,0.4374783515075813,
R07b,T2,"Alternative growth: CAGR (sales, employment, productivity)",web,-2.274355288773079,4.900092928898193,-0.4641453380118809,0.6426339018310854,-11.888760163172162,7.340049585626002,M2 Korea,D1_lp,g_lp_cagr,ols,1431,1119,True,0.021908691723744544,593.0,0,1431,,,,,,,,,,,,1.0,
R07b,T2,"Alternative growth: CAGR (sales, employment, productivity)",prod_innov,5.56142672618786,2.9029420273515516,1.915789800067668,0.05558102217319644,-0.13281146431249358,11.255664916688215,M3 Pooled,D1_lp,g_lp_cagr,ols,1925,1506,True,0.016928427872324847,183.0,494,1431,,,,,,,,,,,,0.3334861330391786,
R07b,T2,"Alternative growth: CAGR (sales, employment, productivity)",proc_innov,-6.167701495848443,2.9384476941391804,-2.098965895547538,0.03598603592755327,-11.931585487710443,-0.40381750398644467,M3 Pooled,D1_lp,g_lp_cagr,ols,1925,1506,True,0.016928427872324847,84.0,494,1431,,,,,,,,,,,,0.28788828742042616,
R07b,T2,"Alternative growth: CAGR (sales, employment, productivity)",web,-0.7074240724391223,3.259041861050048,-0.217065046292837,0.828187055180014,-7.100166488504998,5.685318343626754,M3 Pooled,D1_lp,g_lp_cagr,ols,1925,1506,True,0.016928427872324847,907.0,494,1431,,,,,,,,,,,,1.0,
R07b,T2,"Alternative growth: CAGR (sales, employment, productivity)",Korea,5.4546377581964265,3.128946859429437,1.7432823257315015,0.08148838453368443,-0.6829180507510371,11.592193567143891,M3 Pooled,D1_lp,g_lp_cagr,ols,1925,1506,True,0.016928427872324847,,494,1431,,,,,,,,,,,,,
R07b,T2,"Alternative growth: CAGR (sales, employment, productivity)",prod_innov,2.415403036012704,2.2884455605236567,1.0554776035222773,0.29137623760153003,-2.073475482689014,6.904281554714421,M4 Pooled x Korea,D1_lp,g_lp_cagr,ols,1925,1506,True,0.017058746678094705,183.0,494,1431,0.565224748259649,0.6379830482724709,,,,,,,,,,1.0,
R07b,T2,"Alternative growth: CAGR (sales, employment, productivity)",proc_innov,-2.828956488765688,3.6581817415495568,-0.7733231120352648,0.43945254255827243,-10.004627922868345,4.346714945336968,M4 Pooled x Korea,D1_lp,g_lp_cagr,ols,1925,1506,True,0.017058746678094705,84.0,494,1431,0.565224748259649,0.6379830482724709,,,,,,,,,,1.0,
R07b,T2,"Alternative growth: CAGR (sales, employment, productivity)",web,-1.1861826382330276,2.2405368350962354,-0.5294189408772112,0.5965928899959685,-5.581086254433539,3.2087209779674835,M4 Pooled x Korea,D1_lp,g_lp_cagr,ols,1925,1506,True,0.017058746678094705,907.0,494,1431,0.565224748259649,0.6379830482724709,,,,,,,,,,1.0,
R07b,T2,"Alternative growth: CAGR (sales, employment, productivity)",Korea,4.928413423651736,5.6889010686655315,0.866320817353889,0.38645224809864986,-6.230596099086687,16.08742294639016,M4 Pooled x Korea,D1_lp,g_lp_cagr,ols,1925,1506,True,0.017058746678094705,,494,1431,0.565224748259649,0.6379830482724709,,,,,,,,,,,
R07b,T2,"Alternative growth: CAGR (sales, employment, productivity)",prod_innov:Korea,5.1092779686618055,4.830465398899015,1.05771960809953,0.29035292091007747,-4.365875270066752,14.584431207390363,M4 Pooled x Korea,D1_lp,g_lp_cagr,ols,1925,1506,True,0.017058746678094705,,494,1431,0.565224748259649,0.6379830482724709,,,,,,,,,,,1.0
R07b,T2,"Alternative growth: CAGR (sales, employment, productivity)",proc_innov:Korea,-6.82468062556968,5.8362647658349385,-1.1693576113134645,0.24244462230268998,-18.27275000014432,4.623388749004958,M4 Pooled x Korea,D1_lp,g_lp_cagr,ols,1925,1506,True,0.017058746678094705,,494,1431,0.565224748259649,0.6379830482724709,,,,,,,,,,,1.0
R07b,T2,"Alternative growth: CAGR (sales, employment, productivity)",web:Korea,0.5740811375401473,5.515839406524027,0.10407865335258591,0.9171207892173343,-10.245460935765022,11.393623210845318,M4 Pooled x Korea,D1_lp,g_lp_cagr,ols,1925,1506,True,0.017058746678094705,,494,1431,0.565224748259649,0.6379830482724709,,,,,,,,,,,1.0
R07b,T2,"Alternative growth: CAGR (sales, employment, productivity)",prod_innov,-1.6803439245683622,1.6936129711772665,-0.992165242688428,0.3217352586828673,-5.010151099973727,1.6494632508370024,M1 Morocco,D2_emp,g_emp_cagr,ols,495,388,True,0.07656091496212147,72.0,495,0,,,,,,,,,,,,1.0,
R07b,T2,"Alternative growth: CAGR (sales, employment, productivity)",proc_innov,3.8242839820590318,3.0941821827713687,1.2359595383080295,0.21722133690883105,-2.259177947877464,9.907745911995526,M1 Morocco,D2_emp,g_emp_cagr,ols,495,388,True,0.07656091496212147,38.0,495,0,,,,,,,,,,,,1.0,
R07b,T2,"Alternative growth: CAGR (sales, employment, productivity)",web,1.9769812711479224,1.300699030202561,1.519937529929612,0.12934112431583028,-0.5803190315302402,4.534281573826085,M1 Morocco,D2_emp,g_emp_cagr,ols,495,388,True,0.07656091496212147,315.0,495,0,,,,,,,,,,,,1.0,
R07b,T2,"Alternative growth: CAGR (sales, employment, productivity)",prod_innov,1.5843528940739242,2.4872837492011484,0.6369811625162499,0.5242650032110612,-3.2958149673589032,6.464520755506752,M2 Korea,D2_emp,g_emp_cagr,ols,1456,1140,True,0.1165793152224075,112.0,0,1456,,,,,,,,,,,,1.0,
R07b,T2,"Alternative growth: CAGR (sales, employment, productivity)",proc_innov,-3.8713601507444597,2.1567054982517013,-1.7950342102260672,0.07291305858459689,-8.102917914318404,0.36019761282948437,M2 Korea,D2_emp,g_emp_cagr,ols,1456,1140,True,0.1165793152224075,48.0,0,1456,,,,,,,,,,,,0.4374783515075813,
R07b,T2,"Alternative growth: CAGR (sales, employment, productivity)",web,1.6332104496553121,1.0247256538901306,1.593802637276828,0.11125744266958264,-0.37734954556296296,3.6437704448735873,M2 Korea,D2_emp,g_emp_cagr,ols,1456,1140,True,0.1165793152224075,597.0,0,1456,,,,,,,,,,,,0.44502977067833055,
R07b,T2,"Alternative growth: CAGR (sales, employment, productivity)",prod_innov,0.3224448581744902,1.6889599927960748,0.1909132599646025,0.8486189136347312,-2.9904801090290594,3.6353698253780395,M3 Pooled,D2_emp,g_emp_cagr,ols,1951,1528,True,0.09352038034413235,184.0,495,1456,,,,,,,,,,,,1.0,
R07b,T2,"Alternative growth: CAGR (sales, employment, productivity)",proc_innov,-0.013196722636512656,2.2235693733988127,-0.005934927326481813,0.9952654156349464,-4.37476746727375,4.348374022000724,M3 Pooled,D2_emp,g_emp_cagr,ols,1951,1528,True,0.09352038034413235,86.0,495,1456,,,,,,,,,,,,1.0,
R07b,T2,"Alternative growth: CAGR (sales, employment, productivity)",web,1.3370285145099268,0.7772861775125377,1.7201238786834858,0.08561240401433076,-0.18763210215774873,2.8616891311776023,M3 Pooled,D2_emp,g_emp_cagr,ols,1951,1528,True,0.09352038034413235,912.0,495,1456,,,,,,,,,,,,0.42806202007165384,
R07b,T2,"Alternative growth: CAGR (sales, employment, productivity)",Korea,-1.432644536807073,0.7246603701832297,-1.9769875596271813,0.04822255586641368,-2.8540786994650955,-0.011210374149050573,M3 Pooled,D2_emp,g_emp_cagr,ols,1951,1528,True,0.09352038034413235,,495,1456,,,,,,,,,,,,,
R07b,T2,"Alternative growth: CAGR (sales, employment, productivity)",prod_innov,-1.826642586992681,1.6886245501878312,-1.0817339987088885,0.27954142731399306,-5.138909577573543,1.485624403588181,M4 Pooled x Korea,D2_emp,g_emp_cagr,ols,1951,1528,True,0.09674196061516027,184.0,495,1456,1.2141543550323655,0.30313740956586704,,,,,,,,,,1.0,
R07b,T2,"Alternative growth: CAGR (sales, employment, productivity)",proc_innov,3.0323896417661733,2.95686282710113,1.0255428875404033,0.30526942224639037,-2.767549211896277,8.832328495428623,M4 Pooled x Korea,D2_emp,g_emp_cagr,ols,1951,1528,True,0.09674196061516027,86.0,495,1456,1.2141543550323655,0.30313740956586704,,,,,,,,,,1.0,
R07b,T2,"Alternative growth: CAGR (sales, employment, productivity)",web,1.762061344285996,1.2297867975848986,1.4328185566363194,0.15211425105664855,-0.6501872604376013,4.174309949009594,M4 Pooled x Korea,D2_emp,g_emp_cagr,ols,1951,1528,True,0.09674196061516027,912.0,495,1456,1.2141543550323655,0.30313740956586704,,,,,,,,,,1.0,
R07b,T2,"Alternative growth: CAGR (sales, employment, productivity)",Korea,-1.1052903799262102,1.0996293724850659,-1.0051481049731792,0.3149846842004347,-3.2622328879279383,1.051652128075518,M4 Pooled x Korea,D2_emp,g_emp_cagr,ols,1951,1528,True,0.09674196061516027,,495,1456,1.2141543550323655,0.30313740956586704,,,,,,,,,,,
R07b,T2,"Alternative growth: CAGR (sales, employment, productivity)",prod_innov:Korea,3.536777826532032,3.036116278357488,1.1649019676036247,0.24424050494119978,-2.4186180767492003,9.492173729813263,M4 Pooled x Korea,D2_emp,g_emp_cagr,ols,1951,1528,True,0.09674196061516027,,495,1456,1.2141543550323655,0.30313740956586704,,,,,,,,,,,1.0
R07b,T2,"Alternative growth: CAGR (sales, employment, productivity)",proc_innov:Korea,-6.506623597114407,3.5057472226503776,-1.855987663650016,0.06364772291394517,-13.383208923090951,0.36996172886213685,M4 Pooled x Korea,D2_emp,g_emp_cagr,ols,1951,1528,True,0.09674196061516027,,495,1456,1.2141543550323655,0.30313740956586704,,,,,,,,,,,0.4455340603976162
R07b,T2,"Alternative growth: CAGR (sales, employment, productivity)",web:Korea,-0.6143131384418662,1.5821096589918102,-0.3882873320129614,0.6978575010848325,-3.717649281680346,2.4890230047966138,M4 Pooled x Korea,D2_emp,g_emp_cagr,ols,1951,1528,True,0.09674196061516027,,495,1456,1.2141543550323655,0.30313740956586704,,,,,,,,,,,1.0
R08a,T2,Korea: sales ratio >5 or <0.2 (likely unit/entry errors) excluded from D1,prod_innov,0.9099668085782502,1.0058771740398054,0.9046500229482692,0.36621363929103756,-1.067701152584656,2.8876347697411564,M1 Morocco,D1_sales,g_sales,ols,494,387,True,0.03818328303487395,72.0,494,0,,,,,,,,,,,,1.0,
R08a,T2,Korea: sales ratio >5 or <0.2 (likely unit/entry errors) excluded from D1,proc_innov,0.9499603582015897,1.4986444066861166,0.633879760911525,0.5265337621825013,-1.9965435537778653,3.8964642701810446,M1 Morocco,D1_sales,g_sales,ols,494,387,True,0.03818328303487395,37.0,494,0,,,,,,,,,,,,1.0,
R08a,T2,Korea: sales ratio >5 or <0.2 (likely unit/entry errors) excluded from D1,web,0.3618261923429166,1.2311428805390385,0.2938945577011306,0.7689960324775866,-2.0587395519588982,2.782391936644731,M1 Morocco,D1_sales,g_sales,ols,494,387,True,0.03818328303487395,314.0,494,0,,,,,,,,,,,,1.0,
R08a,T2,Korea: sales ratio >5 or <0.2 (likely unit/entry errors) excluded from D1,prod_innov,7.6899144675201905,3.175772511094407,2.421431144912253,0.01562165717777146,1.4586081210253603,13.92122081401502,M2 Korea,D1_sales,g_sales,ols,1403,1092,True,0.06098610554303341,107.0,0,1403,,,,,,,,,,,,0.09372994306662875,
R08a,T2,Korea: sales ratio >5 or <0.2 (likely unit/entry errors) excluded from D1,proc_innov,-9.287615945467824,4.312249118995431,-2.1537753708513576,0.03147611955470983,-17.748847097570383,-0.8263847933652642,M2 Korea,D1_sales,g_sales,ols,1403,1092,True,0.06098610554303341,46.0,0,1403,,,,,,,,,,,,0.15738059777354915,
R08a,T2,Korea: sales ratio >5 or <0.2 (likely unit/entry errors) excluded from D1,web,1.5352576693959006,1.1188936251096504,1.3721212052177407,0.17030749960970223,-0.6601668841076762,3.7306822228994774,M2 Korea,D1_sales,g_sales,ols,1403,1092,True,0.06098610554303341,576.0,0,1403,,,,,,,,,,,,0.3455716251722916,
R08a,T2,Korea: sales ratio >5 or <0.2 (likely unit/entry errors) excluded from D1,prod_innov,5.078245691510677,2.095803031154146,2.423054846291599,0.01550999786793904,0.9671829212244694,9.189308461796884,M3 Pooled,D1_sales,g_sales,ols,1897,1479,True,0.06480409907936335,179.0,494,1403,,,,,,,,,,,,0.09305998720763424,
R08a,T2,Korea: sales ratio >5 or <0.2 (likely unit/entry errors) excluded from D1,proc_innov,-4.0533590618526265,2.2997805114955483,-1.7624982217180045,0.07819167887856797,-8.564537784326639,0.4578196606213849,M3 Pooled,D1_sales,g_sales,ols,1897,1479,True,0.06480409907936335,83.0,494,1403,,,,,,,,,,,,0.3127667155142719,
R08a,T2,Korea: sales ratio >5 or <0.2 (likely unit/entry errors) excluded from D1,web,1.3483864795547522,0.8962590927369034,1.5044605856518443,0.13267632252776382,-0.4096877926501614,3.106460751759666,M3 Pooled,D1_sales,g_sales,ols,1897,1479,True,0.06480409907936335,890.0,494,1403,,,,,,,,,,,,0.3127667155142719,
R08a,T2,Korea: sales ratio >5 or <0.2 (likely unit/entry errors) excluded from D1,Korea,-2.3877499655761456,0.8803393562737061,-2.712306281162978,0.006759119084560198,-4.114596572340297,-0.6609033588119948,M3 Pooled,D1_sales,g_sales,ols,1897,1479,True,0.06480409907936335,,494,1403,,,,,,,,,,,,,
R08a,T2,Korea: sales ratio >5 or <0.2 (likely unit/entry errors) excluded from D1,prod_innov,1.1683809720053946,1.0127483575308356,1.15367352937901,0.248820436252119,-0.8181950594362266,3.1549570034470156,M4 Pooled x Korea,D1_sales,g_sales,ols,1897,1479,True,0.07722915787777351,179.0,494,1403,2.545627765945569,0.05455869118667544,,,,,,,,,,1.0,
R08a,T2,Korea: sales ratio >5 or <0.2 (likely unit/entry errors) excluded from D1,proc_innov,0.9264191762005344,1.4943049625434124,0.6199666061629774,0.5353752752038923,-2.004763481543374,3.8576018339444427,M4 Pooled x Korea,D1_sales,g_sales,ols,1897,1479,True,0.07722915787777351,83.0,494,1403,2.545627765945569,0.05455869118667544,,,,,,,,,,1.0,
R08a,T2,Korea: sales ratio >5 or <0.2 (likely unit/entry errors) excluded from D1,web,0.31367650058836133,1.171685705647208,0.26771385797106295,0.788956910596202,-1.9846661448605951,2.612019146037318,M4 Pooled x Korea,D1_sales,g_sales,ols,1897,1479,True,0.07722915787777351,890.0,494,1403,2.545627765945569,0.05455869118667544,,,,,,,,,,1.0,
R08a,T2,Korea: sales ratio >5 or <0.2 (likely unit/entry errors) excluded from D1,Korea,-3.3338322398658247,1.0900290903659489,-3.058480061983096,0.0022645673017985873,-5.471999780097234,-1.1956646996344151,M4 Pooled x Korea,D1_sales,g_sales,ols,1897,1479,True,0.07722915787777351,,494,1403,2.545627765945569,0.05455869118667544,,,,,,,,,,,
R08a,T2,Korea: sales ratio >5 or <0.2 (likely unit/entry errors) excluded from D1,prod_innov:Korea,6.390248769641756,3.322653896723239,1.9232363551147298,0.054642166229248855,-0.1273669272126483,12.90786446649616,M4 Pooled x Korea,D1_sales,g_sales,ols,1897,1479,True,0.07722915787777351,,494,1403,2.545627765945569,0.05455869118667544,,,,,,,,,,,0.2732108311462443
R08a,T2,Korea: sales ratio >5 or <0.2 (likely unit/entry errors) excluded from D1,proc_innov:Korea,-10.523601849825432,4.494691532398924,-2.341340172950364,0.019346835447334575,-19.34025052724918,-1.7069531724016862,M4 Pooled x Korea,D1_sales,g_sales,ols,1897,1479,True,0.07722915787777351,,494,1403,2.545627765945569,0.05455869118667544,,,,,,,,,,,0.11608101268400745
R08a,T2,Korea: sales ratio >5 or <0.2 (likely unit/entry errors) excluded from D1,web:Korea,1.3458630414359578,1.545947384492111,0.8705749334917458,0.38412756462308606,-1.6866198029594561,4.378345885831372,M4 Pooled x Korea,D1_sales,g_sales,ols,1897,1479,True,0.07722915787777351,,494,1403,2.545627765945569,0.05455869118667544,,,,,,,,,,,1.0
R08a,T2,Korea: sales ratio >5 or <0.2 (likely unit/entry errors) excluded from D1,prod_innov,2.1637553258683035,1.811041432198869,1.1947574955483975,0.23291348692800024,-1.396956368596046,5.7244670203326535,M1 Morocco,D1_lp,g_lp,ols,494,387,True,0.02321738233936055,72.0,494,0,,,,,,,,,,,,1.0,
R08a,T2,Korea: sales ratio >5 or <0.2 (likely unit/entry errors) excluded from D1,proc_innov,-2.462014823823008,3.244667455703973,-0.7587880291075443,0.44844124682977893,-8.841396956536338,3.917367308890322,M1 Morocco,D1_lp,g_lp,ols,494,387,True,0.02321738233936055,37.0,494,0,,,,,,,,,,,,1.0,
R08a,T2,Korea: sales ratio >5 or <0.2 (likely unit/entry errors) excluded from D1,web,-1.1615556667086795,1.7582012933276066,-0.6606499899168521,0.5092298575373445,-4.618377689147367,2.295266355730009,M1 Morocco,D1_lp,g_lp,ols,494,387,True,0.02321738233936055,314.0,494,0,,,,,,,,,,,,1.0,
R08a,T2,Korea: sales ratio >5 or <0.2 (likely unit/entry errors) excluded from D1,prod_innov,5.913280900606172,3.335864798893636,1.7726380585230417,0.07656744413571061,-0.6321487294372119,12.458710530649556,M2 Korea,D1_lp,g_lp,ols,1403,1092,True,0.10315120385144594,107.0,0,1403,,,,,,,,,,,,0.30626977654284243,
R08a,T2,Korea: sales ratio >5 or <0.2 (likely unit/entry errors) excluded from D1,proc_innov,-5.996897185961958,3.8038292197854737,-1.5765421735469418,0.1151905417240972,-13.460537945943043,1.4667435740191266,M2 Korea,D1_lp,g_lp,ols,1403,1092,True,0.10315120385144594,46.0,0,1403,,,,,,,,,,,,0.3455716251722916,
R08a,T2,Korea: sales ratio >5 or <0.2 (likely unit/entry errors) excluded from D1,web,0.28117685157384814,1.314158949405064,0.21395954553377303,0.8306185472426603,-2.297385363799934,2.8597390669476304,M2 Korea,D1_lp,g_lp,ols,1403,1092,True,0.10315120385144594,576.0,0,1403,,,,,,,,,,,,0.8306185472426603,
R08a,T2,Korea: sales ratio >5 or <0.2 (likely unit/entry errors) excluded from D1,prod_innov,4.492765583669391,2.1832484250131716,2.0578352569485014,0.03978087255175586,0.21017261813917543,8.775358549199607,M3 Pooled,D1_lp,g_lp,ols,1897,1479,True,0.06912208821565025,179.0,494,1403,,,,,,,,,,,,0.1989043627587793,
R08a,T2,Korea: sales ratio >5 or <0.2 (likely unit/entry errors) excluded from D1,proc_innov,-4.182922321851141,2.450352686160499,-1.707069494720548,0.08801902974531634,-8.989458791357908,0.6236141476556272,M3 Pooled,D1_lp,g_lp,ols,1897,1479,True,0.06912208821565025,83.0,494,1403,,,,,,,,,,,,0.3127667155142719,
R08a,T2,Korea: sales ratio >5 or <0.2 (likely unit/entry errors) excluded from D1,web,0.2904287428277246,1.07713061844641,0.2696318699459328,0.787481092295799,-1.8224375515739197,2.403295037229369,M3 Pooled,D1_lp,g_lp,ols,1897,1479,True,0.06912208821565025,890.0,494,1403,,,,,,,,,,,,0.787481092295799,
R08a,T2,Korea: sales ratio >5 or <0.2 (likely unit/entry errors) excluded from D1,Korea,-0.6435207977337525,1.0625451058083621,-0.6056409221744758,0.5448461469496292,-2.7277765991165004,1.4407350036489954,M3 Pooled,D1_lp,g_lp,ols,1897,1479,True,0.06912208821565025,,494,1403,,,,,,,,,,,,,
R08a,T2,Korea: sales ratio >5 or <0.2 (likely unit/entry errors) excluded from D1,prod_innov,2.4923031547248296,1.8187119989400318,1.3703671368404537,0.17078028062418688,-1.0752263685995658,6.059832678049225,M4 Pooled x Korea,D1_lp,g_lp,ols,1897,1479,True,0.07187739106893432,179.0,494,1403,0.6732013196810952,0.568491499215604,,,,,,,,,,1.0,
R08a,T2,Korea: sales ratio >5 or <0.2 (likely unit/entry errors) excluded from D1,proc_innov,-2.009128932417473,3.1765711410984045,-0.6324835311960777,0.5271687311219166,-8.240193188557836,4.2219353237228905,M4 Pooled x Korea,D1_lp,g_lp,ols,1897,1479,True,0.07187739106893432,83.0,494,1403,0.6732013196810952,0.568491499215604,,,,,,,,,,1.0,
R08a,T2,Korea: sales ratio >5 or <0.2 (likely unit/entry errors) excluded from D1,web,-1.2023379405232233,1.6421427213567126,-0.7321762748671873,0.4641769879757398,-4.423514599261211,2.0188387182147647,M4 Pooled x Korea,D1_lp,g_lp,ols,1897,1479,True,0.07187739106893432,890.0,494,1403,0.6732013196810952,0.568491499215604,,,,,,,,,,1.0,
R08a,T2,Korea: sales ratio >5 or <0.2 (likely unit/entry errors) excluded from D1,Korea,-1.9493446540472907,1.4298790431642405,-1.3632933941975278,0.1729975511290015,-4.754151409731683,0.8554621016371013,M4 Pooled x Korea,D1_lp,g_lp,ols,1897,1479,True,0.07187739106893432,,494,1403,0.6732013196810952,0.568491499215604,,,,,,,,,,,
R08a,T2,Korea: sales ratio >5 or <0.2 (likely unit/entry errors) excluded from D1,prod_innov:Korea,3.1729212666829123,3.754399322176601,0.8451208820385736,0.39818004202916085,-4.191592978574322,10.537435511940146,M4 Pooled x Korea,D1_lp,g_lp,ols,1897,1479,True,0.07187739106893432,,494,1403,0.6732013196810952,0.568491499215604,,,,,,,,,,,1.0
R08a,T2,Korea: sales ratio >5 or <0.2 (likely unit/entry errors) excluded from D1,proc_innov:Korea,-4.367312123866597,4.877562597578109,-0.8953882264955717,0.37072528947202676,-13.934988907691725,5.200364659958531,M4 Pooled x Korea,D1_lp,g_lp,ols,1897,1479,True,0.07187739106893432,,494,1403,0.6732013196810952,0.568491499215604,,,,,,,,,,,1.0
R08a,T2,Korea: sales ratio >5 or <0.2 (likely unit/entry errors) excluded from D1,web:Korea,2.0047748366074325,1.988328653716637,1.008271360401136,0.31348913187181066,-1.8954695002309925,5.905019173445858,M4 Pooled x Korea,D1_lp,g_lp,ols,1897,1479,True,0.07187739106893432,,494,1403,0.6732013196810952,0.568491499215604,,,,,,,,,,,1.0
R08b,T2,Morocco: 118 firms reporting sales 3y ago = exactly 90% of current sales excluded from D1,prod_innov,1.248966516215822,1.1898837354769827,1.049654246862325,0.29475710899753355,-1.0930045044621253,3.5909375368937697,M1 Morocco,D1_sales,g_sales,ols,391,288,True,0.04127051490522737,63.0,391,0,,,,,,,,,,,,1.0,
R08b,T2,Morocco: 118 firms reporting sales 3y ago = exactly 90% of current sales excluded from D1,proc_innov,0.9813746608030478,1.6670444113295775,0.5886913714676245,0.5565297416498983,-2.2997607855537794,4.262510107159875,M1 Morocco,D1_sales,g_sales,ols,391,288,True,0.04127051490522737,32.0,391,0,,,,,,,,,,,,1.0,
R08b,T2,Morocco: 118 firms reporting sales 3y ago = exactly 90% of current sales excluded from D1,web,0.5851886197783484,1.4378021933122378,0.407002174916885,0.6843087097832772,-2.2447442297992826,3.415121469355979,M1 Morocco,D1_sales,g_sales,ols,391,288,True,0.04127051490522737,248.0,391,0,,,,,,,,,,,,1.0,
R08b,T2,Morocco: 118 firms reporting sales 3y ago = exactly 90% of current sales excluded from D1,prod_innov,8.344827448730102,3.193591299754251,2.6129916653305774,0.009095691850906458,2.078725926835128,14.610928970625077,M2 Korea,D1_sales,g_sales,ols,1431,1119,True,0.07262912224027473,111.0,0,1431,,,,,,,,,,,,0.05457415110543874,
R08b,T2,Morocco: 118 firms reporting sales 3y ago = exactly 90% of current sales excluded from D1,proc_innov,-10.63191396103763,4.335486279326192,-2.4523002210238825,0.01434651228150462,-19.1385119014601,-2.125316020615161,M2 Korea,D1_sales,g_sales,ols,1431,1119,True,0.07262912224027473,47.0,0,1431,,,,,,,,,,,,0.0717325614075231,
R08b,T2,Morocco: 118 firms reporting sales 3y ago = exactly 90% of current sales excluded from D1,web,2.0802081232181244,1.1870058354294104,1.7524834850248143,0.0799645704153632,-0.24879968452947177,4.40921593096572,M2 Korea,D1_sales,g_sales,ols,1431,1119,True,0.07262912224027473,593.0,0,1431,,,,,,,,,,,,0.1721250901250037,
R08b,T2,Morocco: 118 firms reporting sales 3y ago = exactly 90% of current sales excluded from D1,prod_innov,5.7636310800388095,2.251939875343886,2.559407177404621,0.010588869005701704,1.3461099347939065,10.181152225283713,M3 Pooled,D1_sales,g_sales,ols,1822,1407,True,0.06916026675990927,174.0,391,1431,,,,,,,,,,,,0.06353321403421022,
R08b,T2,Morocco: 118 firms reporting sales 3y ago = exactly 90% of current sales excluded from D1,proc_innov,-5.152527640401639,2.4500025065496045,-2.1030703546740708,0.03563682693223038,-9.95857863540574,-0.346476645397539,M3 Pooled,D1_sales,g_sales,ols,1822,1407,True,0.06916026675990927,79.0,391,1431,,,,,,,,,,,,0.1781841346611519,
R08b,T2,Morocco: 118 firms reporting sales 3y ago = exactly 90% of current sales excluded from D1,web,1.9704422212471864,0.9811743547430043,2.0082488007580444,0.04480767770543393,0.04572011533955833,3.8951643271548146,M3 Pooled,D1_sales,g_sales,ols,1822,1407,True,0.06916026675990927,841.0,391,1431,,,,,,,,,,,,0.1781841346611519,
R08b,T2,Morocco: 118 firms reporting sales 3y ago = exactly 90% of current sales excluded from D1,Korea,-1.84274583976715,1.0457606745914263,-1.7621104756947394,0.07826775283751315,-3.8941637943285463,0.20867211479424652,M3 Pooled,D1_sales,g_sales,ols,1822,1407,True,0.06916026675990927,,391,1431,,,,,,,,,,,,,
R08b,T2,Morocco: 118 firms reporting sales 3y ago = exactly 90% of current sales excluded from D1,prod_innov,1.2494024468887035,1.2184329584421694,1.0254174743320554,0.3053425047504093,-1.1407383454624476,3.6395432392398543,M4 Pooled x Korea,D1_sales,g_sales,ols,1822,1407,True,0.07947305815886974,174.0,391,1431,2.8404737916436584,0.03675407469013425,,,,,,,,,,1.0,
R08b,T2,Morocco: 118 firms reporting sales 3y ago = exactly 90% of current sales excluded from D1,proc_innov,0.49863075424632947,1.6757940383793697,0.29754894863365566,0.7660913694159628,-2.788693068502602,3.7859545769952607,M4 Pooled x Korea,D1_sales,g_sales,ols,1822,1407,True,0.07947305815886974,79.0,391,1431,2.8404737916436584,0.03675407469013425,,,,,,,,,,1.0,
R08b,T2,Morocco: 118 firms reporting sales 3y ago = exactly 90% of current sales excluded from D1,web,0.6796417757369003,1.3965613680124984,0.48665371340188607,0.6265795472372075,-2.059924871390063,3.4192084228638633,M4 Pooled x Korea,D1_sales,g_sales,ols,1822,1407,True,0.07947305815886974,841.0,391,1431,2.8404737916436584,0.03675407469013425,,,,,,,,,,1.0,
R08b,T2,Morocco: 118 firms reporting sales 3y ago = exactly 90% of current sales excluded from D1,Korea,-2.97627102212873,1.2661835957394632,-2.3505840955004316,0.018881401535792843,-5.4600819218700725,-0.4924601223873881,M4 Pooled x Korea,D1_sales,g_sales,ols,1822,1407,True,0.07947305815886974,,391,1431,2.8404737916436584,0.03675407469013425,,,,,,,,,,,
R08b,T2,Morocco: 118 firms reporting sales 3y ago = exactly 90% of current sales excluded from D1,prod_innov:Korea,6.957246714345022,3.405296607274532,2.0430662925169782,0.041231864449636904,0.2772416515238776,13.637251777166167,M4 Pooled x Korea,D1_sales,g_sales,ols,1822,1407,True,0.07947305815886974,,391,1431,2.8404737916436584,0.03675407469013425,,,,,,,,,,,0.2061593222481845
R08b,T2,Morocco: 118 firms reporting sales 3y ago = exactly 90% of current sales excluded from D1,proc_innov:Korea,-11.148601726038999,4.50390268055009,-2.475320298145818,0.013428714511713529,-19.98368899692671,-2.3135144551512887,M4 Pooled x Korea,D1_sales,g_sales,ols,1822,1407,True,0.07947305815886974,,391,1431,2.8404737916436584,0.03675407469013425,,,,,,,,,,,0.08057228707028118
R08b,T2,Morocco: 118 firms reporting sales 3y ago = exactly 90% of current sales excluded from D1,web:Korea,1.6241392735933544,1.8041805679416967,0.9002088274602454,0.36816317718601804,-1.9150341723696875,5.163312719556396,M4 Pooled x Korea,D1_sales,g_sales,ols,1822,1407,True,0.07947305815886974,,391,1431,2.8404737916436584,0.03675407469013425,,,,,,,,,,,1.0
R08b,T2,Morocco: 118 firms reporting sales 3y ago = exactly 90% of current sales excluded from D1,prod_innov,1.4838575036719652,2.167526389208242,0.6845856692033131,0.4941559496457191,-2.782344175305947,5.750059182649877,M1 Morocco,D1_lp,g_lp,ols,391,288,True,0.025164382823421927,63.0,391,0,,,,,,,,,,,,1.0,
R08b,T2,Morocco: 118 firms reporting sales 3y ago = exactly 90% of current sales excluded from D1,proc_innov,-2.8623131706002996,3.8832074391737867,-0.7371002490686672,0.4616614435001548,-10.505378638824741,4.780752297624142,M1 Morocco,D1_lp,g_lp,ols,391,288,True,0.025164382823421927,32.0,391,0,,,,,,,,,,,,1.0,
R08b,T2,Morocco: 118 firms reporting sales 3y ago = exactly 90% of current sales excluded from D1,web,-0.4365564318219034,1.912278054590852,-0.2282912941315474,0.8195817967155661,-4.200369360599272,3.327256496955465,M1 Morocco,D1_lp,g_lp,ols,391,288,True,0.025164382823421927,248.0,391,0,,,,,,,,,,,,1.0,
R08b,T2,Morocco: 118 firms reporting sales 3y ago = exactly 90% of current sales excluded from D1,prod_innov,6.745132990935406,3.329759527039005,2.025711747698948,0.04303127253125093,0.21185766496337344,13.278408316907438,M2 Korea,D1_lp,g_lp,ols,1431,1119,True,0.10816425904464777,111.0,0,1431,,,,,,,,,,,,0.1721250901250037,
R08b,T2,Morocco: 118 firms reporting sales 3y ago = exactly 90% of current sales excluded from D1,proc_innov,-7.464236557101515,3.9233986080968597,-1.9024925333095903,0.05736330677403157,-15.162282951168327,0.2338098369652979,M2 Korea,D1_lp,g_lp,ols,1431,1119,True,0.10816425904464777,47.0,0,1431,,,,,,,,,,,,0.1721250901250037,
R08b,T2,Morocco: 118 firms reporting sales 3y ago = exactly 90% of current sales excluded from D1,web,0.9014471603960516,1.3881773661661125,0.6493746277434855,0.5162295231654609,-1.8222765382071437,3.625170858999247,M2 Korea,D1_lp,g_lp,ols,1431,1119,True,0.10816425904464777,593.0,0,1431,,,,,,,,,,,,0.5162295231654609,
R08b,T2,Morocco: 118 firms reporting sales 3y ago = exactly 90% of current sales excluded from D1,prod_innov,4.806431680237755,2.352137733107811,2.0434312211331083,0.04119570604524502,0.19235726097935757,9.420506099496151,M3 Pooled,D1_lp,g_lp,ols,1822,1407,True,0.07867368943140796,174.0,391,1431,,,,,,,,,,,,0.1781841346611519,
R08b,T2,Morocco: 118 firms reporting sales 3y ago = exactly 90% of current sales excluded from D1,proc_innov,-5.399919386064471,2.6814499067906676,-2.013805804236501,0.044219987919768174,-10.659989511761715,-0.13984926036722722,M3 Pooled,D1_lp,g_lp,ols,1822,1407,True,0.07867368943140796,79.0,391,1431,,,,,,,,,,,,0.1781841346611519,
R08b,T2,Morocco: 118 firms reporting sales 3y ago = exactly 90% of current sales excluded from D1,web,1.0702260917580904,1.1621026750179366,0.920939358255562,0.3572399614098031,-1.2094143178480787,3.3498665013642595,M3 Pooled,D1_lp,g_lp,ols,1822,1407,True,0.07867368943140796,841.0,391,1431,,,,,,,,,,,,0.3572399614098031,
R08b,T2,Morocco: 118 firms reporting sales 3y ago = exactly 90% of current sales excluded from D1,Korea,-0.17249979355975534,1.2542395746938146,-0.13753336845703185,0.8906288973362756,-2.6328806869736217,2.287881099854111,M3 Pooled,D1_lp,g_lp,ols,1822,1407,True,0.07867368943140796,,391,1431,,,,,,,,,,,,,
R08b,T2,Morocco: 118 firms reporting sales 3y ago = exactly 90% of current sales excluded from D1,prod_innov,1.4640828542422148,2.0854773321266533,0.7020372898271807,0.48277202219671606,-2.6268967999954844,5.555062508479915,M4 Pooled x Korea,D1_lp,g_lp,ols,1822,1407,True,0.08173444861392798,174.0,391,1431,0.8752635804271837,0.45324963346961233,,,,,,,,,,1.0,
R08b,T2,Morocco: 118 firms reporting sales 3y ago = exactly 90% of current sales excluded from D1,proc_innov,-2.756768806235043,3.7412476513348234,-0.7368581455043393,0.46133146515926726,-10.095792725266463,4.582255112796377,M4 Pooled x Korea,D1_lp,g_lp,ols,1822,1407,True,0.08173444861392798,79.0,391,1431,0.8752635804271837,0.45324963346961233,,,,,,,,,,1.0,
R08b,T2,Morocco: 118 firms reporting sales 3y ago = exactly 90% of current sales excluded from D1,web,-0.4284677543577729,1.8531299964648074,-0.23121300457882363,0.8171829451612888,-4.063662918269867,3.2067274095543215,M4 Pooled x Korea,D1_lp,g_lp,ols,1822,1407,True,0.08173444861392798,841.0,391,1431,0.8752635804271837,0.45324963346961233,,,,,,,,,,1.0,
R08b,T2,Morocco: 118 firms reporting sales 3y ago = exactly 90% of current sales excluded from D1,Korea,-1.5647612291507338,1.6095929602001784,-0.972147162569679,0.331144435119229,-4.722221610208119,1.5926991519066513,M4 Pooled x Korea,D1_lp,g_lp,ols,1822,1407,True,0.08173444861392798,,391,1431,0.8752635804271837,0.45324963346961233,,,,,,,,,,,
R08b,T2,Morocco: 118 firms reporting sales 3y ago = exactly 90% of current sales excluded from D1,prod_innov:Korea,5.065201705695917,3.8875983307474646,1.302912820399847,0.19281771794513827,-2.560911237338675,12.691314648730508,M4 Pooled x Korea,D1_lp,g_lp,ols,1822,1407,True,0.08173444861392798,,391,1431,0.8752635804271837,0.45324963346961233,,,,,,,,,,,0.7712708717805531
R08b,T2,Morocco: 118 firms reporting sales 3y ago = exactly 90% of current sales excluded from D1,proc_innov:Korea,-4.724824908859407,5.244613121734851,-0.900891028411357,0.3678004362729492,-15.012927898445065,5.563278080726251,M4 Pooled x Korea,D1_lp,g_lp,ols,1822,1407,True,0.08173444861392798,,391,1431,0.8752635804271837,0.45324963346961233,,,,,,,,,,,1.0
R08b,T2,Morocco: 118 firms reporting sales 3y ago = exactly 90% of current sales excluded from D1,web:Korea,1.8844038998101085,2.2450319782813453,0.8393661729721503,0.4014064497401657,-2.5195663590736355,6.288374158693852,M4 Pooled x Korea,D1_lp,g_lp,ols,1822,1407,True,0.08173444861392798,,391,1431,0.8752635804271837,0.45324963346961233,,,,,,,,,,,1.0
R08c,T2,Both data-quality exclusions (R08a + R08b),prod_innov,1.248966516215822,1.1898837354769827,1.049654246862325,0.29475710899753355,-1.0930045044621253,3.5909375368937697,M1 Morocco,D1_sales,g_sales,ols,391,288,True,0.04127051490522737,63.0,391,0,,,,,,,,,,,,1.0,
R08c,T2,Both data-quality exclusions (R08a + R08b),proc_innov,0.9813746608030478,1.6670444113295775,0.5886913714676245,0.5565297416498983,-2.2997607855537794,4.262510107159875,M1 Morocco,D1_sales,g_sales,ols,391,288,True,0.04127051490522737,32.0,391,0,,,,,,,,,,,,1.0,
R08c,T2,Both data-quality exclusions (R08a + R08b),web,0.5851886197783484,1.4378021933122378,0.407002174916885,0.6843087097832772,-2.2447442297992826,3.415121469355979,M1 Morocco,D1_sales,g_sales,ols,391,288,True,0.04127051490522737,248.0,391,0,,,,,,,,,,,,1.0,
R08c,T2,Both data-quality exclusions (R08a + R08b),prod_innov,7.6899144675201905,3.175772511094407,2.421431144912253,0.01562165717777146,1.4586081210253603,13.92122081401502,M2 Korea,D1_sales,g_sales,ols,1403,1092,True,0.06098610554303341,107.0,0,1403,,,,,,,,,,,,0.09372994306662875,
R08c,T2,Both data-quality exclusions (R08a + R08b),proc_innov,-9.287615945467824,4.312249118995431,-2.1537753708513576,0.03147611955470983,-17.748847097570383,-0.8263847933652642,M2 Korea,D1_sales,g_sales,ols,1403,1092,True,0.06098610554303341,46.0,0,1403,,,,,,,,,,,,0.15738059777354915,
R08c,T2,Both data-quality exclusions (R08a + R08b),web,1.5352576693959006,1.1188936251096504,1.3721212052177407,0.17030749960970223,-0.6601668841076762,3.7306822228994774,M2 Korea,D1_sales,g_sales,ols,1403,1092,True,0.06098610554303341,576.0,0,1403,,,,,,,,,,,,0.3455716251722916,
R08c,T2,Both data-quality exclusions (R08a + R08b),prod_innov,5.314257844882079,2.2093441076585503,2.405355429451005,0.016287669753541983,0.9802217432722431,9.648293946491915,M3 Pooled,D1_sales,g_sales,ols,1794,1380,True,0.07128768885746639,170.0,391,1403,,,,,,,,,,,,0.0977260185212519,
R08c,T2,Both data-quality exclusions (R08a + R08b),proc_innov,-4.242398651245809,2.4170991797985795,-1.7551611810978043,0.07945361672588871,-8.98398465865176,0.4991873561601423,M3 Pooled,D1_sales,g_sales,ols,1794,1380,True,0.07128768885746639,78.0,391,1403,,,,,,,,,,,,0.3353871446316071,
R08c,T2,Both data-quality exclusions (R08a + R08b),web,1.4771548911693309,0.9296095747590856,1.589005676444485,0.11228817151850248,-0.34644580708401396,3.3007555894226757,M3 Pooled,D1_sales,g_sales,ols,1794,1380,True,0.07128768885746639,824.0,391,1403,,,,,,,,,,,,0.3353871446316071,
R08c,T2,Both data-quality exclusions (R08a + R08b),Korea,-2.9259413167203485,0.9516211810215566,-3.0746912480230604,0.0021485626654705477,-4.7927218419029955,-1.0591607915377013,M3 Pooled,D1_sales,g_sales,ols,1794,1380,True,0.07128768885746639,,391,1403,,,,,,,,,,,,,
R08c,T2,Both data-quality exclusions (R08a + R08b),prod_innov,1.3627695330451564,1.2202124020593499,1.1168297672972451,0.2642615281464087,-1.0309022285537834,3.7564412946440964,M4 Pooled x Korea,D1_sales,g_sales,ols,1794,1380,True,0.08228245484996499,170.0,391,1403,2.2777043284895946,0.07790583695854034,,,,,,,,,,1.0,
R08c,T2,Both data-quality exclusions (R08a + R08b),proc_innov,1.0120918700908341,1.6845549443944396,0.6008066839604682,0.5480674130423897,-2.292473461693686,4.316657201875355,M4 Pooled x Korea,D1_sales,g_sales,ols,1794,1380,True,0.08228245484996499,78.0,391,1403,2.2777043284895946,0.07790583695854034,,,,,,,,,,1.0,
R08c,T2,Both data-quality exclusions (R08a + R08b),web,0.7586120188388707,1.3664435446419763,0.5551726024931646,0.5788665832309278,-1.9219191092733392,3.4391431469510807,M4 Pooled x Korea,D1_sales,g_sales,ols,1794,1380,True,0.08228245484996499,824.0,391,1403,2.2777043284895946,0.07790583695854034,,,,,,,,,,1.0,
R08c,T2,Both data-quality exclusions (R08a + R08b),Korea,-3.5743289540158636,1.22211074155437,-2.9247177301377536,0.003504000339590406,-5.971724658786901,-1.1769332492448266,M4 Pooled x Korea,D1_sales,g_sales,ols,1794,1380,True,0.08228245484996499,,391,1403,2.2777043284895946,0.07790583695854034,,,,,,,,,,,
R08c,T2,Both data-quality exclusions (R08a + R08b),prod_innov:Korea,6.194406401318524,3.3909459590994397,1.8267487822081427,0.06795346811625476,-0.4575597430229328,12.846372545659982,M4 Pooled x Korea,D1_sales,g_sales,ols,1794,1380,True,0.08228245484996499,,391,1403,2.2777043284895946,0.07790583695854034,,,,,,,,,,,0.3397673405812738
R08c,T2,Both data-quality exclusions (R08a + R08b),proc_innov:Korea,-10.549745031178041,4.5493810946845334,-2.3189407111891094,0.020543701480387918,-19.474195430731328,-1.6252946316247563,M4 Pooled x Korea,D1_sales,g_sales,ols,1794,1380,True,0.08228245484996499,,391,1403,2.2777043284895946,0.07790583695854034,,,,,,,,,,,0.1232622088823275
R08c,T2,Both data-quality exclusions (R08a + R08b),web:Korea,0.8935775095386408,1.7050488461045832,0.524077366803972,0.6003088886042351,-2.4511903916721236,4.238345410749405,M4 Pooled x Korea,D1_sales,g_sales,ols,1794,1380,True,0.08228245484996499,,391,1403,2.2777043284895946,0.07790583695854034,,,,,,,,,,,1.0
R08c,T2,Both data-quality exclusions (R08a + R08b),prod_innov,1.4838575036719652,2.167526389208242,0.6845856692033131,0.4941559496457191,-2.782344175305947,5.750059182649877,M1 Morocco,D1_lp,g_lp,ols,391,288,True,0.025164382823421927,63.0,391,0,,,,,,,,,,,,1.0,
R08c,T2,Both data-quality exclusions (R08a + R08b),proc_innov,-2.8623131706002996,3.8832074391737867,-0.7371002490686672,0.4616614435001548,-10.505378638824741,4.780752297624142,M1 Morocco,D1_lp,g_lp,ols,391,288,True,0.025164382823421927,32.0,391,0,,,,,,,,,,,,1.0,
R08c,T2,Both data-quality exclusions (R08a + R08b),web,-0.4365564318219034,1.912278054590852,-0.2282912941315474,0.8195817967155661,-4.200369360599272,3.327256496955465,M1 Morocco,D1_lp,g_lp,ols,391,288,True,0.025164382823421927,248.0,391,0,,,,,,,,,,,,1.0,
R08c,T2,Both data-quality exclusions (R08a + R08b),prod_innov,5.913280900606172,3.335864798893636,1.7726380585230417,0.07656744413571061,-0.6321487294372119,12.458710530649556,M2 Korea,D1_lp,g_lp,ols,1403,1092,True,0.10315120385144594,107.0,0,1403,,,,,,,,,,,,0.30626977654284243,
R08c,T2,Both data-quality exclusions (R08a + R08b),proc_innov,-5.996897185961958,3.8038292197854737,-1.5765421735469418,0.1151905417240972,-13.460537945943043,1.4667435740191266,M2 Korea,D1_lp,g_lp,ols,1403,1092,True,0.10315120385144594,46.0,0,1403,,,,,,,,,,,,0.3455716251722916,
R08c,T2,Both data-quality exclusions (R08a + R08b),web,0.28117685157384814,1.314158949405064,0.21395954553377303,0.8306185472426603,-2.297385363799934,2.8597390669476304,M2 Korea,D1_lp,g_lp,ols,1403,1092,True,0.10315120385144594,576.0,0,1403,,,,,,,,,,,,0.8306185472426603,
R08c,T2,Both data-quality exclusions (R08a + R08b),prod_innov,4.254239133006586,2.3214225405355777,1.8326000797877522,0.06707742892632143,-0.29965949369251277,8.808137759705685,M3 Pooled,D1_lp,g_lp,ols,1794,1380,True,0.07391002503863875,170.0,391,1403,,,,,,,,,,,,0.3353871446316071,
R08c,T2,Both data-quality exclusions (R08a + R08b),proc_innov,-4.40371002177817,2.6525780133639523,-1.6601623023307288,0.09710899139988474,-9.607231208181158,0.7998111646248178,M3 Pooled,D1_lp,g_lp,ols,1794,1380,True,0.07391002503863875,78.0,391,1403,,,,,,,,,,,,0.3353871446316071,
R08c,T2,Both data-quality exclusions (R08a + R08b),web,0.5111490836459179,1.106820105254536,0.46181767138063395,0.6442848672815553,-1.660082766355297,2.6823809336471327,M3 Pooled,D1_lp,g_lp,ols,1794,1380,True,0.07391002503863875,824.0,391,1403,,,,,,,,,,,,0.6442848672815553,
R08c,T2,Both data-quality exclusions (R08a + R08b),Korea,-1.3148640466879533,1.1588085390945675,-1.1346689313450515,0.256711107021843,-3.588080801778328,0.9583527084024215,M3 Pooled,D1_lp,g_lp,ols,1794,1380,True,0.07391002503863875,,391,1403,,,,,,,,,,,,,
R08c,T2,Both data-quality exclusions (R08a + R08b),prod_innov,1.58123314908364,2.115835883866085,0.7473326079499081,0.4549901299371087,-2.569369318847712,5.731835617014991,M4 Pooled x Korea,D1_lp,g_lp,ols,1794,1380,True,0.07620924687517061,170.0,391,1403,0.5031775587281806,0.6801361454619144,,,,,,,,,,1.0,
R08c,T2,Both data-quality exclusions (R08a + R08b),proc_innov,-2.2072467500695594,3.755164540145744,-0.5877896231902245,0.556769677582944,-9.57369484118422,5.159201341045103,M4 Pooled x Korea,D1_lp,g_lp,ols,1794,1380,True,0.07620924687517061,78.0,391,1403,0.5031775587281806,0.6801361454619144,,,,,,,,,,1.0,
R08c,T2,Both data-quality exclusions (R08a + R08b),web,-0.3722397814374695,1.8224739234140601,-0.2042497160892973,0.8381884794111456,-3.9473586372729317,3.202879074397993,M4 Pooled x Korea,D1_lp,g_lp,ols,1794,1380,True,0.07620924687517061,824.0,391,1403,0.5031775587281806,0.6801361454619144,,,,,,,,,,1.0,
R08c,T2,Both data-quality exclusions (R08a + R08b),Korea,-2.1770555136320406,1.564324679826288,-1.391690319604108,0.16424046459317887,-5.2457669984136555,0.8916559711495737,M4 Pooled x Korea,D1_lp,g_lp,ols,1794,1380,True,0.07620924687517061,,391,1403,0.5031775587281806,0.6801361454619144,,,,,,,,,,,
R08c,T2,Both data-quality exclusions (R08a + R08b),prod_innov:Korea,4.117859698224302,3.9068580990606216,1.0540080017788243,0.29206375607282264,-3.546163296880991,11.781882693329594,M4 Pooled x Korea,D1_lp,g_lp,ols,1794,1380,True,0.07620924687517061,,391,1403,0.5031775587281806,0.6801361454619144,,,,,,,,,,,1.0
R08c,T2,Both data-quality exclusions (R08a + R08b),proc_innov:Korea,-4.032406366327253,5.239743942433697,-0.7695808059762413,0.44168029773550377,-14.311130866951203,6.246318134296697,M4 Pooled x Korea,D1_lp,g_lp,ols,1794,1380,True,0.07620924687517061,,391,1403,0.5031775587281806,0.6801361454619144,,,,,,,,,,,1.0
R08c,T2,Both data-quality exclusions (R08a + R08b),web:Korea,1.1003197628092705,2.147800993413044,0.5123006117344074,0.6085226158320038,-3.1129881652123412,5.313627690830883,M4 Pooled x Korea,D1_lp,g_lp,ols,1794,1380,True,0.07620924687517061,,391,1403,0.5031775587281806,0.6801361454619144,,,,,,,,,,,1.0
R09a,T2,Minimal controls: size + sector,prod_innov,1.1391421573168428,0.9788228657483651,1.163787848831979,0.2451392530118295,-0.7845950233269989,3.0628793379606845,M1 Morocco,D1_sales,g_sales,ols,552,441,True,0.015395048813448775,74.0,552,0,,,,,,,,,,,,0.7354177590354886,
R09a,T2,Minimal controls: size + sector,proc_innov,0.7332058904807659,1.4519518189919778,0.5049794909791129,0.6138254922616425,-2.1203989816967828,3.5868107626583146,M1 Morocco,D1_sales,g_sales,ols,552,441,True,0.015395048813448775,37.0,552,0,,,,,,,,,,,,1.0,
R09a,T2,Minimal controls: size + sector,web,0.03303936080986003,1.082669787811444,0.03051656302024206,0.9756688897625758,-2.094794180941596,2.160872902561316,M1 Morocco,D1_sales,g_sales,ols,552,441,True,0.015395048813448775,350.0,552,0,,,,,,,,,,,,1.0,
R09a,T2,Minimal controls: size + sector,prod_innov,8.245475254254437,3.218237242914899,2.562109201988523,0.010533549270069534,1.9310345477284878,14.559915960780387,M2 Korea,D1_sales,g_sales,ols,1434,1122,True,0.06067309562228285,111.0,0,1434,,,,,,,,,,,,0.025466796591003288,
R09a,T2,Minimal controls: size + sector,proc_innov,-11.349349199738025,4.304482789652628,-2.636634818710454,0.008488932197001095,-19.79509116837687,-2.90360723109918,M2 Korea,D1_sales,g_sales,ols,1434,1122,True,0.06067309562228285,48.0,0,1434,,,,,,,,,,,,0.025466796591003288,
R09a,T2,Minimal controls: size + sector,web,2.1400165345503366,1.198302499638152,1.7858733793817099,0.07438975606631978,-0.21114949558159113,4.491182564682264,M2 Korea,D1_sales,g_sales,ols,1434,1122,True,0.06067309562228285,594.0,0,1434,,,,,,,,,,,,0.07438975606631978,
R09a,T2,Minimal controls: size + sector,prod_innov,5.455310363274892,2.140128378260062,2.5490575325719913,0.010896296357192622,1.2574851273920942,9.65313559915769,M3 Pooled,D1_sales,g_sales,ols,1986,1563,True,0.056470669940844154,185.0,552,1434,,,,,,,,,,,,0.03268888907157787,
R09a,T2,Minimal controls: size + sector,proc_innov,-5.1284549171234834,2.3453047487583567,-2.1866902029847393,0.028912964481390444,-9.728730096960025,-0.5281797372869415,M3 Pooled,D1_sales,g_sales,ols,1986,1563,True,0.056470669940844154,85.0,552,1434,,,,,,,,,,,,0.05782592896278089,
R09a,T2,Minimal controls: size + sector,web,1.7223390851159892,0.9117683461992463,1.8890095190249245,0.05907553242735353,-0.06607894243526258,3.5107571126672408,M3 Pooled,D1_sales,g_sales,ols,1986,1563,True,0.056470669940844154,944.0,552,1434,,,,,,,,,,,,0.05907553242735353,
R09a,T2,Minimal controls: size + sector,Korea,-1.8357799777700028,0.9086508068742212,-2.0203360453562205,0.043518821553190895,-3.618083005218743,-0.05347695032126221,M3 Pooled,D1_sales,g_sales,ols,1986,1563,True,0.056470669940844154,,552,1434,,,,,,,,,,,,,
R09a,T2,Minimal controls: size + sector,prod_innov,1.1451853503404974,0.981862011551065,1.16634041939501,0.24365476842620315,-0.7807202037901682,3.0710909044711627,M4 Pooled x Korea,D1_sales,g_sales,ols,1986,1563,True,0.0696911320301642,185.0,552,1434,3.5263534093797575,0.014446835423878623,,,,,,,,,,0.7309643052786094,
R09a,T2,Minimal controls: size + sector,proc_innov,0.6671203418387913,1.411513016241353,0.4726278356364241,0.6365447059628813,-2.1015383145976467,3.435778998275229,M4 Pooled x Korea,D1_sales,g_sales,ols,1986,1563,True,0.0696911320301642,85.0,552,1434,3.5263534093797575,0.014446835423878623,,,,,,,,,,1.0,
R09a,T2,Minimal controls: size + sector,web,0.021336102152191883,1.06130636824503,0.020103622093093753,0.983963276668803,-2.06039819980786,2.103070404112244,M4 Pooled x Korea,D1_sales,g_sales,ols,1986,1563,True,0.0696911320301642,944.0,552,1434,3.5263534093797575,0.014446835423878623,,,,,,,,,,1.0,
R09a,T2,Minimal controls: size + sector,Korea,-3.3059851362264285,1.0437506455212646,-3.167408950032668,0.001567765651021679,-5.353284188118025,-1.258686084334832,M4 Pooled x Korea,D1_sales,g_sales,ols,1986,1563,True,0.0696911320301642,,552,1434,3.5263534093797575,0.014446835423878623,,,,,,,,,,,
R09a,T2,Minimal controls: size + sector,prod_innov:Korea,6.959182796730362,3.3539763541399856,2.0749051459889647,0.03815860928925599,0.38041550268155433,13.53795009077917,M4 Pooled x Korea,D1_sales,g_sales,ols,1986,1563,True,0.0696911320301642,,552,1434,3.5263534093797575,0.014446835423878623,,,,,,,,,,,0.07631721857851198
R09a,T2,Minimal controls: size + sector,proc_innov:Korea,-12.0094464593544,4.527308199506758,-2.652668192694018,0.008066675509662573,-20.889684114050446,-3.129208804658356,M4 Pooled x Korea,D1_sales,g_sales,ols,1986,1563,True,0.0696911320301642,,552,1434,3.5263534093797575,0.014446835423878623,,,,,,,,,,,0.02420002652898772
R09a,T2,Minimal controls: size + sector,web:Korea,2.3627494863150273,1.5482030202369998,1.5261238063941616,0.12718135149895687,-0.6740242767171893,5.399523249347244,M4 Pooled x Korea,D1_sales,g_sales,ols,1986,1563,True,0.0696911320301642,,552,1434,3.5263534093797575,0.014446835423878623,,,,,,,,,,,0.12718135149895687
R09a,T2,Minimal controls: size + sector,prod_innov,2.1855608544259137,1.850711784926683,1.180929884505218,0.23826708111016323,-1.451750037976618,5.822871746828445,M1 Morocco,D1_lp,g_lp,ols,552,441,True,0.015214418598488488,74.0,552,0,,,,,,,,,,,,0.7148012433304897,
R09a,T2,Minimal controls: size + sector,proc_innov,-2.548741417359724,3.2930144854913874,-0.7739842714294644,0.4393548094416087,-9.020693211513153,3.923210376793705,M1 Morocco,D1_lp,g_lp,ols,552,441,True,0.015214418598488488,37.0,552,0,,,,,,,,,,,,0.8787096188832174,
R09a,T2,Minimal controls: size + sector,web,-0.9810007727323957,1.422587808650076,-0.6895889074596304,0.49081543464823646,-3.776894857346417,1.8148933118816255,M1 Morocco,D1_lp,g_lp,ols,552,441,True,0.015214418598488488,350.0,552,0,,,,,,,,,,,,0.8787096188832174,
R09a,T2,Minimal controls: size + sector,prod_innov,6.708315568433621,3.3729060610110193,1.9888830127758796,0.0469566725999918,0.09040218189735416,13.326228954969888,M2 Korea,D1_lp,g_lp,ols,1434,1122,True,0.09729460431164372,111.0,0,1434,,,,,,,,,,,,0.09467456484967152,
R09a,T2,Minimal controls: size + sector,proc_innov,-8.429037224374918,3.9156397012426805,-2.1526590461578605,0.03155818828322384,-16.11183773140693,-0.7462367173429065,M2 Korea,D1_lp,g_lp,ols,1434,1122,True,0.09729460431164372,48.0,0,1434,,,,,,,,,,,,0.09467456484967152,
R09a,T2,Minimal controls: size + sector,web,0.8627616578910157,1.3939605092969212,0.6189283355854687,0.5360892090064037,-1.8723011478646256,3.597824463646657,M2 Korea,D1_lp,g_lp,ols,1434,1122,True,0.09729460431164372,594.0,0,1434,,,,,,,,,,,,0.5360892090064037,
R09a,T2,Minimal controls: size + sector,prod_innov,4.894325276320845,2.207849265833401,2.2167841582579118,0.026781313107103962,0.5636666769167125,9.224983875724977,M3 Pooled,D1_lp,g_lp,ols,1986,1563,True,0.0666775302625291,185.0,552,1434,,,,,,,,,,,,0.07518625972285886,
R09a,T2,Minimal controls: size + sector,proc_innov,-5.387284423191259,2.4022455508285527,-2.242603559545836,0.025062086574286286,-10.099248013082907,-0.6753208332996126,M3 Pooled,D1_lp,g_lp,ols,1986,1563,True,0.0666775302625291,85.0,552,1434,,,,,,,,,,,,0.07518625972285886,
R09a,T2,Minimal controls: size + sector,web,0.73093925399438,1.0726933599653454,0.6814055920118623,0.49571583047231516,-1.3731304376039284,2.8350089455926883,M3 Pooled,D1_lp,g_lp,ols,1986,1563,True,0.0666775302625291,944.0,552,1434,,,,,,,,,,,,0.49571583047231516,
R09a,T2,Minimal controls: size + sector,Korea,0.07029292576879503,1.0447141276713694,0.0672843641211931,0.9463639298598396,-1.9788959798928454,2.1194818314304356,M3 Pooled,D1_lp,g_lp,ols,1986,1563,True,0.0666775302625291,,552,1434,,,,,,,,,,,,,
R09a,T2,Minimal controls: size + sector,prod_innov,2.171336834390861,1.7262266550680707,1.2578515272116675,0.2086333434990576,-1.214627245665712,5.557300914447434,M4 Pooled x Korea,D1_lp,g_lp,ols,1986,1563,True,0.07129338239643723,185.0,552,1434,1.3638302746492175,0.25217447505015866,,,,,,,,,,0.6259000304971728,
R09a,T2,Minimal controls: size + sector,proc_innov,-2.3126392196495265,2.992666038702614,-0.7727688922657424,0.4397760065367608,-8.182702505315026,3.5574240660159737,M4 Pooled x Korea,D1_lp,g_lp,ols,1986,1563,True,0.07129338239643723,85.0,552,1434,1.3638302746492175,0.25217447505015866,,,,,,,,,,0.6894878640245116,
R09a,T2,Minimal controls: size + sector,web,-1.3598131821946906,1.4387737600165866,-0.945119531634365,0.3447439320122558,-4.181943321618354,1.4623169572289727,M4 Pooled x Korea,D1_lp,g_lp,ols,1986,1563,True,0.07129338239643723,944.0,552,1434,1.3638302746492175,0.25217447505015866,,,,,,,,,,0.6894878640245116,
R09a,T2,Minimal controls: size + sector,Korea,-1.751914992216123,1.2889546657744049,-1.3591750266589642,0.1742872068062766,-4.280177538921706,0.7763475544894598,M4 Pooled x Korea,D1_lp,g_lp,ols,1986,1563,True,0.07129338239643723,,552,1434,1.3638302746492175,0.25217447505015866,,,,,,,,,,,
R09a,T2,Minimal controls: size + sector,prod_innov:Korea,4.309502983668437,3.746205989284556,1.150364661205258,0.25016967752972485,-3.038616035910781,11.657622003247655,M4 Pooled x Korea,D1_lp,g_lp,ols,1986,1563,True,0.07129338239643723,,552,1434,1.3638302746492175,0.25217447505015866,,,,,,,,,,,0.45470765924885237
R09a,T2,Minimal controls: size + sector,proc_innov:Korea,-5.902211056239537,4.887238792661531,-1.2076780584370146,0.22735382962442618,-15.48844641764314,3.6840243051640655,M4 Pooled x Korea,D1_lp,g_lp,ols,1986,1563,True,0.07129338239643723,,552,1434,1.3638302746492175,0.25217447505015866,,,,,,,,,,,0.45470765924885237
R09a,T2,Minimal controls: size + sector,web:Korea,2.9442864385149266,1.9234428505390018,1.530737675772304,0.1260365952365213,-0.8285138382308097,6.717086715260663,M4 Pooled x Korea,D1_lp,g_lp,ols,1986,1563,True,0.07129338239643723,,552,1434,1.3638302746492175,0.25217447505015866,,,,,,,,,,,0.3781097857095639
R09a,T2,Minimal controls: size + sector,prod_innov,-1.103333194045514,1.5397985611812657,-0.7165438531122443,0.4740340277702345,-4.129569507358858,1.92290311926783,M1 Morocco,D2_emp,g_emp,ols,553,442,True,0.02701345178600123,74.0,553,0,,,,,,,,,,,,0.667756165624823,
R09a,T2,Minimal controls: size + sector,proc_innov,3.344124577755381,2.7379421416577774,1.2214007472526687,0.22258538854160764,-2.0368779388850298,8.725127094395791,M1 Morocco,D2_emp,g_emp,ols,553,442,True,0.02701345178600123,38.0,553,0,,,,,,,,,,,,0.667756165624823,
R09a,T2,Minimal controls: size + sector,web,0.9059126894956128,0.8920044413818442,1.015592128770371,0.31037924993726135,-0.8471843065657733,2.659009685556999,M1 Morocco,D2_emp,g_emp,ols,553,442,True,0.02701345178600123,351.0,553,0,,,,,,,,,,,,0.667756165624823,
R09a,T2,Minimal controls: size + sector,prod_innov,1.6408721963021957,2.1190211803182466,0.7743538439081389,0.43888157311720694,-2.5167317104491627,5.798476103053554,M2 Korea,D2_emp,g_emp,ols,1460,1144,True,0.10430913181523271,113.0,0,1460,,,,,,,,,,,,0.43888157311720694,
R09a,T2,Minimal controls: size + sector,proc_innov,-3.0822339439897295,1.8947685080106913,-1.626707395103243,0.10407464803844828,-6.799845180943754,0.6353772929642947,M2 Korea,D2_emp,g_emp,ols,1460,1144,True,0.10430913181523271,50.0,0,1460,,,,,,,,,,,,0.2953459313217613,
R09a,T2,Minimal controls: size + sector,web,1.2708597172523326,0.7684622983893148,1.6537697684272021,0.09844864377392043,-0.23689390203650618,2.7786133365411714,M2 Korea,D2_emp,g_emp,ols,1460,1144,True,0.10430913181523271,599.0,0,1460,,,,,,,,,,,,0.2953459313217613,
R09a,T2,Minimal controls: size + sector,prod_innov,0.6192029415047765,1.4546129029391799,0.42568228306900047,0.6703971299830703,-2.233963340849046,3.472369223858599,M3 Pooled,D2_emp,g_emp,ols,2013,1586,True,0.08484062988445518,187.0,553,1460,,,,,,,,,,,,1.0,
R09a,T2,Minimal controls: size + sector,proc_innov,0.19430817582350346,1.933835023242838,0.10047815531733885,0.9199774240268335,-3.598833540988344,3.987449892635351,M3 Pooled,D2_emp,g_emp,ols,2013,1586,True,0.08484062988445518,88.0,553,1460,,,,,,,,,,,,1.0,
R09a,T2,Minimal controls: size + sector,web,0.9825550085312929,0.5926172602849192,1.6579925600865875,0.0975167200802193,-0.1798405552433313,2.144950572305917,M3 Pooled,D2_emp,g_emp,ols,2013,1586,True,0.08484062988445518,950.0,553,1460,,,,,,,,,,,,0.29255016024065794,
R09a,T2,Minimal controls: size + sector,Korea,-2.0873448142829862,0.5708113232169911,-3.656803446923726,0.00026371874161299467,-3.2069688858814933,-0.9677207426844789,M3 Pooled,D2_emp,g_emp,ols,2013,1586,True,0.08484062988445518,,553,1460,,,,,,,,,,,,,
R09a,T2,Minimal controls: size + sector,prod_innov,-1.0789741663179893,1.4690121641151281,-0.7344896064682476,0.4627589688827872,-3.960384035948543,1.8024357033125646,M4 Pooled x Korea,D2_emp,g_emp,ols,2013,1586,True,0.0902952209725596,187.0,553,1460,1.4110693978443887,0.23778423820893302,,,,,,,,,,0.5920291602016836,
R09a,T2,Minimal controls: size + sector,proc_innov,3.089886177726536,2.581418852620128,1.1969720352008415,0.23149633706274855,-1.973465876999596,8.153238232452669,M4 Pooled x Korea,D2_emp,g_emp,ols,2013,1586,True,0.0902952209725596,88.0,553,1460,1.4110693978443887,0.23778423820893302,,,,,,,,,,0.5920291602016836,
R09a,T2,Minimal controls: size + sector,web,1.2016589675615739,0.9317356410838185,1.2896994754475355,0.1973430534005612,-0.6259040286390904,3.029221963762238,M4 Pooled x Korea,D2_emp,g_emp,ols,2013,1586,True,0.0902952209725596,950.0,553,1460,1.4110693978443887,0.23778423820893302,,,,,,,,,,0.5920291602016836,
R09a,T2,Minimal controls: size + sector,Korea,-1.8760082571099712,0.8505864899224167,-2.2055467366770483,0.027558745461427933,-3.5444003691066572,-0.2076161451132852,M4 Pooled x Korea,D2_emp,g_emp,ols,2013,1586,True,0.0902952209725596,,553,1460,1.4110693978443887,0.23778423820893302,,,,,,,,,,,
R09a,T2,Minimal controls: size + sector,prod_innov:Korea,2.789732072950986,2.583958189160665,1.0796351445056322,0.2804688396689431,-2.2786007910216264,7.858064936923599,M4 Pooled x Korea,D2_emp,g_emp,ols,2013,1586,True,0.0902952209725596,,553,1460,1.4110693978443887,0.23778423820893302,,,,,,,,,,,0.5609376793378862
R09a,T2,Minimal controls: size + sector,proc_innov:Korea,-6.322937057104287,3.15507867104797,-2.004050521822361,0.0452344276351677,-12.5115003953082,-0.13437371890037397,M4 Pooled x Korea,D2_emp,g_emp,ols,2013,1586,True,0.0902952209725596,,553,1460,1.4110693978443887,0.23778423820893302,,,,,,,,,,,0.1357032829055031
R09a,T2,Minimal controls: size + sector,web:Korea,-0.331166204332999,1.174464792688949,-0.28197201516342657,0.7780017567511394,-2.6348329321207773,1.9725005234547792,M4 Pooled x Korea,D2_emp,g_emp,ols,2013,1586,True,0.0902952209725596,,553,1460,1.4110693978443887,0.23778423820893302,,,,,,,,,,,0.7780017567511394
R09a,T2,Minimal controls: size + sector,prod_innov,-0.05773295399539768,0.023678529269847662,-2.4381984766644718,0.01526920831125937,-0.1043068367849909,-0.01115907120580445,M1 Morocco,D3_female,female_share,ols,448,342,True,0.06543535997147254,70.0,448,0,,,,,,,,,,,,0.03053841662251874,
R09a,T2,Minimal controls: size + sector,proc_innov,0.12293236036791871,0.03455645688186099,3.5574353235399854,0.00042733406607620535,0.05496241366650431,0.19090230706933312,M1 Morocco,D3_female,female_share,ols,448,342,True,0.06543535997147254,35.0,448,0,,,,,,,,,,,,0.001282002198228616,
R09a,T2,Minimal controls: size + sector,web,0.015796990400812172,0.03220331742250663,0.4905392259299282,0.6240669533382655,-0.04754450830374561,0.07913848910536996,M1 Morocco,D3_female,female_share,ols,448,342,True,0.06543535997147254,282.0,448,0,,,,,,,,,,,,0.6240669533382655,
R09a,T2,Minimal controls: size + sector,prod_innov,0.10671543784069012,0.05225881530146702,2.0420562009505483,0.041368857305909695,0.004184426900065,0.20924644878131526,M2 Korea,D3_female,female_share,ols,1490,1175,True,0.05560625079677506,117.0,0,1490,,,,,,,,,,,,0.12410657191772909,
R09a,T2,Minimal controls: size + sector,proc_innov,0.015139125438264045,0.06021431065876704,0.25142072162973156,0.8015328116959338,-0.10300044793937681,0.1332786988159049,M2 Korea,D3_female,female_share,ols,1490,1175,True,0.05560625079677506,50.0,0,1490,,,,,,,,,,,,1.0,
R09a,T2,Minimal controls: size + sector,web,0.0026205633726625504,0.022927198116293106,0.11429932952863783,0.909020041148188,-0.04236225507315739,0.0476033818184825,M2 Korea,D3_female,female_share,ols,1490,1175,True,0.05560625079677506,603.0,0,1490,,,,,,,,,,,,1.0,
R09a,T2,Minimal controls: size + sector,prod_innov,0.04737502468063304,0.03692017922845992,1.283174287629514,0.1996270154021816,-0.025044977669924667,0.11979502703119074,M3 Pooled,D3_female,female_share,ols,1938,1517,True,0.053015704217686865,187.0,448,1490,,,,,,,,,,,,0.5783895495676297,
R09a,T2,Minimal controls: size + sector,proc_innov,0.05065844816734953,0.038880417001865716,1.3029296513182622,0.1927965165225432,-0.02560661742841229,0.12692351376311134,M3 Pooled,D3_female,female_share,ols,1938,1517,True,0.053015704217686865,85.0,448,1490,,,,,,,,,,,,0.5783895495676297,
R09a,T2,Minimal controls: size + sector,web,0.00884777744531716,0.019094297101792956,0.46337277555434875,0.6431636602191969,-0.028606240110701488,0.046301795001335806,M3 Pooled,D3_female,female_share,ols,1938,1517,True,0.053015704217686865,885.0,448,1490,,,,,,,,,,,,0.6431636602191969,
R09a,T2,Minimal controls: size + sector,Korea,0.10774847623056076,0.020571341012614812,5.237795443888999,1.8532485195330497e-07,0.0673971942048415,0.14809975825628002,M3 Pooled,D3_female,female_share,ols,1938,1517,True,0.053015704217686865,,448,1490,,,,,,,,,,,,,
R09a,T2,Minimal controls: size + sector,prod_innov,-0.051094016418549326,0.02524638217514477,-2.02381537537096,0.043164150229772894,-0.10061552727453357,-0.0015725055625650727,M4 Pooled x Korea,D3_female,female_share,ols,1938,1517,True,0.05834002609617728,187.0,448,1490,2.4449226431040727,0.0623821462101432,,,,,,,,,,0.08632830045954579,
R09a,T2,Minimal controls: size + sector,proc_innov,0.10672239306219916,0.03739948427554555,2.853579270663416,0.0043816696348603044,0.033362219960525005,0.1800825661638733,M4 Pooled x Korea,D3_female,female_share,ols,1938,1517,True,0.05834002609617728,85.0,448,1490,2.4449226431040727,0.0623821462101432,,,,,,,,,,0.013145008904580913,
R09a,T2,Minimal controls: size + sector,web,0.021902725517154005,0.032385199299250295,0.6763189972914894,0.4989412316009378,-0.04162178217448482,0.08542723320879284,M4 Pooled x Korea,D3_female,female_share,ols,1938,1517,True,0.05834002609617728,885.0,448,1490,2.4449226431040727,0.0623821462101432,,,,,,,,,,0.4989412316009378,
R09a,T2,Minimal controls: size + sector,Korea,0.10827676919359774,0.030347102431825597,3.5679442357582642,0.00037098689902112476,0.04875004761822416,0.16780349076897133,M4 Pooled x Korea,D3_female,female_share,ols,1938,1517,True,0.05834002609617728,,448,1490,2.4449226431040727,0.0623821462101432,,,,,,,,,,,
R09a,T2,Minimal controls: size + sector,prod_innov:Korea,0.15334567162518237,0.057713309056003505,2.6570244218084893,0.007966089030326855,0.04013934205589377,0.266552001194471,M4 Pooled x Korea,D3_female,female_share,ols,1938,1517,True,0.05834002609617728,,448,1490,2.4449226431040727,0.0623821462101432,,,,,,,,,,,0.023898267090980564
R09a,T2,Minimal controls: size + sector,proc_innov:Korea,-0.09273667915140148,0.0715652757677978,-1.295833463316719,0.1952299910333178,-0.2331140431737055,0.04764068487090255,M4 Pooled x Korea,D3_female,female_share,ols,1938,1517,True,0.05834002609617728,,448,1490,2.4449226431040727,0.0623821462101432,,,,,,,,,,,0.3904599820666356
R09a,T2,Minimal controls: size + sector,web:Korea,-0.019562101987944388,0.03906402565912192,-0.5007702523709663,0.6166054697112904,-0.09618732129010607,0.05706311731421729,M4 Pooled x Korea,D3_female,female_share,ols,1938,1517,True,0.05834002609617728,,448,1490,2.4449226431040727,0.0623821462101432,,,,,,,,,,,0.6166054697112904
R09a,T2,Minimal controls: size + sector,prod_innov,-0.008792297325447297,0.0475196943995158,-0.18502428175415384,0.8533196644869332,-0.10225995538555355,0.08467536073465895,M1 Morocco,D3_lowskill,lowskill_prod_share,ols,445,342,True,0.08396697736206693,71.0,445,0,,,,,,,,,,,,1.0,
R09a,T2,Minimal controls: size + sector,proc_innov,-0.027925030397392116,0.042640775103400315,-0.654890309326607,0.5129785884275385,-0.11179622185065877,0.05594616105587454,M1 Morocco,D3_lowskill,lowskill_prod_share,ols,445,342,True,0.08396697736206693,36.0,445,0,,,,,,,,,,,,1.0,
R09a,T2,Minimal controls: size + sector,web,-0.07203230644861958,0.03813356369573593,-1.8889476741108826,0.05974471117600145,-0.14703815270176057,0.002973539804521433,M1 Morocco,D3_lowskill,lowskill_prod_share,ols,445,342,True,0.08396697736206693,279.0,445,0,,,,,,,,,,,,0.17923413352800435,
R09a,T2,Minimal controls: size + sector,prod_innov,0.04423753777476754,0.05581857588212153,0.7925235833352146,0.42821791548068894,-0.06527942680884075,0.15375450235837584,M2 Korea,D3_lowskill,lowskill_prod_share,ols,1470,1157,True,0.0955041010078761,114.0,0,1470,,,,,,,,,,,,0.8564358309613779,
R09a,T2,Minimal controls: size + sector,proc_innov,0.003158384860930563,0.07534346341729686,0.04191982579082609,0.9665698442868489,-0.1446667304215497,0.15098350014341083,M2 Korea,D3_lowskill,lowskill_prod_share,ols,1470,1157,True,0.0955041010078761,47.0,0,1470,,,,,,,,,,,,0.9665698442868489,
R09a,T2,Minimal controls: size + sector,web,0.04661968120524801,0.023977330716906574,1.9443232341278158,0.05209859177147757,-0.000424236297742131,0.09366359870823815,M2 Korea,D3_lowskill,lowskill_prod_share,ols,1470,1157,True,0.0955041010078761,590.0,0,1470,,,,,,,,,,,,0.1562957753144327,
R09a,T2,Minimal controls: size + sector,prod_innov,0.028648694491720802,0.04034303606103191,0.7101273798129712,0.4777356037879976,-0.05048609956743637,0.10778348855087798,M3 Pooled,D3_lowskill,lowskill_prod_share,ols,1915,1499,True,0.11503777771206047,185.0,445,1470,,,,,,,,,,,,1.0,
R09a,T2,Minimal controls: size + sector,proc_innov,-0.03031747755217628,0.04323841977859065,-0.7011698787194779,0.4833058361559393,-0.11513170520340674,0.05449675009905417,M3 Pooled,D3_lowskill,lowskill_prod_share,ols,1915,1499,True,0.11503777771206047,83.0,445,1470,,,,,,,,,,,,1.0,
R09a,T2,Minimal controls: size + sector,web,0.015195022352757482,0.020477628164529808,0.7420303870483127,0.45818517190121233,-0.024972824340003637,0.0553628690455186,M3 Pooled,D3_lowskill,lowskill_prod_share,ols,1915,1499,True,0.11503777771206047,869.0,445,1470,,,,,,,,,,,,1.0,
R09a,T2,Minimal controls: size + sector,Korea,-0.10723559212671649,0.0216838589169916,-4.94541089467641,8.453520191453275e-07,-0.14976951811106787,-0.06470166614236512,M3 Pooled,D3_lowskill,lowskill_prod_share,ols,1915,1499,True,0.11503777771206047,,445,1470,,,,,,,,,,,,,
R09a,T2,Minimal controls: size + sector,prod_innov,-0.003973747236918368,0.048081978354467425,-0.08264525239837925,0.9341446521168432,-0.09828884660825478,0.09034135213441803,M4 Pooled x Korea,D3_lowskill,lowskill_prod_share,ols,1915,1499,True,0.1260004270620526,185.0,445,1470,2.7225640623410228,0.04304543003488653,,,,,,,,,,0.9574817534755383,
R09a,T2,Minimal controls: size + sector,proc_innov,-0.030774288264683383,0.04343542927951429,-0.7085065987640105,0.47874087673776916,-0.11597495947112132,0.05442638294175456,M4 Pooled x Korea,D3_lowskill,lowskill_prod_share,ols,1915,1499,True,0.1260004270620526,83.0,445,1470,2.7225640623410228,0.04304543003488653,,,,,,,,,,0.9574817534755383,
R09a,T2,Minimal controls: size + sector,web,-0.06998709075366288,0.038525997081606166,-1.8166198425809852,0.06947498243287863,-0.14555767598092184,0.005583494473596087,M4 Pooled x Korea,D3_lowskill,lowskill_prod_share,ols,1915,1499,True,0.1260004270620526,869.0,445,1470,2.7225640623410228,0.04304543003488653,,,,,,,,,,0.20842494729863587,
R09a,T2,Minimal controls: size + sector,Korea,-0.17982801327930084,0.03422426742919194,-5.254400657409388,1.699009564232797e-07,-0.24696055012500073,-0.11269547643360094,M4 Pooled x Korea,D3_lowskill,lowskill_prod_share,ols,1915,1499,True,0.1260004270620526,,445,1470,2.7225640623410228,0.04304543003488653,,,,,,,,,,,
R09a,T2,Minimal controls: size + sector,prod_innov:Korea,0.04721570034038276,0.07408840451793029,0.637288664097983,0.5240341528321072,-0.09811224733386519,0.1925436480146307,M4 Pooled x Korea,D3_lowskill,lowskill_prod_share,ols,1915,1499,True,0.1260004270620526,,445,1470,2.7225640623410228,0.04304543003488653,,,,,,,,,,,1.0
R09a,T2,Minimal controls: size + sector,proc_innov:Korea,0.0359859101082459,0.090280372362629,0.3986017023024824,0.690243476582841,-0.1411033566413506,0.21307517685784239,M4 Pooled x Korea,D3_lowskill,lowskill_prod_share,ols,1915,1499,True,0.1260004270620526,,445,1470,2.7225640623410228,0.04304543003488653,,,,,,,,,,,1.0
R09a,T2,Minimal controls: size + sector,web:Korea,0.1132809108241529,0.04445009071095077,2.548496729979561,0.01091781714832441,0.02608993270836328,0.2004718889399425,M4 Pooled x Korea,D3_lowskill,lowskill_prod_share,ols,1915,1499,True,0.1260004270620526,,445,1470,2.7225640623410228,0.04304543003488653,,,,,,,,,,,0.03275345144497323
R09a,T2,Minimal controls: size + sector,prod_innov,-0.9792392960383102,1.2133746373904668,-0.8070378808512945,0.4200700533404297,-3.363809137158774,1.4053305450821538,M1 Morocco,D4_energy,env_energy_mgmt,logit,562,451,True,0.14247351720469503,76.0,562,0,,,-0.06550789510013517,0.06159330021362067,0.2880992136032125,-0.1865533839199367,0.055537593719666364,0.3755967081094362,23.0,68.0,False,0.4495650732272541,
R09a,T2,Minimal controls: size + sector,proc_innov,1.4676229650525114,1.2073481265698993,1.2155756345289228,0.22478253661362704,-0.9051033485150632,3.840349278620086,M1 Morocco,D4_energy,env_energy_mgmt,logit,562,451,True,0.14247351720469503,39.0,562,0,,,0.1838256805670371,0.19247699170850663,0.340062642056795,-0.19443740108496496,0.5620887622190391,4.33890913463874,10.0,81.0,False,0.4495650732272541,
R09a,T2,Minimal controls: size + sector,web,1.6182085613187345,0.39564827140847014,4.090018024236694,5.108730634273209e-05,0.8406655777921411,2.3957515448453277,M1 Morocco,D4_energy,env_energy_mgmt,logit,562,451,True,0.14247351720469503,354.0,562,0,,,0.10469491744428712,0.03343696186141475,0.0018546478412327962,0.03898333226981754,0.1704065026187567,5.044046118592649,53.0,38.0,False,0.00015326191902819629,
R09a,T2,Minimal controls: size + sector,prod_innov,0.24445479999414615,0.4489441033830284,0.5445105485338854,0.5861943069328136,-0.6363738002686061,1.1252834002568985,M2 Korea,D4_energy,env_energy_mgmt,logit,1481,1166,True,0.14157326049484653,117.0,0,1481,,,0.023744064749147555,0.04645998050552814,0.6094023736493606,-0.06741044488477081,0.11489857438306593,1.2769249439049708,50.0,200.0,False,0.7751001423502945,
R09a,T2,Minimal controls: size + sector,proc_innov,0.6101158415957921,0.7058319076766977,0.8643925486509066,0.3875500711751472,-0.7747267848574608,1.994958468049045,M2 Korea,D4_energy,env_energy_mgmt,logit,1481,1166,True,0.14157326049484653,49.0,0,1481,,,0.06671909100172085,0.09117032671078774,0.46443337769020854,-0.11215714471897933,0.24559532672242104,1.8406446096409228,23.0,227.0,False,0.7751001423502945,
R09a,T2,Minimal controls: size + sector,web,0.5580879918569681,0.2998481018961861,1.861235700101881,0.06296240926273451,-0.03021416401147481,1.146390147725411,M2 Korea,D4_energy,env_energy_mgmt,logit,1481,1166,True,0.14157326049484653,600.0,0,1481,,,0.05393323362970931,0.030761080031057902,0.07981421803198847,-0.0064200238519024275,0.11428649111132105,1.7473283982137329,158.0,92.0,False,0.18888722778820355,
R09a,T2,Minimal controls: size + sector,prod_innov,-0.10983213687251837,0.47043306543076224,-0.23347027439907567,0.8154258009536043,-1.0325546741367961,0.8128904003917593,M3 Pooled,D4_energy,env_energy_mgmt,logit,2043,1617,True,0.13486981659905684,193.0,562,1481,,,-0.009543293658795918,0.03968506705452414,0.8099919947957048,-0.08738285991148516,0.06829627259389333,0.8959845254383105,73.0,268.0,False,0.8154258009536043,
R09a,T2,Minimal controls: size + sector,proc_innov,0.9322849858284211,0.6943150015452543,1.3427406634647752,0.17954441579865726,-0.42956677792856224,2.2941367495854044,M3 Pooled,D4_energy,env_energy_mgmt,logit,2043,1617,True,0.13486981659905684,88.0,562,1481,,,0.11007475627600297,0.10303058002950195,0.28551321701896937,-0.09201273545585606,0.31216224800786196,2.540307116752429,33.0,308.0,False,0.35908883159731453,
R09a,T2,Minimal controls: size + sector,web,0.7723636121080268,0.2445133256528266,3.158779220093186,0.0016136104573117403,0.29276731494998,1.2519599092660738,M3 Pooled,D4_energy,env_energy_mgmt,logit,2043,1617,True,0.13486981659905684,954.0,562,1481,,,0.07172031283142163,0.024273879960835392,0.003175714234940857,0.0241087443584418,0.11933188130440148,2.1648771411510994,211.0,130.0,False,0.004840831371935221,
R09a,T2,Minimal controls: size + sector,Korea,0.231007090578337,0.26903978715762494,0.8586354197604038,0.39066894958366793,-0.2966961966126054,0.7587103777692794,M3 Pooled,D4_energy,env_energy_mgmt,logit,2043,1617,True,0.13486981659905684,,562,1481,,,,,,,,1.2598681726115328,,,,,
R09a,T2,Minimal controls: size + sector,prod_innov,-1.0232357443033477,1.2196986924776212,-0.838925015345232,0.40163539005448556,-3.4155919686481138,1.369120480041418,M4 Pooled x Korea,D4_energy,env_energy_mgmt,logit,2043,1617,True,0.14103057823817888,193.0,562,1481,1.7337421855505193,0.15809756064772568,-0.06937332705032448,0.06082116757199007,0.2542005086682039,-0.18866992030746302,0.04992326620681406,0.3594300328371208,73.0,268.0,False,0.40163539005448556,
R09a,T2,Minimal controls: size + sector,proc_innov,1.549424737721345,1.2056219891632167,1.2851662889764899,0.1989182257064967,-0.8153209882272461,3.914170463669936,M4 Pooled x Korea,D4_energy,env_energy_mgmt,logit,2043,1617,True,0.14103057823817888,88.0,562,1481,1.7337421855505193,0.15809756064772568,0.21169866775171764,0.2184058603925299,0.3325453567196845,-0.21668960778382385,0.6400869432872591,4.708760630943838,33.0,308.0,False,0.3978364514129934,
R09a,T2,Minimal controls: size + sector,web,1.6239943599852924,0.3951496918999919,4.109820640822638,4.15808687328857e-05,0.8489350516535283,2.3990536683170562,M4 Pooled x Korea,D4_energy,env_energy_mgmt,logit,2043,1617,True,0.14103057823817888,954.0,562,1481,1.7337421855505193,0.15809756064772568,0.1630002313816734,0.05100217297592539,0.0014206419796695892,0.06296292977056077,0.26303753299278604,5.0733145428569,211.0,130.0,False,0.00012474260619865711,
R09a,T2,Minimal controls: size + sector,Korea,0.9967114931736418,0.34209031686525293,2.913591657042546,0.0036220562563234566,0.32572454870278267,1.667698437644501,M4 Pooled x Korea,D4_energy,env_energy_mgmt,logit,2043,1617,True,0.14103057823817888,,562,1481,1.7337421855505193,0.15809756064772568,,,,,,2.709357422138328,,,,,
R09a,T2,Minimal controls: size + sector,prod_innov:Korea,1.2749019195518794,1.294364329256886,0.9849637314123294,0.3247892389877937,-1.2639058850029858,3.8137097241067446,M4 Pooled x Korea,D4_energy,env_energy_mgmt,logit,2043,1617,True,0.14103057823817888,,562,1481,1.7337421855505193,0.15809756064772568,,,,,,3.578350426676174,,,,,0.6495784779755874
R09a,T2,Minimal controls: size + sector,proc_innov:Korea,-0.9384284912770273,1.3932876277138169,-0.6735353652833712,0.5007030144274408,-3.671267633453004,1.7944106508989492,M4 Pooled x Korea,D4_energy,env_energy_mgmt,logit,2043,1617,True,0.14103057823817888,,562,1481,1.7337421855505193,0.15809756064772568,,,,,,0.39124219301699575,,,,,0.6495784779755874
R09a,T2,Minimal controls: size + sector,web:Korea,-1.0440869583954806,0.4840096865955742,-2.157161286872947,0.031140040694223214,-1.9934391168518828,-0.0947347999390783,M4 Pooled x Korea,D4_energy,env_energy_mgmt,logit,2043,1617,True,0.14103057823817888,,562,1481,1.7337421855505193,0.15809756064772568,,,,,,0.3520130752788119,,,,,0.09342012208266964
R09a,T2,Minimal controls: size + sector,prod_innov,2.252926588495278,0.8228183961526104,2.7380605477826743,0.006423722334413291,0.6359118894193796,3.869941287571176,M1 Morocco,D4_co2,env_co2_monitor,logit,564,453,True,0.21522084993751722,76.0,564,0,,,0.18587621607514832,0.11158050474113425,0.09643490575954412,-0.03340341736568897,0.4051558495159856,9.515543205419315,8.0,37.0,False,0.012847444668826582,
R09a,T2,Minimal controls: size + sector,proc_innov,-5.43079880446159,1.3052038752728834,-4.160881611944459,3.794295340809978e-05,-7.995804474577443,-2.8657931343457372,M1 Morocco,D4_co2,env_co2_monitor,logit,564,453,True,0.21522084993751722,39.0,564,0,,,-0.06225796293398141,0.01939268061750047,0.0014198372353844686,-0.1003687413993263,-0.02414718446863652,0.004379595964215412,1.0,44.0,True,0.00011382886022429934,
R09a,T2,Minimal controls: size + sector,web,0.6718815943083902,0.8705886951740934,0.7717554776817228,0.4406616647516681,-1.0390119923302774,2.382775180947058,M1 Morocco,D4_co2,env_co2_monitor,logit,564,453,True,0.21522084993751722,355.0,564,0,,,0.02501767833097878,0.028127325360493574,0.3742366333902159,-0.030258551231069894,0.08029390789302746,1.9579178640145463,29.0,16.0,False,0.4406616647516681,
R09a,T2,Minimal controls: size + sector,prod_innov,-0.2794190492860524,0.41048577895629673,-0.6807033607753835,0.49619218899711626,-1.0847789762308588,0.5259408776587542,M2 Korea,D4_co2,env_co2_monitor,logit,1500,1185,True,0.17974184409935778,117.0,0,1500,,,-0.014222865616251888,0.019343055171091954,0.46230491373483734,-0.0521733191961274,0.023727587963623623,0.7562229421245326,30.0,147.0,False,0.8887909888634578,
R09a,T2,Minimal controls: size + sector,proc_innov,-0.5299429401289965,0.5071513975153535,-1.044940313139831,0.2962636629544859,-1.524957708951005,0.465071828693012,M2 Korea,D4_co2,env_co2_monitor,logit,1500,1185,True,0.17974184409935778,50.0,0,1500,,,-0.024403761938517152,0.01958841164536384,0.21307436079028547,-0.06283559704809501,0.014028073171060699,0.5886385563602138,12.0,165.0,False,0.8887909888634578,
R09a,T2,Minimal controls: size + sector,web,-0.24432614247523346,0.31259521808360397,-0.7816055023909168,0.43460258253769884,-0.8576279300285373,0.36897564507807046,M2 Korea,D4_co2,env_co2_monitor,logit,1500,1185,True,0.17974184409935778,608.0,0,1500,,,-0.01322347222425178,0.016647857226814642,0.427177072660969,-0.04588603391899558,0.019439089470492023,0.7832321473313439,109.0,68.0,False,0.8887909888634578,
R09a,T2,Minimal controls: size + sector,prod_innov,0.6480614431661837,0.504776229709592,1.2838588765145036,0.19937291382553837,-0.34201337242469665,1.638136258757064,M3 Pooled,D4_co2,env_co2_monitor,logit,2064,1638,True,0.16415126550237513,193.0,564,1500,,,0.04222234579736565,0.04073925639074983,0.3001664790883867,-0.03768417393235048,0.12212886552708177,1.9118310412283717,38.0,184.0,False,0.39874582765107675,
R09a,T2,Minimal controls: size + sector,proc_innov,-1.5671206846496246,0.5867508539027992,-2.6708451708691214,0.007640944302265673,-2.717981619226169,-0.41625975007308025,M3 Pooled,D4_co2,env_co2_monitor,logit,2064,1638,True,0.16415126550237513,89.0,564,1500,,,-0.04794085097163827,0.01203717093092892,7.111136447302045e-05,-0.07155071825190194,-0.024330983691374597,0.20864507326725845,13.0,209.0,False,0.022922832906797017,
R09a,T2,Minimal controls: size + sector,web,-0.09315908698453745,0.26408212069871717,-0.35276559707281235,0.7243095642070144,-0.6111332734910115,0.42481509952193663,M3 Pooled,D4_co2,env_co2_monitor,logit,2064,1638,True,0.16415126550237513,963.0,564,1500,,,-0.004876587075805765,0.01381455524034838,0.7241311977973842,-0.03197263959778538,0.02221946544617385,0.911048552799784,138.0,84.0,False,0.7243095642070144,
R09a,T2,Minimal controls: size + sector,Korea,0.06405184065913025,0.34350563757768854,0.1864651803411641,0.8521030720005436,-0.6097046889912894,0.7378083703095499,M3 Pooled,D4_co2,env_co2_monitor,logit,2064,1638,True,0.16415126550237513,,564,1500,,,,,,,,1.0661476671267127,,,,,
R09a,T2,Minimal controls: size + sector,prod_innov,2.2464144264885477,0.9227949955466825,2.4343591342925803,0.015024392295650606,0.4364320396996486,4.056396813277447,M4 Pooled x Korea,D4_co2,env_co2_monitor,logit,2064,1638,True,0.1816496481489882,193.0,564,1500,4.1726582310747435,0.005923364969396849,0.23757808440050562,0.15295116881676954,0.12054616787609256,-0.06242237391702496,0.5375785427180362,9.453777777998647,38.0,184.0,False,0.03004878459130121,
R09a,T2,Minimal controls: size + sector,proc_innov,-5.472776171060047,1.3372868218333103,-4.092447545065403,4.4761079515130246e-05,-8.095748342868655,-2.849803999251439,M4 Pooled x Korea,D4_co2,env_co2_monitor,logit,2064,1638,True,0.1816496481489882,89.0,564,1500,4.1726582310747435,0.005923364969396849,-0.07396861377671372,0.00931255848468088,3.639306057932839e-15,-0.09223438993995389,-0.055702837613473555,0.00419955727039373,13.0,209.0,False,0.00013428323854539073,
R09a,T2,Minimal controls: size + sector,web,0.6962829735370301,0.8991542603754579,0.7743754372539865,0.4388205621606738,-1.067330160625712,2.4598961076997723,M4 Pooled x Korea,D4_co2,env_co2_monitor,logit,2064,1638,True,0.1816496481489882,963.0,564,1500,4.1726582310747435,0.005923364969396849,0.03907088488695796,0.05535419474283547,0.48039160879384957,-0.06950156945330449,0.1476433392272204,2.006281429438118,138.0,84.0,False,0.4388205621606738,
R09a,T2,Minimal controls: size + sector,Korea,1.0005015228703464,0.9023055127421624,1.1088278955868953,0.2676672080364372,-0.7692925196280365,2.7702955653687296,M4 Pooled x Korea,D4_co2,env_co2_monitor,logit,2064,1638,True,0.1816496481489882,,564,1500,4.1726582310747435,0.005923364969396849,,,,,,2.7196454508793977,,,,,
R09a,T2,Minimal controls: size + sector,prod_innov:Korea,-2.4750630002804885,1.0118481320354817,-2.446081503655627,0.014546404498210708,-4.459715394287562,-0.4904106062734148,M4 Pooled x Korea,D4_co2,env_co2_monitor,logit,2064,1638,True,0.1816496481489882,,564,1500,4.1726582310747435,0.005923364969396849,,,,,,0.08415768813233684,,,,,0.029092808996421415
R09a,T2,Minimal controls: size + sector,proc_innov:Korea,4.971791148142751,1.4331910772835317,3.469035794980162,0.0005358560256732868,2.1607110931957343,7.782871203089767,M4 Pooled x Korea,D4_co2,env_co2_monitor,logit,2064,1638,True,0.1816496481489882,,564,1500,4.1726582310747435,0.005923364969396849,,,,,,144.28509203511132,,,,,0.0016075680770198603
R09a,T2,Minimal controls: size + sector,web:Korea,-0.9483593595863592,0.972779290586569,-0.9748967404667045,0.3297554314955777,-2.8563816079640802,0.9596628887913617,M4 Pooled x Korea,D4_co2,env_co2_monitor,logit,2064,1638,True,0.1816496481489882,,564,1500,4.1726582310747435,0.005923364969396849,,,,,,0.38737604718755236,,,,,0.3297554314955777
R09b,T2,Extended controls: + credit access + female top manager,prod_innov,1.1372649780864967,1.0051169489042056,1.1314752769081857,0.2586253569497032,-0.8395248894111313,3.114054845584125,M1 Morocco,D1_sales,g_sales,ols,458,352,True,0.059474143786505396,69.0,458,0,,,,,,,,,,,,0.7758760708491095,
R09b,T2,Extended controls: + credit access + female top manager,proc_innov,1.4186357955939521,1.3225606650542563,1.0726432692868229,0.2841660240088996,-1.1824789549636474,4.019750546151552,M1 Morocco,D1_sales,g_sales,ols,458,352,True,0.059474143786505396,35.0,458,0,,,,,,,,,,,,0.7758760708491095,
R09b,T2,Extended controls: + credit access + female top manager,web,0.20184533230368099,1.3167357802631119,0.15329220586938708,0.8782556853091157,-2.387813464549199,2.791504129156561,M1 Morocco,D1_sales,g_sales,ols,458,352,True,0.059474143786505396,295.0,458,0,,,,,,,,,,,,0.8782556853091157,
R09b,T2,Extended controls: + credit access + female top manager,prod_innov,8.75320567203063,3.2964322597166102,2.655357362866947,0.008038294662301385,2.2851151433886425,15.221296200672617,M2 Korea,D1_sales,g_sales,ols,1399,1087,True,0.07849543984387297,108.0,0,1399,,,,,,,,,,,,0.024114883986904156,
R09b,T2,Extended controls: + credit access + female top manager,proc_innov,-11.005913817163975,4.454803249097051,-2.470572369137689,0.013642259423722599,-19.746900566555055,-2.264927067772895,M2 Korea,D1_sales,g_sales,ols,1399,1087,True,0.07849543984387297,47.0,0,1399,,,,,,,,,,,,0.027284518847445198,
R09b,T2,Extended controls: + credit access + female top manager,web,2.209281269423076,1.1994983667876618,1.8418376636390774,0.06577118171259101,-0.14431298462896747,4.562875523475119,M2 Korea,D1_sales,g_sales,ols,1399,1087,True,0.07849543984387297,582.0,0,1399,,,,,,,,,,,,0.06577118171259101,
R09b,T2,Extended controls: + credit access + female top manager,prod_innov,5.714078593984647,2.2000461277797787,2.59725399473834,0.009493069439802503,1.3984375206071977,10.029719667362096,M3 Pooled,D1_sales,g_sales,ols,1857,1439,True,0.06558116342262488,177.0,458,1399,,,,,,,,,,,,0.02847920831940751,
R09b,T2,Extended controls: + credit access + female top manager,proc_innov,-4.9212911319006745,2.4110247798531415,-2.041161572881236,0.04141688423259804,-9.650790862602037,-0.19179140119931137,M3 Pooled,D1_sales,g_sales,ols,1857,1439,True,0.06558116342262488,82.0,458,1399,,,,,,,,,,,,0.08283376846519608,
R09b,T2,Extended controls: + credit access + female top manager,web,1.8823921875370944,0.9674390543427284,1.945747568373678,0.0518795489848896,-0.015349712594938003,3.7801340876691265,M3 Pooled,D1_sales,g_sales,ols,1857,1439,True,0.06558116342262488,877.0,458,1399,,,,,,,,,,,,0.08283376846519608,
R09b,T2,Extended controls: + credit access + female top manager,Korea,-0.9115124862513057,1.0402748757598923,-0.8762227248692042,0.38105520675547244,-2.952130146374022,1.129105173871411,M3 Pooled,D1_sales,g_sales,ols,1857,1439,True,0.06558116342262488,,458,1399,,,,,,,,,,,,,
R09b,T2,Extended controls: + credit access + female top manager,prod_innov,1.1735171999546343,1.1036413829156666,1.063313879055863,0.2878180341596648,-0.991401081643642,3.338435481552911,M4 Pooled x Korea,D1_sales,g_sales,ols,1857,1439,True,0.07845090392358256,177.0,458,1399,3.2571383400040292,0.020893680290844152,,,,,,,,,,0.8634541024789943,
R09b,T2,Extended controls: + credit access + female top manager,proc_innov,0.6249986238074343,1.5333382680098961,0.4076064863486474,0.6836232320334176,-2.3828190420353126,3.632816289650181,M4 Pooled x Korea,D1_sales,g_sales,ols,1857,1439,True,0.07845090392358256,82.0,458,1399,3.2571383400040292,0.020893680290844152,,,,,,,,,,1.0,
R09b,T2,Extended controls: + credit access + female top manager,web,0.23039429935166678,1.247390240854455,0.18470105970513928,0.8534895411520836,-2.2165037406427635,2.6772923393460966,M4 Pooled x Korea,D1_sales,g_sales,ols,1857,1439,True,0.07845090392358256,877.0,458,1399,3.2571383400040292,0.020893680290844152,,,,,,,,,,1.0,
R09b,T2,Extended controls: + credit access + female top manager,Korea,-2.3996270735428435,1.2754840575921949,-1.8813461910866676,0.0601265738834232,-4.901634335062408,0.10238018797672055,M4 Pooled x Korea,D1_sales,g_sales,ols,1857,1439,True,0.07845090392358256,,458,1399,3.2571383400040292,0.020893680290844152,,,,,,,,,,,
R09b,T2,Extended controls: + credit access + female top manager,prod_innov:Korea,7.474092359461364,3.4640772400985416,2.1575997997229273,0.03112402176197209,0.6789102812528176,14.26927443766991,M4 Pooled x Korea,D1_sales,g_sales,ols,1857,1439,True,0.07845090392358256,,458,1399,3.2571383400040292,0.020893680290844152,,,,,,,,,,,0.06224804352394418
R09b,T2,Extended controls: + credit access + female top manager,proc_innov:Korea,-11.63604650558947,4.525261474016427,-2.571353406295397,0.010229865198847936,-20.51286233160416,-2.759230679574779,M4 Pooled x Korea,D1_sales,g_sales,ols,1857,1439,True,0.07845090392358256,,458,1399,3.2571383400040292,0.020893680290844152,,,,,,,,,,,0.030689595596543807
R09b,T2,Extended controls: + credit access + female top manager,web:Korea,2.142577393210763,1.7047660354472731,1.2568160959686312,0.2090242021121443,-1.2015153647441421,5.486670151165668,M4 Pooled x Korea,D1_sales,g_sales,ols,1857,1439,True,0.07845090392358256,,458,1399,3.2571383400040292,0.020893680290844152,,,,,,,,,,,0.2090242021121443
R09b,T2,Extended controls: + credit access + female top manager,prod_innov,2.5851322879018355,1.7606021150337348,1.4683228344595634,0.14290957572848767,-0.8774900721010503,6.047754647904721,M1 Morocco,D1_lp,g_lp,ols,458,352,True,0.04798756724575981,69.0,458,0,,,,,,,,,,,,0.428728727185463,
R09b,T2,Extended controls: + credit access + female top manager,proc_innov,-1.6944881917096324,2.9061451953271265,-0.583070726966515,0.5602190448331368,-7.410080175172546,4.02110379175328,M1 Morocco,D1_lp,g_lp,ols,458,352,True,0.04798756724575981,35.0,458,0,,,,,,,,,,,,0.9925023035134451,
R09b,T2,Extended controls: + credit access + female top manager,web,-1.220685697827331,1.7922065290366367,-0.6811077172470101,0.4962511517567226,-4.745465287829421,2.304093892174759,M1 Morocco,D1_lp,g_lp,ols,458,352,True,0.04798756724575981,295.0,458,0,,,,,,,,,,,,0.9925023035134451,
R09b,T2,Extended controls: + credit access + female top manager,prod_innov,6.93182553816228,3.4366739988226382,2.0170157368831134,0.04393934236648674,0.18855985257350305,13.675091223751057,M2 Korea,D1_lp,g_lp,ols,1399,1087,True,0.11264575589020132,108.0,0,1399,,,,,,,,,,,,0.13181802709946022,
R09b,T2,Extended controls: + credit access + female top manager,proc_innov,-7.694774907750958,4.069184574477229,-1.8909869451521526,0.05889180685503769,-15.679120446140672,0.28957063063875665,M2 Korea,D1_lp,g_lp,ols,1399,1087,True,0.11264575589020132,47.0,0,1399,,,,,,,,,,,,0.13181802709946022,
R09b,T2,Extended controls: + credit access + female top manager,web,1.0977369140953313,1.406127117509924,0.7806811350308688,0.4351600315996808,-1.6612936905907416,3.856767518781404,M2 Korea,D1_lp,g_lp,ols,1399,1087,True,0.11264575589020132,582.0,0,1399,,,,,,,,,,,,0.4351600315996808,
R09b,T2,Extended controls: + credit access + female top manager,prod_innov,5.175662247346337,2.2527002992634055,2.297536982189193,0.021731089101389007,0.7567340190905849,9.59459047560209,M3 Pooled,D1_lp,g_lp,ols,1857,1439,True,0.08091159147344673,177.0,458,1399,,,,,,,,,,,,0.06519326730416702,
R09b,T2,Extended controls: + credit access + female top manager,proc_innov,-5.096856954255874,2.4607600815244757,-2.0712531028617382,0.03851303163388067,-9.923918144228201,-0.2697957642835469,M3 Pooled,D1_lp,g_lp,ols,1857,1439,True,0.08091159147344673,82.0,458,1399,,,,,,,,,,,,0.07702606326776135,
R09b,T2,Extended controls: + credit access + female top manager,web,0.8638596536809867,1.1556077432808043,0.7475370935370023,0.4548615560230844,-1.402996562942337,3.1307158703043108,M3 Pooled,D1_lp,g_lp,ols,1857,1439,True,0.08091159147344673,877.0,458,1399,,,,,,,,,,,,0.4548615560230844,
R09b,T2,Extended controls: + credit access + female top manager,Korea,0.7558515450438064,1.2670346532420607,0.596551596366958,0.5509006295293347,-1.7295812474232326,3.2412843375108453,M3 Pooled,D1_lp,g_lp,ols,1857,1439,True,0.08091159147344673,,458,1399,,,,,,,,,,,,,
R09b,T2,Extended controls: + credit access + female top manager,prod_innov,2.480789388267515,1.7690602161129239,1.4023204895299957,0.16103524869714855,-0.9894237284181622,5.951002504953193,M4 Pooled x Korea,D1_lp,g_lp,ols,1857,1439,True,0.08512743255649247,177.0,458,1399,1.2501943380096605,0.29011085337002973,,,,,,,,,,0.48310574609144563,
R09b,T2,Extended controls: + credit access + female top manager,proc_innov,-2.4354493290293733,3.0195541472651515,-0.8065592502241401,0.4200537358390074,-8.358648727750854,3.4877500696921078,M4 Pooled x Korea,D1_lp,g_lp,ols,1857,1439,True,0.08512743255649247,82.0,458,1399,1.2501943380096605,0.29011085337002973,,,,,,,,,,0.7582490811438897,
R09b,T2,Extended controls: + credit access + female top manager,web,-1.5189679491701096,1.7265284752421415,-0.8797815795983775,0.37912454057194483,-4.905750211608458,1.867814313268239,M4 Pooled x Korea,D1_lp,g_lp,ols,1857,1439,True,0.08512743255649247,877.0,458,1399,1.2501943380096605,0.29011085337002973,,,,,,,,,,0.7582490811438897,
R09b,T2,Extended controls: + credit access + female top manager,Korea,-1.3624091997961618,1.6152093583864944,-0.8434876833286392,0.39909593814555033,-4.530826334845498,1.8060079352531746,M4 Pooled x Korea,D1_lp,g_lp,ols,1857,1439,True,0.08512743255649247,,458,1399,1.2501943380096605,0.29011085337002973,,,,,,,,,,,
R09b,T2,Extended controls: + credit access + female top manager,prod_innov:Korea,4.2886563277356515,3.797439417167195,1.1293547721519397,0.258936428557822,-3.1604536320304843,11.737766287501788,M4 Pooled x Korea,D1_lp,g_lp,ols,1857,1439,True,0.08512743255649247,,458,1399,1.2501943380096605,0.29011085337002973,,,,,,,,,,,0.517872857115644
R09b,T2,Extended controls: + credit access + female top manager,proc_innov:Korea,-5.286279276341841,4.900964594668576,-1.0786201724640947,0.2809378507132293,-14.900079567549888,4.327521014866204,M4 Pooled x Korea,D1_lp,g_lp,ols,1857,1439,True,0.08512743255649247,,458,1399,1.2501943380096605,0.29011085337002973,,,,,,,,,,,0.517872857115644
R09b,T2,Extended controls: + credit access + female top manager,web:Korea,3.140622414593785,2.155527901390587,1.4570084722947396,0.14533221068348323,-1.087691086923615,7.368935916111186,M4 Pooled x Korea,D1_lp,g_lp,ols,1857,1439,True,0.08512743255649247,,458,1399,1.2501943380096605,0.29011085337002973,,,,,,,,,,,0.4359966320504497
R09b,T2,Extended controls: + credit access + female top manager,prod_innov,-1.574504409853847,1.3911978573459747,-1.1317616696575217,0.25850288334341776,-4.310582986367903,1.161574166660209,M1 Morocco,D2_emp,g_emp,ols,459,353,True,0.11880450422421651,69.0,459,0,,,,,,,,,,,,0.565120692677489,
R09b,T2,Extended controls: + credit access + female top manager,proc_innov,3.0583878739311947,2.3835242439729285,1.2831368850829827,0.20028589519709517,-1.6293059620681287,7.746081709930518,M1 Morocco,D2_emp,g_emp,ols,459,353,True,0.11880450422421651,36.0,459,0,,,,,,,,,,,,0.565120692677489,
R09b,T2,Extended controls: + credit access + female top manager,web,1.3098617940171304,0.9938597820847039,1.3179543207489348,0.18837356422582968,-0.6447692050619847,3.2644927930962453,M1 Morocco,D2_emp,g_emp,ols,459,353,True,0.11880450422421651,296.0,459,0,,,,,,,,,,,,0.565120692677489,
R09b,T2,Extended controls: + credit access + female top manager,prod_innov,1.8588294431975116,2.270112263728135,0.8188271007112281,0.41306114116506,-2.5953744569399726,6.313033343334996,M2 Korea,D2_emp,g_emp,ols,1422,1108,True,0.1117917820375397,109.0,0,1422,,,,,,,,,,,,0.41306114116506,
R09b,T2,Extended controls: + credit access + female top manager,proc_innov,-3.616757675731768,1.9542180229663941,-1.8507442021447185,0.06447237766180496,-7.451143172297815,0.21762782083427856,M2 Korea,D2_emp,g_emp,ols,1422,1108,True,0.1117917820375397,48.0,0,1422,,,,,,,,,,,,0.19341713298541485,
R09b,T2,Extended controls: + credit access + female top manager,web,1.0451858087298391,0.7846440280158826,1.3320509319019282,0.18311737385260587,-0.4943699857788686,2.584741603238547,M2 Korea,D2_emp,g_emp,ols,1422,1108,True,0.1117917820375397,585.0,0,1422,,,,,,,,,,,,0.36623474770521175,
R09b,T2,Extended controls: + credit access + female top manager,prod_innov,0.5125296252901659,1.5453249373105553,0.33166463111775024,0.7401900797451715,-2.518762833174798,3.5438220837551304,M3 Pooled,D2_emp,g_emp,ols,1881,1461,True,0.09689359011261456,178.0,459,1422,,,,,,,,,,,,1.0,
R09b,T2,Extended controls: + credit access + female top manager,proc_innov,0.017623294480465148,1.999472363109692,0.008813972528760742,0.9929687617741606,-3.904519776446687,3.9397663654076176,M3 Pooled,D2_emp,g_emp,ols,1881,1461,True,0.09689359011261456,84.0,459,1422,,,,,,,,,,,,1.0,
R09b,T2,Extended controls: + credit access + female top manager,web,0.9666645704409488,0.6180095461651297,1.5641579914732577,0.11799703189109799,-0.24561618121124107,2.1789453220931385,M3 Pooled,D2_emp,g_emp,ols,1881,1461,True,0.09689359011261456,881.0,459,1422,,,,,,,,,,,,0.35399109567329395,
R09b,T2,Extended controls: + credit access + female top manager,Korea,-1.9080789893275638,0.6879967793104593,-2.773383606882469,0.005618204603334549,-3.25764593037594,-0.5585120482791877,M3 Pooled,D2_emp,g_emp,ols,1881,1461,True,0.09689359011261456,,459,1422,,,,,,,,,,,,,
R09b,T2,Extended controls: + credit access + female top manager,prod_innov,-1.4878521994832512,1.5159646302525898,-0.9814557475759481,0.3265305400128683,-4.4615518014465145,1.4858474024800123,M4 Pooled x Korea,D2_emp,g_emp,ols,1881,1461,True,0.10323708218969685,178.0,459,1422,1.4229945314138341,0.23431068363453086,,,,,,,,,,0.528775060634536,
R09b,T2,Extended controls: + credit access + female top manager,proc_innov,2.934731292873182,2.6284866259806736,1.116509882099267,0.264387530317268,-2.221279261371831,8.090741847118196,M4 Pooled x Korea,D2_emp,g_emp,ols,1881,1461,True,0.10323708218969685,84.0,459,1422,1.4229945314138341,0.23431068363453086,,,,,,,,,,0.528775060634536,
R09b,T2,Extended controls: + credit access + female top manager,web,1.5075300536987906,1.0380770546003686,1.4522332875175135,0.14665146321913491,-0.5287505180702021,3.543810625467783,M4 Pooled x Korea,D2_emp,g_emp,ols,1881,1461,True,0.10323708218969685,881.0,459,1422,1.4229945314138341,0.23431068363453086,,,,,,,,,,0.43995438965740474,
R09b,T2,Extended controls: + credit access + female top manager,Korea,-1.451463827519481,0.957339894701397,-1.5161426318415423,0.12969961249015066,-3.329371271404077,0.42644361636511463,M4 Pooled x Korea,D2_emp,g_emp,ols,1881,1461,True,0.10323708218969685,,459,1422,1.4229945314138341,0.23431068363453086,,,,,,,,,,,
R09b,T2,Extended controls: + credit access + female top manager,prod_innov:Korea,3.3838688333272926,2.7249848047114593,1.241793652381706,0.21451201654250976,-1.9614314905834571,8.729169157238042,M4 Pooled x Korea,D2_emp,g_emp,ols,1881,1461,True,0.10323708218969685,,459,1422,1.4229945314138341,0.23431068363453086,,,,,,,,,,,0.4290240330850195
R09b,T2,Extended controls: + credit access + female top manager,proc_innov:Korea,-6.255742783922005,3.16541320620784,-1.9762799913937223,0.048310917040554,-12.464982632599163,-0.046502935244848054,M4 Pooled x Korea,D2_emp,g_emp,ols,1881,1461,True,0.10323708218969685,,459,1422,1.4229945314138341,0.23431068363453086,,,,,,,,,,,0.14493275112166198
R09b,T2,Extended controls: + credit access + female top manager,web:Korea,-0.7436411229122435,1.2905467652182327,-0.5762217557350532,0.5645540552024013,-3.275163511666788,1.7878812658423013,M4 Pooled x Korea,D2_emp,g_emp,ols,1881,1461,True,0.10323708218969685,,459,1422,1.4229945314138341,0.23431068363453086,,,,,,,,,,,0.5645540552024013
R09b,T2,Extended controls: + credit access + female top manager,prod_innov,-0.05629970809857188,0.02743236209688083,-2.052309892226648,0.041040108465253626,-0.11029225971874344,-0.00230715647840031,M1 Morocco,D3_female,female_share,ols,392,289,True,0.09500242950037607,65.0,392,0,,,,,,,,,,,,0.08208021693050725,
R09b,T2,Extended controls: + credit access + female top manager,proc_innov,0.13715754285509416,0.04048827130773645,3.3875870326152024,0.0008029631139381562,0.05746826670475361,0.2168468190054347,M1 Morocco,D3_female,female_share,ols,392,289,True,0.09500242950037607,33.0,392,0,,,,,,,,,,,,0.0024088893418144687,
R09b,T2,Extended controls: + credit access + female top manager,web,0.021238067637114437,0.03676428051661493,0.5776821234816846,0.563928548843435,-0.05112162587238111,0.09359776114660998,M1 Morocco,D3_female,female_share,ols,392,289,True,0.09500242950037607,250.0,392,0,,,,,,,,,,,,0.563928548843435,
R09b,T2,Extended controls: + credit access + female top manager,prod_innov,0.11580682526193636,0.051142155873917905,2.2644103144075105,0.023736078421000513,0.015463506756180162,0.21615014376769257,M2 Korea,D3_female,female_share,ols,1453,1140,True,0.09604897688184533,113.0,0,1453,,,,,,,,,,,,0.07120823526300155,
R09b,T2,Extended controls: + credit access + female top manager,proc_innov,0.015666073211952066,0.05976262202406636,0.2621383179212477,0.7932621642954345,-0.10159100588506584,0.13292315230896998,M2 Korea,D3_female,female_share,ols,1453,1140,True,0.09604897688184533,48.0,0,1453,,,,,,,,,,,,1.0,
R09b,T2,Extended controls: + credit access + female top manager,web,0.0040020817831162726,0.022873439185750806,0.17496633324862673,0.861137156782124,-0.04087668318714127,0.04888084675337381,M2 Korea,D3_female,female_share,ols,1453,1140,True,0.09604897688184533,590.0,0,1453,,,,,,,,,,,,1.0,
R09b,T2,Extended controls: + credit access + female top manager,prod_innov,0.048390407120619934,0.03709773798505073,1.304403172509327,0.1923061983151129,-0.02438146019866958,0.12116227443990946,M3 Pooled,D3_female,female_share,ols,1845,1429,True,0.07692168275665334,178.0,392,1453,,,,,,,,,,,,0.5769185949453387,
R09b,T2,Extended controls: + credit access + female top manager,proc_innov,0.04791969487484961,0.044019406944473975,1.0886038272913456,0.2765121843909555,-0.038429894497093636,0.13426928424679285,M3 Pooled,D3_female,female_share,ols,1845,1429,True,0.07692168275665334,81.0,392,1453,,,,,,,,,,,,0.5769185949453387,
R09b,T2,Extended controls: + credit access + female top manager,web,0.016386051302567966,0.01942710579355856,0.8434633278211253,0.39911053038415367,-0.021722654025404898,0.05449475663054083,M3 Pooled,D3_female,female_share,ols,1845,1429,True,0.07692168275665334,840.0,392,1453,,,,,,,,,,,,0.5769185949453387,
R09b,T2,Extended controls: + credit access + female top manager,Korea,0.07446777958085275,0.023796627673532602,3.129341711879549,0.0017874175050186297,0.027787708887521516,0.12114785027418398,M3 Pooled,D3_female,female_share,ols,1845,1429,True,0.07692168275665334,,392,1453,,,,,,,,,,,,,
R09b,T2,Extended controls: + credit access + female top manager,prod_innov,-0.06812617156480025,0.03081217788835216,-2.211014483028601,0.027192683127972045,-0.12856812417153526,-0.007684218958065231,M4 Pooled x Korea,D3_female,female_share,ols,1845,1429,True,0.08452919500604905,178.0,392,1453,3.2010153093253617,0.022554249053981405,,,,,,,,,,0.08157804938391613,
R09b,T2,Extended controls: + credit access + female top manager,proc_innov,0.09839172741819854,0.046581115959807566,2.112266427946803,0.03483671209787844,0.007017024422087542,0.18976643041430954,M4 Pooled x Korea,D3_female,female_share,ols,1845,1429,True,0.08452919500604905,81.0,392,1453,3.2010153093253617,0.022554249053981405,,,,,,,,,,0.08157804938391613,
R09b,T2,Extended controls: + credit access + female top manager,web,0.03484798039878957,0.03438531079014479,1.0134554435604342,0.31101422945085305,-0.032603120678081896,0.10229908147566104,M4 Pooled x Korea,D3_female,female_share,ols,1845,1429,True,0.08452919500604905,840.0,392,1453,3.2010153093253617,0.022554249053981405,,,,,,,,,,0.31101422945085305,
R09b,T2,Extended controls: + credit access + female top manager,Korea,0.07632244201955046,0.03479832994272787,2.193278877037036,0.02844794504471082,0.008061152057733695,0.14458373198136723,M4 Pooled x Korea,D3_female,female_share,ols,1845,1429,True,0.08452919500604905,,392,1453,3.2010153093253617,0.022554249053981405,,,,,,,,,,,
R09b,T2,Extended controls: + credit access + female top manager,prod_innov:Korea,0.18168589534307736,0.05972867720389811,3.0418536597227686,0.002394089421227615,0.06452060148094806,0.29885118920520665,M4 Pooled x Korea,D3_female,female_share,ols,1845,1429,True,0.08452919500604905,,392,1453,3.2010153093253617,0.022554249053981405,,,,,,,,,,,0.007182268263682845
R09b,T2,Extended controls: + credit access + female top manager,proc_innov:Korea,-0.08101383103710608,0.0770984140346297,-1.0507846633617874,0.2935351640996814,-0.23225204289025525,0.0702243808160431,M4 Pooled x Korea,D3_female,female_share,ols,1845,1429,True,0.08452919500604905,,392,1453,3.2010153093253617,0.022554249053981405,,,,,,,,,,,0.5870703281993628
R09b,T2,Extended controls: + credit access + female top manager,web:Korea,-0.026633645465301985,0.04099712295692895,-0.649646695776261,0.5160248717094272,-0.10705464562160444,0.05378735469100046,M4 Pooled x Korea,D3_female,female_share,ols,1845,1429,True,0.08452919500604905,,392,1453,3.2010153093253617,0.022554249053981405,,,,,,,,,,,0.5870703281993628
R09b,T2,Extended controls: + credit access + female top manager,prod_innov,0.00045761536764626844,0.045600619549052056,0.010035288383615422,0.9920002789894246,-0.08930595018563302,0.09022118092092556,M1 Morocco,D3_lowskill,lowskill_prod_share,ols,379,280,True,0.16395988594043687,66.0,379,0,,,,,,,,,,,,0.9920002789894246,
R09b,T2,Extended controls: + credit access + female top manager,proc_innov,-0.03843551060721027,0.04340074338430968,-0.8855956744074007,0.376595352284628,-0.12386868042736723,0.046997659212946706,M1 Morocco,D3_lowskill,lowskill_prod_share,ols,379,280,True,0.16395988594043687,34.0,379,0,,,,,,,,,,,,0.753190704569256,
R09b,T2,Extended controls: + credit access + female top manager,web,-0.059120559661934184,0.04182507177282207,-1.413519622466033,0.15861376891713455,-0.14145206324626147,0.02321094392239311,M1 Morocco,D3_lowskill,lowskill_prod_share,ols,379,280,True,0.16395988594043687,239.0,379,0,,,,,,,,,,,,0.4758413067514037,
R09b,T2,Extended controls: + credit access + female top manager,prod_innov,0.03804191278839782,0.0573148941282142,0.6637352012427615,0.5069951963447119,-0.07441366658642926,0.1504974921632249,M2 Korea,D3_lowskill,lowskill_prod_share,ols,1443,1130,True,0.13336205471603624,111.0,0,1443,,,,,,,,,,,,1.0,
R09b,T2,Extended controls: + credit access + female top manager,proc_innov,0.0063406163463361614,0.07798271508193275,0.08130797112763227,0.9352114332824097,-0.14666658255283854,0.1593478152455109,M2 Korea,D3_lowskill,lowskill_prod_share,ols,1443,1130,True,0.13336205471603624,45.0,0,1443,,,,,,,,,,,,1.0,
R09b,T2,Extended controls: + credit access + female top manager,web,0.04451839794743247,0.02331547282099417,1.9093928863988703,0.05646446889899959,-0.0012280880988923132,0.09026488399375725,M2 Korea,D3_lowskill,lowskill_prod_share,ols,1443,1130,True,0.13336205471603624,582.0,0,1443,,,,,,,,,,,,0.16939340669699876,
R09b,T2,Extended controls: + credit access + female top manager,prod_innov,0.028711851806935116,0.041255960328581504,0.6959443333341578,0.4865783850446894,-0.052217814773248133,0.10964151838711836,M3 Pooled,D3_lowskill,lowskill_prod_share,ols,1822,1410,True,0.1483206191994294,177.0,379,1443,,,,,,,,,,,,0.9731567700893788,
R09b,T2,Extended controls: + credit access + female top manager,proc_innov,-0.02610971705355815,0.044523869173443475,-0.5864206668977332,0.557686725163958,-0.11344987004886163,0.061230435941745334,M3 Pooled,D3_lowskill,lowskill_prod_share,ols,1822,1410,True,0.1483206191994294,79.0,379,1443,,,,,,,,,,,,0.9731567700893788,
R09b,T2,Extended controls: + credit access + female top manager,web,0.0236109966399596,0.02051921510284689,1.1506773783312865,0.2500600891957394,-0.01664047789934501,0.06386247117926422,M3 Pooled,D3_lowskill,lowskill_prod_share,ols,1822,1410,True,0.1483206191994294,821.0,379,1443,,,,,,,,,,,,0.7501802675872182,
R09b,T2,Extended controls: + credit access + female top manager,Korea,-0.1357066371757646,0.025456978455808684,-5.330822643046215,1.1371951617247301e-07,-0.18564426466422745,-0.08576900968730172,M3 Pooled,D3_lowskill,lowskill_prod_share,ols,1822,1410,True,0.1483206191994294,,379,1443,,,,,,,,,,,,,
R09b,T2,Extended controls: + credit access + female top manager,prod_innov,0.0028462948765773516,0.046237740105241794,0.06155782852057422,0.9509236853758519,-0.0878558693764259,0.0935484591295806,M4 Pooled x Korea,D3_lowskill,lowskill_prod_share,ols,1822,1410,True,0.1558135486019233,177.0,379,1443,2.0142227020136256,0.11006879902484913,,,,,,,,,,0.9509236853758519,
R09b,T2,Extended controls: + credit access + female top manager,proc_innov,-0.04130346411663154,0.04201158289504878,-0.9831446775003403,0.32570490262852336,-0.1237153960925931,0.04110846785933001,M4 Pooled x Korea,D3_lowskill,lowskill_prod_share,ols,1822,1410,True,0.1558135486019233,79.0,379,1443,2.0142227020136256,0.11006879902484913,,,,,,,,,,0.6514098052570467,
R09b,T2,Extended controls: + credit access + female top manager,web,-0.05290423370938711,0.04028654824963789,-1.3131984746263943,0.1893297401777872,-0.13193225515265283,0.02612378773387862,M4 Pooled x Korea,D3_lowskill,lowskill_prod_share,ols,1822,1410,True,0.1558135486019233,821.0,379,1443,2.0142227020136256,0.11006879902484913,,,,,,,,,,0.5679892205333616,
R09b,T2,Extended controls: + credit access + female top manager,Korea,-0.20228702502036708,0.037757654253638556,-5.357510391442643,9.843026844077704e-08,-0.2763542469504758,-0.12821980309025838,M4 Pooled x Korea,D3_lowskill,lowskill_prod_share,ols,1822,1410,True,0.1558135486019233,,379,1443,2.0142227020136256,0.11006879902484913,,,,,,,,,,,
R09b,T2,Extended controls: + credit access + female top manager,prod_innov:Korea,0.03582649515667564,0.07426519677949095,0.4824129836086218,0.6295874791817211,-0.10985566969920063,0.1815086600125519,M4 Pooled x Korea,D3_lowskill,lowskill_prod_share,ols,1822,1410,True,0.1558135486019233,,379,1443,2.0142227020136256,0.11006879902484913,,,,,,,,,,,1.0
R09b,T2,Extended controls: + credit access + female top manager,proc_innov:Korea,0.052292677688142615,0.09048694252745365,0.5779030236575522,0.5634218700888725,-0.12521084011347092,0.22979619548975613,M4 Pooled x Korea,D3_lowskill,lowskill_prod_share,ols,1822,1410,True,0.1558135486019233,,379,1443,2.0142227020136256,0.11006879902484913,,,,,,,,,,,1.0
R09b,T2,Extended controls: + credit access + female top manager,web:Korea,0.09704437808005445,0.045661169062300326,2.1253152311463297,0.0337337740131315,0.007473243183619471,0.18661551297648943,M4 Pooled x Korea,D3_lowskill,lowskill_prod_share,ols,1822,1410,True,0.1558135486019233,,379,1443,2.0142227020136256,0.11006879902484913,,,,,,,,,,,0.1012013220393945
R09b,T2,Extended controls: + credit access + female top manager,prod_innov,-0.6236131456346937,1.1812325111888944,-0.5279342887430651,0.5978692940875664,-2.9465743100879616,1.699348018818574,M1 Morocco,D4_energy,env_energy_mgmt,logit,466,361,True,0.18395588806229668,71.0,466,0,,,-0.04653037220177831,0.07392701514560704,0.5294790529013306,-0.1919120676432204,0.09885132323966381,0.5360042731573131,23.0,56.0,False,0.5978692940875664,
R09b,T2,Extended controls: + credit access + female top manager,proc_innov,1.5317720395727208,1.055000351515791,1.4519161414230044,0.14739343817850373,-0.5429463768625902,3.6064904560080318,M1 Morocco,D4_energy,env_energy_mgmt,logit,466,361,True,0.18395588806229668,37.0,466,0,,,0.18863234269150234,0.15776852618065237,0.23262684990782595,-0.12162847033151272,0.4988931557145174,4.626367669492041,10.0,69.0,False,0.29478687635700745,
R09b,T2,Extended controls: + credit access + female top manager,web,1.3683031769899885,0.46276439683123916,2.9568030435344426,0.0033129560405811293,0.4582505735032685,2.2783557804767085,M1 Morocco,D4_energy,env_energy_mgmt,logit,466,361,True,0.18395588806229668,298.0,466,0,,,0.09344782711635242,0.036428287758713644,0.010713326072621042,0.021809519713307968,0.16508613451939688,3.9286787640021754,43.0,36.0,False,0.009938868121743388,
R09b,T2,Extended controls: + credit access + female top manager,prod_innov,0.2510642921288215,0.46263706003400085,0.5426808913889646,0.587456262771818,-0.6566573692571454,1.1587859535147884,M2 Korea,D4_energy,env_energy_mgmt,logit,1447,1133,True,0.17150331143378328,113.0,0,1447,,,0.023878267469764177,0.04675366590356554,0.6096431047197989,-0.06785522938141746,0.11561176432094582,1.28539272230917,48.0,195.0,False,0.8101230635745081,
R09b,T2,Extended controls: + credit access + female top manager,proc_innov,0.552566028779664,0.6634028368219553,0.8329268403896835,0.40506153178725407,-0.7490701288682601,1.854202186427588,M2 Korea,D4_energy,env_energy_mgmt,logit,1447,1133,True,0.17150331143378328,47.0,0,1447,,,0.05763085495613489,0.07950008144444688,0.4686534460681543,-0.0983530733607393,0.2136147832730091,1.737706306183116,21.0,222.0,False,0.8101230635745081,
R09b,T2,Extended controls: + credit access + female top manager,web,0.6184775500643723,0.29857684746260943,2.0714183143146214,0.03854564321528995,0.032651866297867205,1.2043032338308775,M2 Korea,D4_energy,env_energy_mgmt,logit,1447,1133,True,0.17150331143378328,587.0,0,1447,,,0.05896054048646983,0.03043917572187597,0.052994260585551296,-0.0007629480629559246,0.11868402903589559,1.8561000702375288,153.0,90.0,False,0.11563692964586986,
R09b,T2,Extended controls: + credit access + female top manager,prod_innov,-0.04794222460477097,0.47385719042974916,-0.10117441620183361,0.9194255811486576,-0.9774382727766638,0.881553823567122,M3 Pooled,D4_energy,env_energy_mgmt,logit,1913,1494,True,0.15857802359883533,184.0,466,1447,,,-0.004233561824075989,0.04133006086705793,0.9184267433364954,-0.08530467148011792,0.07683754783196595,0.9531888563495684,71.0,251.0,False,0.9194255811486576,
R09b,T2,Extended controls: + credit access + female top manager,proc_innov,0.9642107428923711,0.6416353050515956,1.5027395395813457,0.13311755633949413,-0.2943909887224686,2.2228124745072106,M3 Pooled,D4_energy,env_energy_mgmt,logit,1913,1494,True,0.15857802359883533,84.0,466,1447,,,0.11253398256618083,0.09250121128094382,0.22396091040720273,-0.0689120566060312,0.2939800217383929,2.6227168414709134,31.0,291.0,False,0.26623511267898825,
R09b,T2,Extended controls: + credit access + female top manager,web,0.7062646412218242,0.26171076764577456,2.698645713262181,0.0070406623833014145,0.1929050695961112,1.2196242128475372,M3 Pooled,D4_energy,env_energy_mgmt,logit,1913,1494,True,0.15857802359883533,885.0,466,1447,,,0.06530534300242881,0.025701416606312984,0.01115642725707711,0.014890649186509904,0.11572003681834772,2.026407743935824,196.0,126.0,False,0.021121987149904244,
R09b,T2,Extended controls: + credit access + female top manager,Korea,-0.1125436027528257,0.3031237923811607,-0.3712793438903291,0.710482124400242,-0.7071370220689707,0.48204981656331924,M3 Pooled,D4_energy,env_energy_mgmt,logit,1913,1494,True,0.15857802359883533,,466,1447,,,,,,,,0.8935583846537053,,,,,
R09b,T2,Extended controls: + credit access + female top manager,prod_innov,-0.8479183114399699,1.1690875827094451,-0.7252821122903879,0.4683925612400371,-3.1411457015524795,1.44530907867254,M4 Pooled x Korea,D4_energy,env_energy_mgmt,logit,1913,1494,True,0.16196213613754395,184.0,466,1447,0.7052282973232739,0.5489051749763316,-0.060751550103818996,0.06552345429655984,0.35398669268391014,-0.18927928601511607,0.06777618580747807,0.42830560345165125,71.0,251.0,False,0.4683925612400371,
R09b,T2,Extended controls: + credit access + female top manager,proc_innov,1.5508301835975045,1.0942314807851448,1.417277980784044,0.15661017365654328,-0.595562986573998,3.697223353769007,M4 Pooled x Korea,D4_energy,env_energy_mgmt,logit,1913,1494,True,0.16196213613754395,84.0,466,1447,0.7052282973232739,0.5489051749763316,0.20626618899111668,0.189031731127521,0.2753730170192624,-0.16452959212338616,0.5770619701056195,4.7153831918897895,31.0,291.0,False,0.31322034731308657,
R09b,T2,Extended controls: + credit access + female top manager,web,1.1729948814806013,0.4369085765772215,2.6847604839207824,0.007338448688008662,0.3159755019231636,2.0300142610380387,M4 Pooled x Korea,D4_energy,env_energy_mgmt,logit,1913,1494,True,0.16196213613754395,885.0,466,1447,0.7052282973232739,0.5489051749763316,0.11230696481949001,0.049197574325658376,0.022583614458903997,0.015803309627785367,0.20881062001119466,3.2316565885815343,196.0,126.0,False,0.022015346064025988,
R09b,T2,Extended controls: + credit access + female top manager,Korea,0.29582030192328007,0.3565717361265616,0.8296235285970102,0.40688420564052097,-0.40361409796173303,0.9952547018082931,M4 Pooled x Korea,D4_energy,env_energy_mgmt,logit,1913,1494,True,0.16196213613754395,,466,1447,0.7052282973232739,0.5489051749763316,,,,,,1.3442285798367735,,,,,
R09b,T2,Extended controls: + credit access + female top manager,prod_innov:Korea,1.1230945387547508,1.2483176790175112,0.8996864801583863,0.36843210750682454,-1.3255468936092585,3.57173597111876,M4 Pooled x Korea,D4_energy,env_energy_mgmt,logit,1913,1494,True,0.16196213613754395,,466,1447,0.7052282973232739,0.5489051749763316,,,,,,3.0743532033342973,,,,,0.8126103334933266
R09b,T2,Extended controls: + credit access + female top manager,proc_innov:Korea,-0.9625237840833039,1.2981303446880401,-0.7414692892912942,0.4585254796332096,-3.5088754059828426,1.5838278378162352,M4 Pooled x Korea,D4_energy,env_energy_mgmt,logit,1913,1494,True,0.16196213613754395,,466,1447,0.7052282973232739,0.5489051749763316,,,,,,0.3819277653941349,,,,,0.8126103334933266
R09b,T2,Extended controls: + credit access + female top manager,web:Korea,-0.555311890274455,0.5041558216200308,-1.101468765133053,0.2708701111644422,-1.544240312851901,0.43361653230299113,M4 Pooled x Korea,D4_energy,env_energy_mgmt,logit,1913,1494,True,0.16196213613754395,,466,1447,0.7052282973232739,0.5489051749763316,,,,,,0.5738932415600274,,,,,0.8126103334933266
R09b,T2,Extended controls: + credit access + female top manager,prod_innov,1.9087237683242384,1.0587232246140879,1.8028543475278742,0.0722449158240949,-0.17331589058079344,3.99076342722927,M1 Morocco,D4_co2,env_co2_monitor,logit,467,361,True,0.3236966403032263,71.0,467,0,,,0.12649823724873693,0.1042067543736687,0.22557339524665843,-0.0784302939175063,0.3314267684149802,6.744475789963598,8.0,29.0,False,0.1444898316481898,
R09b,T2,Extended controls: + credit access + female top manager,proc_innov,-6.97310759570553,1.5371189628374353,-4.536478805019466,7.797644378069466e-06,-9.995939783267165,-3.950275408143896,M1 Morocco,D4_co2,env_co2_monitor,logit,467,361,True,0.3236966403032263,37.0,467,0,,,-0.08243198195246257,0.020433612530243773,6.691501627648075e-05,-0.12261584745534107,-0.04224811644958407,0.0009367373769899998,1.0,36.0,True,2.33929331342084e-05,
R09b,T2,Extended controls: + credit access + female top manager,web,-0.3561036482809277,0.72708713662616,-0.4897674987530723,0.6245959183779969,-1.785962008559334,1.0737547119974786,M1 Morocco,D4_co2,env_co2_monitor,logit,467,361,True,0.3236966403032263,299.0,467,0,,,-0.01576238432694428,0.03396791644359574,0.6429006284190918,-0.08256223108738309,0.051037462433494524,0.7004000212147748,23.0,14.0,False,0.6245959183779969,
R09b,T2,Extended controls: + credit access + female top manager,prod_innov,-0.30227336783366765,0.42810939287673594,-0.706065722600719,0.4802901525898059,-1.1422356279847705,0.5376888923174352,M2 Korea,D4_co2,env_co2_monitor,logit,1465,1151,True,0.18922946991837086,113.0,0,1465,,,-0.015399535032628843,0.020094688147741215,0.44362607863125486,-0.054825859132152016,0.02402678906689433,0.7391359812672245,29.0,144.0,False,0.9605803051796118,
R09b,T2,Extended controls: + credit access + female top manager,proc_innov,-0.6042114318136395,0.5471408668670208,-1.1043068949928927,0.26969083462495386,-1.6777166779061519,0.46929381427887285,M2 Korea,D4_co2,env_co2_monitor,logit,1465,1151,True,0.18922946991837086,48.0,0,1465,,,-0.02739202270094366,0.020218617348826136,0.17574966213064516,-0.06706149926003453,0.012277453858147214,0.5465052133899824,11.0,162.0,False,0.8090725038748616,
R09b,T2,Extended controls: + credit access + female top manager,web,-0.216784342703731,0.3360504229397069,-0.645094687896363,0.5189943855150716,-0.8761244026833147,0.44255571727585263,M2 Korea,D4_co2,env_co2_monitor,logit,1465,1151,True,0.18922946991837086,595.0,0,1465,,,-0.011851813158575053,0.018042427698413587,0.5113857153527517,-0.047251546498543726,0.023547920181393622,0.8051035770450827,106.0,67.0,False,0.9605803051796118,
R09b,T2,Extended controls: + credit access + female top manager,prod_innov,0.6390648716243742,0.4974451708255029,1.2846940911374323,0.19909598418358665,-0.3366908347921471,1.6148205780408955,M3 Pooled,D4_co2,env_co2_monitor,logit,1932,1512,True,0.17589925268759954,184.0,467,1465,,,0.042731006342013544,0.04031006863614507,0.28928756757246643,-0.036338571180445936,0.12180058386447302,1.8947082551656222,37.0,173.0,False,0.3981919683671733,
R09b,T2,Extended controls: + credit access + female top manager,proc_innov,-1.996207535531444,0.771056270505686,-2.588925882442095,0.00971994493666109,-3.508660766639567,-0.4837543044233208,M3 Pooled,D4_co2,env_co2_monitor,logit,1932,1512,True,0.17589925268759954,85.0,467,1465,,,-0.05686250742443458,0.0128891140052344,1.0983619626377107e-05,-0.08214494512583963,-0.03158006972302953,0.1358495119703936,12.0,198.0,False,0.02915983480998327,
R09b,T2,Extended controls: + credit access + female top manager,web,-0.1794212125140034,0.29031811923635886,-0.6180158957558204,0.5366579348617471,-0.7488901271501451,0.3900477021221383,M3 Pooled,D4_co2,env_co2_monitor,logit,1932,1512,True,0.17589925268759954,894.0,467,1465,,,-0.009720043711679732,0.015721378065398337,0.5364910256140254,-0.04055806418052273,0.021117976757163266,0.8357537952897114,129.0,81.0,False,0.5366579348617471,
R09b,T2,Extended controls: + credit access + female top manager,Korea,-0.13026818137334117,0.4330483195948782,-0.30081673448175156,0.7635956052646342,-0.979707262865626,0.7191709001189437,M3 Pooled,D4_co2,env_co2_monitor,logit,1932,1512,True,0.17589925268759954,,467,1465,,,,,,,,0.8778599736560099,,,,,
R09b,T2,Extended controls: + credit access + female top manager,prod_innov,2.1597333959691714,0.8982984029822667,2.4042493995303325,0.01632536374366596,0.3976903725738028,3.92177641936454,M4 Pooled x Korea,D4_co2,env_co2_monitor,logit,1932,1512,True,0.19043316788270215,184.0,467,1465,4.265321223876701,0.005218563608788676,0.22393202219933883,0.1403107309526636,0.11070397893285289,-0.0512922727140811,0.49915631711275876,8.668826206346756,37.0,173.0,False,0.03265072748733192,
R09b,T2,Extended controls: + credit access + female top manager,proc_innov,-5.784639281231436,1.3780735574077787,-4.197627369117084,2.8543814538572487e-05,-8.487777669872152,-3.0815008925907197,M4 Pooled x Korea,D4_co2,env_co2_monitor,logit,1932,1512,True,0.19043316788270215,85.0,467,1465,4.265321223876701,0.005218563608788676,-0.07980927690921437,0.009605006108963395,2.1180667476426814e-16,-0.09864982471357571,-0.06096872910485303,0.003074419176575095,12.0,198.0,False,8.563144361571746e-05,
R09b,T2,Extended controls: + credit access + female top manager,web,0.26294955427696753,0.9347639039224469,0.2813005007719931,0.7785184165720876,-1.570621795688887,2.096520904242822,M4 Pooled x Korea,D4_co2,env_co2_monitor,logit,1932,1512,True,0.19043316788270215,894.0,467,1465,4.265321223876701,0.005218563608788676,0.014505468843443892,0.05263752691391554,0.7829138853597631,-0.08874483947229045,0.11775577715917823,1.300761099462472,129.0,81.0,False,0.7785184165720876,
R09b,T2,Extended controls: + credit access + female top manager,Korea,0.5164536615395876,1.0523028855551404,0.4907842301193857,0.6236502840041286,-1.5476744186567808,2.580581741735956,M4 Pooled x Korea,D4_co2,env_co2_monitor,logit,1932,1512,True,0.19043316788270215,,467,1465,4.265321223876701,0.005218563608788676,,,,,,1.6760731748853481,,,,,
R09b,T2,Extended controls: + credit access + female top manager,prod_innov:Korea,-2.4134795775280145,1.0055922733287863,-2.4000577983149523,0.01651277413642027,-4.385983195164141,-0.44097595989188765,M4 Pooled x Korea,D4_co2,env_co2_monitor,logit,1932,1512,True,0.19043316788270215,,467,1465,4.265321223876701,0.005218563608788676,,,,,,0.08950331837902752,,,,,0.03302554827284054
R09b,T2,Extended controls: + credit access + female top manager,proc_innov:Korea,4.990597314260667,1.4510486628069343,3.43930389254263,0.0005990626462308277,2.1443157619193003,7.836878866602035,M4 Pooled x Korea,D4_co2,env_co2_monitor,logit,1932,1512,True,0.19043316788270215,,467,1465,4.265321223876701,0.005218563608788676,,,,,,147.02421693438643,,,,,0.0017971879386924831
R09b,T2,Extended controls: + credit access + female top manager,web:Korea,-0.5102947027442334,1.0112004547817806,-0.5046424774940951,0.6138835046915299,-2.4937989600012,1.4732095545127333,M4 Pooled x Korea,D4_co2,env_co2_monitor,logit,1932,1512,True,0.19043316788270215,,467,1465,4.265321223876701,0.005218563608788676,,,,,,0.6003186371911612,,,,,0.6138835046915299
R09c,T2,Extended controls: + manager experience + R&D dummy (R&D is a possible mediator),prod_innov,0.6779468139744945,1.1584028145876952,0.5852427199219064,0.5587441846113544,-1.5999931801764897,2.9558868081254785,M1 Morocco,D1_sales,g_sales,ols,474,367,True,0.048275299512775094,69.0,474,0,,,,,,,,,,,,1.0,
R09c,T2,Extended controls: + manager experience + R&D dummy (R&D is a possible mediator),proc_innov,1.0968321053530048,1.5687853394497624,0.6991600939729007,0.484894842819546,-1.9881041723979045,4.181768383103914,M1 Morocco,D1_sales,g_sales,ols,474,367,True,0.048275299512775094,36.0,474,0,,,,,,,,,,,,1.0,
R09c,T2,Extended controls: + manager experience + R&D dummy (R&D is a possible mediator),web,0.22138446842661727,1.2463462898413804,0.177626772134727,0.8591140941767355,-2.2294918799720036,2.6722608168252378,M1 Morocco,D1_sales,g_sales,ols,474,367,True,0.048275299512775094,300.0,474,0,,,,,,,,,,,,1.0,
R09c,T2,Extended controls: + manager experience + R&D dummy (R&D is a possible mediator),prod_innov,9.036706249465757,3.334211687694462,2.7102976942998036,0.006826848443277127,2.4945730458529427,15.578839453078572,M2 Korea,D1_sales,g_sales,ols,1411,1100,True,0.07653321601906415,109.0,0,1411,,,,,,,,,,,,0.02048054532983138,
R09c,T2,Extended controls: + manager experience + R&D dummy (R&D is a possible mediator),proc_innov,-11.010360575270438,4.352350734359171,-2.5297502998437866,0.011553093561935006,-19.550207747574213,-2.470513402966663,M2 Korea,D1_sales,g_sales,ols,1411,1100,True,0.07653321601906415,47.0,0,1411,,,,,,,,,,,,0.02310618712387001,
R09c,T2,Extended controls: + manager experience + R&D dummy (R&D is a possible mediator),web,2.004349466935627,1.1867365226893305,1.6889591148618714,0.09151067081022192,-0.3241734752877501,4.332872409159004,M2 Korea,D1_sales,g_sales,ols,1411,1100,True,0.07653321601906415,586.0,0,1411,,,,,,,,,,,,0.09151067081022192,
R09c,T2,Extended controls: + manager experience + R&D dummy (R&D is a possible mediator),prod_innov,5.8370208354293505,2.255574645136723,2.587819848043883,0.009753911226096914,1.4125253389603412,10.26151633189836,M3 Pooled,D1_sales,g_sales,ols,1885,1467,True,0.06657762259710287,178.0,474,1411,,,,,,,,,,,,0.02926173367829074,
R09c,T2,Extended controls: + manager experience + R&D dummy (R&D is a possible mediator),proc_innov,-5.032392641511621,2.388150810238738,-2.1072340238883593,0.03526665210616483,-9.716947208381043,-0.3478380746421985,M3 Pooled,D1_sales,g_sales,ols,1885,1467,True,0.06657762259710287,83.0,474,1411,,,,,,,,,,,,0.07053330421232966,
R09c,T2,Extended controls: + manager experience + R&D dummy (R&D is a possible mediator),web,1.7818056525656036,0.9479242101185373,1.879692103594221,0.06034810363635226,-0.07762578221592409,3.6412370873471316,M3 Pooled,D1_sales,g_sales,ols,1885,1467,True,0.06657762259710287,886.0,474,1411,,,,,,,,,,,,0.07053330421232966,
R09c,T2,Extended controls: + manager experience + R&D dummy (R&D is a possible mediator),Korea,-1.41293531324547,0.9992409564237191,-1.4140086073957197,0.1575715534581205,-3.373028773737504,0.5471581472465641,M3 Pooled,D1_sales,g_sales,ols,1885,1467,True,0.06657762259710287,,474,1411,,,,,,,,,,,,,
R09c,T2,Extended controls: + manager experience + R&D dummy (R&D is a possible mediator),prod_innov,1.0454438461290925,1.1421886795014011,0.9152987285651083,0.3601852497248768,-1.1950533502141953,3.2859410424723805,M4 Pooled x Korea,D1_sales,g_sales,ols,1885,1467,True,0.07960747059432505,178.0,474,1411,3.457693879745739,0.015885764366390505,,,,,,,,,,1.0,
R09c,T2,Extended controls: + manager experience + R&D dummy (R&D is a possible mediator),proc_innov,0.5977744468157951,1.516638714757181,0.3941442619124363,0.6935318194040386,-2.3772373434975957,3.5727862371291863,M4 Pooled x Korea,D1_sales,g_sales,ols,1885,1467,True,0.07960747059432505,83.0,474,1411,3.457693879745739,0.015885764366390505,,,,,,,,,,1.0,
R09c,T2,Extended controls: + manager experience + R&D dummy (R&D is a possible mediator),web,0.23448787187952483,1.202269971113747,0.19503761843298995,0.8453905053126967,-2.123863727878886,2.5928394716379355,M4 Pooled x Korea,D1_sales,g_sales,ols,1885,1467,True,0.07960747059432505,886.0,474,1411,3.457693879745739,0.015885764366390505,,,,,,,,,,1.0,
R09c,T2,Extended controls: + manager experience + R&D dummy (R&D is a possible mediator),Korea,-2.815010226520164,1.1578953286435918,-2.431143953070255,0.015170340177937839,-5.086317309179597,-0.5437031438607312,M4 Pooled x Korea,D1_sales,g_sales,ols,1885,1467,True,0.07960747059432505,,474,1411,3.457693879745739,0.015885764366390505,,,,,,,,,,,
R09c,T2,Extended controls: + manager experience + R&D dummy (R&D is a possible mediator),prod_innov:Korea,7.773479433572802,3.4422815332452124,2.25823465004164,0.024077430614381126,1.0211606068559478,14.525798260289655,M4 Pooled x Korea,D1_sales,g_sales,ols,1885,1467,True,0.07960747059432505,,474,1411,3.457693879745739,0.015885764366390505,,,,,,,,,,,0.04815486122876225
R09c,T2,Extended controls: + manager experience + R&D dummy (R&D is a possible mediator),proc_innov:Korea,-11.688029477138484,4.476314364962308,-2.6110832538091637,0.00911759906869773,-20.468688894133635,-2.9073700601433305,M4 Pooled x Korea,D1_sales,g_sales,ols,1885,1467,True,0.07960747059432505,,474,1411,3.457693879745739,0.015885764366390505,,,,,,,,,,,0.02735279720609319
R09c,T2,Extended controls: + manager experience + R&D dummy (R&D is a possible mediator),web:Korea,1.9894186045852034,1.6504574304485535,1.2053740786543816,0.2282533152959733,-1.248089621479644,5.226926830650051,M4 Pooled x Korea,D1_sales,g_sales,ols,1885,1467,True,0.07960747059432505,,474,1411,3.457693879745739,0.015885764366390505,,,,,,,,,,,0.2282533152959733
R09c,T2,Extended controls: + manager experience + R&D dummy (R&D is a possible mediator),prod_innov,2.3291186965553154,2.3011700713340524,1.0121453974955708,0.3121353597060392,-2.1960147655045508,6.854252158615182,M1 Morocco,D1_lp,g_lp,ols,474,367,True,0.04199029765446094,69.0,474,0,,,,,,,,,,,,0.9364060791181175,
R09c,T2,Extended controls: + manager experience + R&D dummy (R&D is a possible mediator),proc_innov,-2.0352583657107752,3.056963152233964,-0.6657778534960264,0.5059713357705184,-8.046620335336275,3.9761036039147246,M1 Morocco,D1_lp,g_lp,ols,474,367,True,0.04199029765446094,36.0,474,0,,,,,,,,,,,,0.9364060791181175,
R09c,T2,Extended controls: + manager experience + R&D dummy (R&D is a possible mediator),web,-1.4355617098949276,1.7474484266101051,-0.8215187859247954,0.4118841785463584,-4.871829827137166,2.0007064073473106,M1 Morocco,D1_lp,g_lp,ols,474,367,True,0.04199029765446094,300.0,474,0,,,,,,,,,,,,0.9364060791181175,
R09c,T2,Extended controls: + manager experience + R&D dummy (R&D is a possible mediator),prod_innov,6.941364154577054,3.524598380336598,1.969405704009362,0.049157163831682844,0.0256688558948035,13.857059453259305,M2 Korea,D1_lp,g_lp,ols,1411,1100,True,0.10902279539068938,109.0,0,1411,,,,,,,,,,,,0.14747149149504854,
R09c,T2,Extended controls: + manager experience + R&D dummy (R&D is a possible mediator),proc_innov,-7.520645872787586,3.9869217583505434,-1.886328934606182,0.05951387093813701,-15.34347647222901,0.3021847266538389,M2 Korea,D1_lp,g_lp,ols,1411,1100,True,0.10902279539068938,47.0,0,1411,,,,,,,,,,,,0.14747149149504854,
R09c,T2,Extended controls: + manager experience + R&D dummy (R&D is a possible mediator),web,0.7277456008861237,1.3943003236144158,0.5219432202379498,0.6018149455734262,-2.0080430344279785,3.4635342362002257,M2 Korea,D1_lp,g_lp,ols,1411,1100,True,0.10902279539068938,586.0,0,1411,,,,,,,,,,,,0.6018149455734262,
R09c,T2,Extended controls: + manager experience + R&D dummy (R&D is a possible mediator),prod_innov,5.09882657845944,2.3576737824812004,2.1626514305526476,0.030729147525009923,0.47405521244738136,9.7235979444715,M3 Pooled,D1_lp,g_lp,ols,1885,1467,True,0.07835275032193045,178.0,474,1411,,,,,,,,,,,,0.09218744257502977,
R09c,T2,Extended controls: + manager experience + R&D dummy (R&D is a possible mediator),proc_innov,-4.963866711845669,2.4738143402894157,-2.0065639652104763,0.04497934142187004,-9.816457350470937,-0.11127607322040056,M3 Pooled,D1_lp,g_lp,ols,1885,1467,True,0.07835275032193045,83.0,474,1411,,,,,,,,,,,,0.09218744257502977,
R09c,T2,Extended controls: + manager experience + R&D dummy (R&D is a possible mediator),web,0.6335648088446117,1.1334888379142167,0.5589510788747267,0.5762804195267994,-1.5898669314715457,2.856996549160769,M3 Pooled,D1_lp,g_lp,ols,1885,1467,True,0.07835275032193045,886.0,474,1411,,,,,,,,,,,,0.5762804195267994,
R09c,T2,Extended controls: + manager experience + R&D dummy (R&D is a possible mediator),Korea,0.21664783197827023,1.1911504080126591,0.18188117178226898,0.8557011083579229,-2.1198918286498865,2.553187492606427,M3 Pooled,D1_lp,g_lp,ols,1885,1467,True,0.07835275032193045,,474,1411,,,,,,,,,,,,,
R09c,T2,Extended controls: + manager experience + R&D dummy (R&D is a possible mediator),prod_innov,2.4331935074319797,2.012574626070383,1.208995421045762,0.2268594216938068,-1.5146374315952906,6.38102444645925,M4 Pooled x Korea,D1_lp,g_lp,ols,1885,1467,True,0.08206009349687349,178.0,474,1411,1.0921077152157548,0.35130799592503303,,,,,,,,,,0.6805782650814204,
R09c,T2,Extended controls: + manager experience + R&D dummy (R&D is a possible mediator),proc_innov,-2.1868597157986347,3.0829197441225937,-0.7093469494195414,0.4782219194566918,-8.23426078641095,3.8605413548136793,M4 Pooled x Korea,D1_lp,g_lp,ols,1885,1467,True,0.08206009349687349,83.0,474,1411,1.0921077152157548,0.35130799592503303,,,,,,,,,,0.8217621676659662,
R09c,T2,Extended controls: + manager experience + R&D dummy (R&D is a possible mediator),web,-1.3673564442361463,1.6622796335597547,-0.8225790755241141,0.4108810838329831,-4.6280548956994885,1.893342007227196,M4 Pooled x Korea,D1_lp,g_lp,ols,1885,1467,True,0.08206009349687349,886.0,474,1411,1.0921077152157548,0.35130799592503303,,,,,,,,,,0.8217621676659662,
R09c,T2,Extended controls: + manager experience + R&D dummy (R&D is a possible mediator),Korea,-1.5194944606608056,1.4791611244610092,-1.0272677097395277,0.3044637699833041,-4.4209908699419405,1.3820019486203294,M4 Pooled x Korea,D1_lp,g_lp,ols,1885,1467,True,0.08206009349687349,,474,1411,1.0921077152157548,0.35130799592503303,,,,,,,,,,,
R09c,T2,Extended controls: + manager experience + R&D dummy (R&D is a possible mediator),prod_innov:Korea,4.171335602178161,3.931163853256924,1.0610943114778228,0.2888216988740801,-3.5399661727904563,11.882637377146779,M4 Pooled x Korea,D1_lp,g_lp,ols,1885,1467,True,0.08206009349687349,,474,1411,1.0921077152157548,0.35130799592503303,,,,,,,,,,,0.6042546333966117
R09c,T2,Extended controls: + manager experience + R&D dummy (R&D is a possible mediator),proc_innov:Korea,-5.523880966312786,4.893000993133345,-1.128935181918989,0.2591097526651834,-15.121905534027595,4.074143601402023,M4 Pooled x Korea,D1_lp,g_lp,ols,1885,1467,True,0.08206009349687349,,474,1411,1.0921077152157548,0.35130799592503303,,,,,,,,,,,0.6042546333966117
R09c,T2,Extended controls: + manager experience + R&D dummy (R&D is a possible mediator),web:Korea,2.663422117477567,2.0839003791377744,1.2780947420238835,0.20141821113220387,-1.424320162506369,6.751164397461503,M4 Pooled x Korea,D1_lp,g_lp,ols,1885,1467,True,0.08206009349687349,,474,1411,1.0921077152157548,0.35130799592503303,,,,,,,,,,,0.6042546333966117
R09c,T2,Extended controls: + manager experience + R&D dummy (R&D is a possible mediator),prod_innov,-1.6814159824152433,1.8380782382913203,-0.9147684507588151,0.36091219091946436,-5.295870501499019,1.9330385366685325,M1 Morocco,D2_emp,g_emp,ols,475,368,True,0.09332055831662933,69.0,475,0,,,,,,,,,,,,0.41696014111284946,
R09c,T2,Extended controls: + manager experience + R&D dummy (R&D is a possible mediator),proc_innov,3.1278708571984537,2.482504272658577,1.2599659511758814,0.20848007055642473,-1.753803165174388,8.009544879571296,M1 Morocco,D2_emp,g_emp,ols,475,368,True,0.09332055831662933,37.0,475,0,,,,,,,,,,,,0.41696014111284946,
R09c,T2,Extended controls: + manager experience + R&D dummy (R&D is a possible mediator),web,1.6254173149269013,1.0318656434072428,1.57522185694616,0.11606450624107813,-0.40367554967698305,3.654510179530786,M1 Morocco,D2_emp,g_emp,ols,475,368,True,0.09332055831662933,301.0,475,0,,,,,,,,,,,,0.3481935187232344,
R09c,T2,Extended controls: + manager experience + R&D dummy (R&D is a possible mediator),prod_innov,2.139240912538385,2.293500570925063,0.9327405188635035,0.3511548065258015,-2.3607962889894636,6.639278114066233,M2 Korea,D2_emp,g_emp,ols,1434,1121,True,0.11136793750061769,110.0,0,1434,,,,,,,,,,,,0.3511548065258015,
R09c,T2,Extended controls: + manager experience + R&D dummy (R&D is a possible mediator),proc_innov,-3.7450382270164044,1.9238462706082047,-1.9466411034143847,0.051827305090098155,-7.519783216186237,0.02970676215342838,M2 Korea,D2_emp,g_emp,ols,1434,1121,True,0.11136793750061769,48.0,0,1434,,,,,,,,,,,,0.15548191527029448,
R09c,T2,Extended controls: + manager experience + R&D dummy (R&D is a possible mediator),web,1.2225482490977853,0.7886712067103585,1.5501367853876389,0.12139094428843537,-0.32488967830547466,2.769986176501045,M2 Korea,D2_emp,g_emp,ols,1434,1121,True,0.11136793750061769,589.0,0,1434,,,,,,,,,,,,0.24278188857687075,
R09c,T2,Extended controls: + manager experience + R&D dummy (R&D is a possible mediator),prod_innov,0.7325643066886215,1.6108995465116436,0.45475480347298397,0.6493519391536314,-2.427309320479723,3.892437933856966,M3 Pooled,D2_emp,g_emp,ols,1909,1489,True,0.10173177042787007,179.0,475,1434,,,,,,,,,,,,1.0,
R09c,T2,Extended controls: + manager experience + R&D dummy (R&D is a possible mediator),proc_innov,-0.17326423740437116,1.9512737634530635,-0.08879545282142001,0.9292564124689998,-4.000801788006252,3.65427331319751,M3 Pooled,D2_emp,g_emp,ols,1909,1489,True,0.10173177042787007,85.0,475,1434,,,,,,,,,,,,1.0,
R09c,T2,Extended controls: + manager experience + R&D dummy (R&D is a possible mediator),web,1.1076227973356205,0.6072628211463842,1.8239595094009908,0.06835854691608154,-0.08355872447656965,2.298804319147811,M3 Pooled,D2_emp,g_emp,ols,1909,1489,True,0.10173177042787007,890.0,475,1434,,,,,,,,,,,,0.2050756407482446,
R09c,T2,Extended controls: + manager experience + R&D dummy (R&D is a possible mediator),Korea,-1.7190701202757608,0.6050501304026491,-2.8412027927863646,0.004555571511967297,-2.905911319849144,-0.5322289207023774,M3 Pooled,D2_emp,g_emp,ols,1909,1489,True,0.10173177042787007,,475,1434,,,,,,,,,,,,,
R09c,T2,Extended controls: + manager experience + R&D dummy (R&D is a possible mediator),prod_innov,-1.5326403007970513,1.6248637293255552,-0.9432423612737151,0.3457099659217085,-4.71990548884465,1.6546248872505476,M4 Pooled x Korea,D2_emp,g_emp,ols,1909,1489,True,0.10811985763813503,179.0,475,1434,1.365268577295243,0.25174598273857723,,,,,,,,,,0.558159058207207,
R09c,T2,Extended controls: + manager experience + R&D dummy (R&D is a possible mediator),proc_innov,2.76894086306028,2.557241651866566,1.0827842026736862,0.2790795291036035,-2.2472381231017033,7.785119849222263,M4 Pooled x Korea,D2_emp,g_emp,ols,1909,1489,True,0.10811985763813503,85.0,475,1434,1.365268577295243,0.25174598273857723,,,,,,,,,,0.558159058207207,
R09c,T2,Extended controls: + manager experience + R&D dummy (R&D is a possible mediator),web,1.3827636399226282,1.0068128659848814,1.373406803428148,0.1698326691604785,-0.5921586509232761,3.3576859307685325,M4 Pooled x Korea,D2_emp,g_emp,ols,1909,1489,True,0.10811985763813503,890.0,475,1434,1.365268577295243,0.25174598273857723,,,,,,,,,,0.5094980074814355,
R09c,T2,Extended controls: + manager experience + R&D dummy (R&D is a possible mediator),Korea,-1.5346674227276713,0.9187273140723662,-1.6704275569266342,0.0950449648829428,-3.3368047543713333,0.26746990891599065,M4 Pooled x Korea,D2_emp,g_emp,ols,1909,1489,True,0.10811985763813503,,475,1434,1.365268577295243,0.25174598273857723,,,,,,,,,,,
R09c,T2,Extended controls: + manager experience + R&D dummy (R&D is a possible mediator),prod_innov:Korea,3.7763369960949253,2.735099877972274,1.3806943675104821,0.16758015997300293,-1.5887212974474503,9.141395289637302,M4 Pooled x Korea,D2_emp,g_emp,ols,1909,1489,True,0.10811985763813503,,475,1434,1.365268577295243,0.25174598273857723,,,,,,,,,,,0.33516031994600587
R09c,T2,Extended controls: + manager experience + R&D dummy (R&D is a possible mediator),proc_innov:Korea,-6.207911958718722,3.1030873496242712,-2.0005598487165983,0.045621130358736266,-12.294799188968852,-0.12102472846859147,M4 Pooled x Korea,D2_emp,g_emp,ols,1909,1489,True,0.10811985763813503,,475,1434,1.365268577295243,0.25174598273857723,,,,,,,,,,,0.1368633910762088
R09c,T2,Extended controls: + manager experience + R&D dummy (R&D is a possible mediator),web:Korea,-0.42946830783274287,1.2635928179859197,-0.3398787186186179,0.7339957996686073,-2.908079484848291,2.0491428691828055,M4 Pooled x Korea,D2_emp,g_emp,ols,1909,1489,True,0.10811985763813503,,475,1434,1.365268577295243,0.25174598273857723,,,,,,,,,,,0.7339957996686073
R09c,T2,Extended controls: + manager experience + R&D dummy (R&D is a possible mediator),prod_innov,-0.05054435454598552,0.03153581235150313,-1.6027605055043512,0.11003289218622594,-0.11260211005206307,0.011513400960092027,M1 Morocco,D3_female,female_share,ols,406,302,True,0.12198305124562026,66.0,406,0,,,,,,,,,,,,0.2200657843724519,
R09c,T2,Extended controls: + manager experience + R&D dummy (R&D is a possible mediator),proc_innov,0.1370762996645906,0.040629426285880975,3.373818244443821,0.0008380756858696637,0.0571236739101688,0.21702892541901236,M1 Morocco,D3_female,female_share,ols,406,302,True,0.12198305124562026,35.0,406,0,,,,,,,,,,,,0.002514227057608991,
R09c,T2,Extended controls: + manager experience + R&D dummy (R&D is a possible mediator),web,0.01585974905414661,0.0354779995534688,0.4470305331123426,0.6551734385349773,-0.0539556404336385,0.08567513854193172,M1 Morocco,D3_female,female_share,ols,406,302,True,0.12198305124562026,253.0,406,0,,,,,,,,,,,,0.6551734385349773,
R09c,T2,Extended controls: + manager experience + R&D dummy (R&D is a possible mediator),prod_innov,0.0949078336324061,0.05132707657295204,1.8490792768513125,0.06470219904638774,-0.005797101232252508,0.19561276849706472,M2 Korea,D3_female,female_share,ols,1465,1153,True,0.08203636681647253,114.0,0,1465,,,,,,,,,,,,0.19410659713916323,
R09c,T2,Extended controls: + manager experience + R&D dummy (R&D is a possible mediator),proc_innov,0.01663851613381728,0.05964971855429005,0.2789370434107543,0.7803431607560589,-0.10039563860061644,0.133672670868251,M2 Korea,D3_female,female_share,ols,1465,1153,True,0.08203636681647253,48.0,0,1465,,,,,,,,,,,,1.0,
R09c,T2,Extended controls: + manager experience + R&D dummy (R&D is a possible mediator),web,0.008348888274671583,0.023157991613836502,0.3605186673305152,0.7185253338960704,-0.03708763748874352,0.05378541403808668,M2 Korea,D3_female,female_share,ols,1465,1153,True,0.08203636681647253,593.0,0,1465,,,,,,,,,,,,1.0,
R09c,T2,Extended controls: + manager experience + R&D dummy (R&D is a possible mediator),prod_innov,0.035219974925214545,0.036502190313443476,0.9648729192079002,0.3347688034598807,-0.03638256629765069,0.10682251614807978,M3 Pooled,D3_female,female_share,ols,1871,1455,True,0.0678253508259673,180.0,406,1465,,,,,,,,,,,,0.6699171812374933,
R09c,T2,Extended controls: + manager experience + R&D dummy (R&D is a possible mediator),proc_innov,0.05152462857007894,0.04229207199195032,1.2183046642852093,0.22330572707916443,-0.03143531992070347,0.13448457706086134,M3 Pooled,D3_female,female_share,ols,1871,1455,True,0.0678253508259673,83.0,406,1465,,,,,,,,,,,,0.6699171812374933,
R09c,T2,Extended controls: + manager experience + R&D dummy (R&D is a possible mediator),web,0.019543399715948234,0.01949154592766546,1.0026603219916577,0.3161914963119147,-0.018691133850357568,0.057777933282254036,M3 Pooled,D3_female,female_share,ols,1871,1455,True,0.0678253508259673,846.0,406,1465,,,,,,,,,,,,0.6699171812374933,
R09c,T2,Extended controls: + manager experience + R&D dummy (R&D is a possible mediator),Korea,0.09043856444599259,0.022038409830051234,4.10367921929975,4.2918987486742345e-05,0.047208113484219084,0.1336690154077661,M3 Pooled,D3_female,female_share,ols,1871,1455,True,0.0678253508259673,,406,1465,,,,,,,,,,,,,
R09c,T2,Extended controls: + manager experience + R&D dummy (R&D is a possible mediator),prod_innov,-0.06136216786983654,0.031979399848578956,-1.9188029844332193,0.05520473095962255,-0.12409282255871548,0.0013684868190424124,M4 Pooled x Korea,D3_female,female_share,ols,1871,1455,True,0.07281461386542776,180.0,406,1465,2.1626616428808116,0.09062236553366156,,,,,,,,,,0.1104094619192451,
R09c,T2,Extended controls: + manager experience + R&D dummy (R&D is a possible mediator),proc_innov,0.09932418699088869,0.04469600832924099,2.222216048002409,0.026421984967567886,0.011648687208253933,0.18699968677352344,M4 Pooled x Korea,D3_female,female_share,ols,1871,1455,True,0.07281461386542776,83.0,406,1465,2.1626616428808116,0.09062236553366156,,,,,,,,,,0.07926595490270366,
R09c,T2,Extended controls: + manager experience + R&D dummy (R&D is a possible mediator),web,0.032263540699948294,0.0341044868391555,0.9460204122733316,0.34429525031059444,-0.03463567558861339,0.09916275698850999,M4 Pooled x Korea,D3_female,female_share,ols,1871,1455,True,0.07281461386542776,846.0,406,1465,2.1626616428808116,0.09062236553366156,,,,,,,,,,0.34429525031059444,
R09c,T2,Extended controls: + manager experience + R&D dummy (R&D is a possible mediator),Korea,0.09069374434652652,0.031660951077541515,2.864530004939098,0.004236244249909326,0.028587757412096848,0.1527997312809562,M4 Pooled x Korea,D3_female,female_share,ols,1871,1455,True,0.07281461386542776,,406,1465,2.1626616428808116,0.09062236553366156,,,,,,,,,,,
R09c,T2,Extended controls: + manager experience + R&D dummy (R&D is a possible mediator),prod_innov:Korea,0.14988064704739487,0.06018033432435164,2.4905253307432442,0.012866258826862688,0.031831159269720216,0.26793013482506955,M4 Pooled x Korea,D3_female,female_share,ols,1871,1455,True,0.07281461386542776,,406,1465,2.1626616428808116,0.09062236553366156,,,,,,,,,,,0.038598776480588064
R09c,T2,Extended controls: + manager experience + R&D dummy (R&D is a possible mediator),proc_innov:Korea,-0.07978080708772416,0.07436986289372959,-1.0727572162090242,0.2835579497865703,-0.22566441373874546,0.06610279956329716,M4 Pooled x Korea,D3_female,female_share,ols,1871,1455,True,0.07281461386542776,,406,1465,2.1626616428808116,0.09062236553366156,,,,,,,,,,,0.5671158995731406
R09c,T2,Extended controls: + manager experience + R&D dummy (R&D is a possible mediator),web:Korea,-0.019211496203707927,0.04095177550772843,-0.4691248661509762,0.6390506704218436,-0.09954232481323722,0.061119332405821354,M4 Pooled x Korea,D3_female,female_share,ols,1871,1455,True,0.07281461386542776,,406,1465,2.1626616428808116,0.09062236553366156,,,,,,,,,,,0.6390506704218436
R09c,T2,Extended controls: + manager experience + R&D dummy (R&D is a possible mediator),prod_innov,-0.0246019567809733,0.03931965988893609,-0.625690986403875,0.531998149157854,-0.10198239966579556,0.05277848610384895,M1 Morocco,D3_lowskill,lowskill_prod_share,ols,395,297,True,0.2025093889703955,67.0,395,0,,,,,,,,,,,,0.531998149157854,
R09c,T2,Extended controls: + manager experience + R&D dummy (R&D is a possible mediator),proc_innov,-0.04504207652128182,0.03920742883895824,-1.1488148510398115,0.2515566971311997,-0.12220165054871199,0.03211749750614835,M1 Morocco,D3_lowskill,lowskill_prod_share,ols,395,297,True,0.2025093889703955,36.0,395,0,,,,,,,,,,,,0.5031133942623994,
R09c,T2,Extended controls: + manager experience + R&D dummy (R&D is a possible mediator),web,-0.06847264668358152,0.040060031001228846,-1.7092509659186514,0.08844904669966085,-0.14731012772006036,0.010364834352897326,M1 Morocco,D3_lowskill,lowskill_prod_share,ols,395,297,True,0.2025093889703955,243.0,395,0,,,,,,,,,,,,0.2653471400989825,
R09c,T2,Extended controls: + manager experience + R&D dummy (R&D is a possible mediator),prod_innov,0.05447756971167345,0.05718144053197979,0.9527141884648019,0.34093597407085924,-0.05771458903455321,0.16666972845790012,M2 Korea,D3_lowskill,lowskill_prod_share,ols,1457,1145,True,0.10729259747298214,111.0,0,1457,,,,,,,,,,,,0.6818719481417185,
R09c,T2,Extended controls: + manager experience + R&D dummy (R&D is a possible mediator),proc_innov,9.229807853697314e-05,0.0734232440212516,0.0012570689264323218,0.9989972233468686,-0.14396689616803354,0.1441514923251075,M2 Korea,D3_lowskill,lowskill_prod_share,ols,1457,1145,True,0.10729259747298214,45.0,0,1457,,,,,,,,,,,,0.9989972233468686,
R09c,T2,Extended controls: + manager experience + R&D dummy (R&D is a possible mediator),web,0.0395597903522497,0.02398241636022865,1.649533131192479,0.09931274997018188,-0.007494621680271339,0.08661420238477074,M2 Korea,D3_lowskill,lowskill_prod_share,ols,1457,1145,True,0.10729259747298214,587.0,0,1457,,,,,,,,,,,,0.2979382499105456,
R09c,T2,Extended controls: + manager experience + R&D dummy (R&D is a possible mediator),prod_innov,0.038295353654221896,0.04186000650389879,0.914843471193802,0.36042675882529157,-0.043817673313552956,0.12040838062199674,M3 Pooled,D3_lowskill,lowskill_prod_share,ols,1852,1442,True,0.11703327392949292,178.0,395,1457,,,,,,,,,,,,1.0,
R09c,T2,Extended controls: + manager experience + R&D dummy (R&D is a possible mediator),proc_innov,-0.0244584325644547,0.04383014576870767,-0.5580276345308595,0.5769121375427511,-0.11043610533839912,0.06151924020948973,M3 Pooled,D3_lowskill,lowskill_prod_share,ols,1852,1442,True,0.11703327392949292,81.0,395,1457,,,,,,,,,,,,1.0,
R09c,T2,Extended controls: + manager experience + R&D dummy (R&D is a possible mediator),web,0.014134481318491286,0.020923632342461834,0.6755271306219219,0.49944923107176414,-0.02690953492265174,0.05517849755963431,M3 Pooled,D3_lowskill,lowskill_prod_share,ols,1852,1442,True,0.11703327392949292,830.0,395,1457,,,,,,,,,,,,1.0,
R09c,T2,Extended controls: + manager experience + R&D dummy (R&D is a possible mediator),Korea,-0.09505730007338276,0.02377815975511461,-3.997672698491153,6.720447090571952e-05,-0.14170078716968626,-0.04841381297707924,M3 Pooled,D3_lowskill,lowskill_prod_share,ols,1852,1442,True,0.11703327392949292,,395,1457,,,,,,,,,,,,,
R09c,T2,Extended controls: + manager experience + R&D dummy (R&D is a possible mediator),prod_innov,0.006120664232931672,0.04788942940504333,0.12780825140270083,0.8983185406718832,-0.08781974181648973,0.10006107028235307,M4 Pooled x Korea,D3_lowskill,lowskill_prod_share,ols,1852,1442,True,0.12921862451154376,178.0,395,1457,2.9401605063726315,0.03212019178434812,,,,,,,,,,1.0,
R09c,T2,Extended controls: + manager experience + R&D dummy (R&D is a possible mediator),proc_innov,-0.026170689414098246,0.04353615681899248,-0.6011253938400319,0.5478509493282983,-0.11157167038667032,0.059230291558473834,M4 Pooled x Korea,D3_lowskill,lowskill_prod_share,ols,1852,1442,True,0.12921862451154376,81.0,395,1457,2.9401605063726315,0.03212019178434812,,,,,,,,,,1.0,
R09c,T2,Extended controls: + manager experience + R&D dummy (R&D is a possible mediator),web,-0.0846724478327438,0.04097645078161617,-2.0663685169807717,0.038971903229178005,-0.16505228264622296,-0.004292613019264646,M4 Pooled x Korea,D3_lowskill,lowskill_prod_share,ols,1852,1442,True,0.12921862451154376,830.0,395,1457,2.9401605063726315,0.03212019178434812,,,,,,,,,,0.11691570968753401,
R09c,T2,Extended controls: + manager experience + R&D dummy (R&D is a possible mediator),Korea,-0.17594801261128512,0.03740076225969229,-4.704396434211411,2.7902761226151363e-06,-0.24931373938821266,-0.10258228583435756,M4 Pooled x Korea,D3_lowskill,lowskill_prod_share,ols,1852,1442,True,0.12921862451154376,,395,1457,2.9401605063726315,0.03212019178434812,,,,,,,,,,,
R09c,T2,Extended controls: + manager experience + R&D dummy (R&D is a possible mediator),prod_innov:Korea,0.042997150186542134,0.07550030091669002,0.5694964081532187,0.5691080077421924,-0.10510503046337882,0.19109933083646308,M4 Pooled x Korea,D3_lowskill,lowskill_prod_share,ols,1852,1442,True,0.12921862451154376,,395,1457,2.9401605063726315,0.03212019178434812,,,,,,,,,,,1.0
R09c,T2,Extended controls: + manager experience + R&D dummy (R&D is a possible mediator),proc_innov:Korea,0.02817507850289097,0.08917462992582531,0.31595397173306755,0.7520831691296365,-0.14675080908049096,0.2031009660862729,M4 Pooled x Korea,D3_lowskill,lowskill_prod_share,ols,1852,1442,True,0.12921862451154376,,395,1457,2.9401605063726315,0.03212019178434812,,,,,,,,,,,1.0
R09c,T2,Extended controls: + manager experience + R&D dummy (R&D is a possible mediator),web:Korea,0.1277635613967879,0.0467756440449936,2.7314121270867346,0.006383243770273085,0.036007968369255516,0.2195191544243203,M4 Pooled x Korea,D3_lowskill,lowskill_prod_share,ols,1852,1442,True,0.12921862451154376,,395,1457,2.9401605063726315,0.03212019178434812,,,,,,,,,,,0.019149731310819255
R09c,T2,Extended controls: + manager experience + R&D dummy (R&D is a possible mediator),prod_innov,-1.2511465689424164,0.9641152228571555,-1.29771477441736,0.19518092027173348,-3.146879803793903,0.6445866659090704,M1 Morocco,D4_energy,env_energy_mgmt,logit,482,376,True,0.27944005436610186,71.0,482,0,,,-0.06286200861302417,0.03724299224637741,0.09226191388326667,-0.13609265210140573,0.010368634875357385,0.2861764876088193,23.0,55.0,False,0.39036184054346695,
R09c,T2,Extended controls: + manager experience + R&D dummy (R&D is a possible mediator),proc_innov,1.2199378086844321,0.9535271176530724,1.2793949811171386,0.20154692988687262,-0.6549761065944417,3.094851723963306,M1 Morocco,D4_energy,env_energy_mgmt,logit,482,376,True,0.27944005436610186,38.0,482,0,,,0.11099537501990563,0.11116273353965303,0.3186817859009643,-0.107583155276035,0.32957390531584624,3.3869770865103836,10.0,68.0,False,0.39036184054346695,
R09c,T2,Extended controls: + manager experience + R&D dummy (R&D is a possible mediator),web,1.3250130643412803,0.4845042319112279,2.7347811991538036,0.006537662906649292,0.3723356736261336,2.277690455056427,M1 Morocco,D4_energy,env_energy_mgmt,logit,482,376,True,0.27944005436610186,303.0,482,0,,,0.07018971572022659,0.03067443634981647,0.02267925951844721,0.00987477921673019,0.13050465222372298,3.7622345057944084,42.0,36.0,False,0.019612988719947877,
R09c,T2,Extended controls: + manager experience + R&D dummy (R&D is a possible mediator),prod_innov,0.2181624104603137,0.4494050233913206,0.4854472004206954,0.6274520295028998,-0.6635873191127385,1.099912140033366,M2 Korea,D4_energy,env_energy_mgmt,logit,1458,1145,True,0.15479761928040714,114.0,0,1458,,,0.020842313511698275,0.045464231021107776,0.6467282309650597,-0.06836023501700778,0.11004486204040434,1.2437890555691882,49.0,197.0,False,0.9761859057114315,
R09c,T2,Extended controls: + manager experience + R&D dummy (R&D is a possible mediator),proc_innov,0.5428206342252759,0.7826478871087827,0.6935694111825125,0.48809295285571574,-0.9927642544380266,2.0784055228885787,M2 Korea,D4_energy,env_energy_mgmt,logit,1458,1145,True,0.15479761928040714,47.0,0,1458,,,0.057485787150909844,0.09603370394557059,0.5495579699757212,-0.1309359884779133,0.245907562779733,1.7208539225497326,21.0,225.0,False,0.9761859057114315,
R09c,T2,Extended controls: + manager experience + R&D dummy (R&D is a possible mediator),web,0.6568981872025417,0.30957625012246087,2.1219269467302113,0.03405813960474577,0.049497823121539386,1.2642985512835438,M2 Korea,D4_energy,env_energy_mgmt,logit,1458,1145,True,0.15479761928040714,591.0,0,1458,,,0.0635838339904357,0.0318623224359483,0.046216179002931256,0.0010687468660014743,0.12609892111486992,1.9288002687160322,156.0,90.0,False,0.1021744188142373,
R09c,T2,Extended controls: + manager experience + R&D dummy (R&D is a possible mediator),prod_innov,-0.09872860538220102,0.4541403948887882,-0.21739666079776518,0.827928391370118,-0.9895362907691541,0.7920790800047521,M3 Pooled,D4_energy,env_energy_mgmt,logit,1940,1521,True,0.16362316830157375,185.0,482,1458,,,-0.00819806023258945,0.036729761996953283,0.8234103028815447,-0.08024440237163663,0.06384828190645772,0.9059885550788915,72.0,252.0,False,0.827928391370118,
R09c,T2,Extended controls: + manager experience + R&D dummy (R&D is a possible mediator),proc_innov,0.9798596537204398,0.673738217031643,1.4543625831966414,0.1460521267070778,-0.3416946242637131,2.3014139317045927,M3 Pooled,D4_energy,env_energy_mgmt,logit,1940,1521,True,0.16362316830157375,85.0,482,1458,,,0.11112111591396809,0.09637577871477927,0.2490922167196079,-0.07792237224634316,0.30016460407427936,2.664082321648585,31.0,293.0,False,0.2921042534141556,
R09c,T2,Extended controls: + manager experience + R&D dummy (R&D is a possible mediator),web,0.7281513975670273,0.27255697054438094,2.6715566881767243,0.007630602907635221,0.19352411754676657,1.262778677587288,M3 Pooled,D4_energy,env_energy_mgmt,logit,1940,1521,True,0.16362316830157375,894.0,482,1458,,,0.06466994408335053,0.02556894207718061,0.01153137574682878,0.01451582794236276,0.1148240602243383,2.0712481520489554,198.0,126.0,False,0.022891808722905662,
R09c,T2,Extended controls: + manager experience + R&D dummy (R&D is a possible mediator),Korea,0.44586331323356665,0.3094925259170376,1.4406270778670907,0.14989587871405544,-0.16121397775313795,1.0529406042202711,M3 Pooled,D4_energy,env_energy_mgmt,logit,1940,1521,True,0.16362316830157375,,482,1458,,,,,,,,1.5618379693612325,,,,,
R09c,T2,Extended controls: + manager experience + R&D dummy (R&D is a possible mediator),prod_innov,-0.7352364500764262,1.1917220009140965,-0.6169529886269379,0.5373580719074444,-3.07282880963511,1.6023559094822573,M4 Pooled x Korea,D4_energy,env_energy_mgmt,logit,1940,1521,True,0.1665065224726866,185.0,482,1458,0.629104024165078,0.59623893380969,-0.0515224650094949,0.06744434197202658,0.4450300156942318,-0.18381622007010726,0.08077129005111747,0.47939209327566495,72.0,252.0,False,0.5373580719074444,
R09c,T2,Extended controls: + manager experience + R&D dummy (R&D is a possible mediator),proc_innov,1.6330855337759895,1.1659539684853006,1.4006432311367685,0.16152475623625767,-0.653962188962856,3.920133256514835,M4 Pooled x Korea,D4_energy,env_energy_mgmt,logit,1940,1521,True,0.1665065224726866,85.0,482,1458,0.629104024165078,0.59623893380969,0.2163121198224746,0.2066976147000946,0.29548967568837703,-0.18913039486747169,0.621754634512421,5.119647217144254,31.0,293.0,False,0.32304951247251534,
R09c,T2,Extended controls: + manager experience + R&D dummy (R&D is a possible mediator),web,1.169321584756385,0.44676287468252107,2.6173203975091464,0.008950186150488242,0.29298508883596164,2.0456580806768083,M4 Pooled x Korea,D4_energy,env_energy_mgmt,logit,1940,1521,True,0.1665065224726866,894.0,482,1458,0.629104024165078,0.59623893380969,0.10806576432285686,0.04927373070972998,0.028445936689084347,0.01141411541005008,0.20471741323566364,3.219807530896677,198.0,126.0,False,0.026850558451464727,
R09c,T2,Extended controls: + manager experience + R&D dummy (R&D is a possible mediator),Korea,0.8528315927515201,0.3604753669834447,2.36585262368479,0.018113390497836925,0.14575019035794834,1.5599129951450919,M4 Pooled x Korea,D4_energy,env_energy_mgmt,logit,1940,1521,True,0.1665065224726866,,482,1458,0.629104024165078,0.59623893380969,,,,,,2.346281167400043,,,,,
R09c,T2,Extended controls: + manager experience + R&D dummy (R&D is a possible mediator),prod_innov:Korea,0.8711183296343413,1.2894669812458606,0.6755646653260419,0.4994197745268977,-1.6582032411275311,3.4004399003962136,M4 Pooled x Korea,D4_energy,env_energy_mgmt,logit,1940,1521,True,0.1665065224726866,,482,1458,0.629104024165078,0.59623893380969,,,,,,2.3895816998312305,,,,,0.9634569114596192
R09c,T2,Extended controls: + manager experience + R&D dummy (R&D is a possible mediator),proc_innov:Korea,-1.1149407294905864,1.3849447419334846,-0.8050434762718744,0.42092041466697855,-3.831544303706258,1.6016628447250851,M4 Pooled x Korea,D4_energy,env_energy_mgmt,logit,1940,1521,True,0.1665065224726866,,482,1458,0.629104024165078,0.59623893380969,,,,,,0.3279347151812069,,,,,0.9634569114596192
R09c,T2,Extended controls: + manager experience + R&D dummy (R&D is a possible mediator),web:Korea,-0.5152667873599639,0.5192042373267501,-0.9924163755152323,0.3211523038198731,-1.5336988187352003,0.5031652440152725,M4 Pooled x Korea,D4_energy,env_energy_mgmt,logit,1940,1521,True,0.1665065224726866,,482,1458,0.629104024165078,0.59623893380969,,,,,,0.597341210273832,,,,,0.9634569114596192
R09c,T2,Extended controls: + manager experience + R&D dummy (R&D is a possible mediator),prod_innov,1.7845048730181388,0.9500331636630875,1.8783606102102157,0.06110337594180847,-0.08352290418680641,3.652532650223084,M1 Morocco,D4_co2,env_co2_monitor,logit,484,377,True,0.33002599168985614,71.0,484,0,,,0.10551873617962088,0.07796956188665133,0.17676034542207766,-0.047790972314320335,0.2588284446735621,5.956629929127113,8.0,29.0,False,0.12220675188361695,
R09c,T2,Extended controls: + manager experience + R&D dummy (R&D is a possible mediator),proc_innov,-7.165588315893552,1.5778789512194695,-4.5412788543478575,7.5348846855127614e-06,-10.268134440262598,-4.063042191524506,M1 Morocco,D4_co2,env_co2_monitor,logit,484,377,True,0.33002599168985614,38.0,484,0,,,-0.07449128828030742,0.018943874569945177,0.00010016548307856974,-0.11174018153798909,-0.03724239502262574,0.0007727242377623984,1.0,36.0,True,2.2604654056538285e-05,
R09c,T2,Extended controls: + manager experience + R&D dummy (R&D is a possible mediator),web,-0.12255400540413408,0.7873828476237031,-0.15564728870332678,0.8763943526716153,-1.6707663067353518,1.4256582959270836,M1 Morocco,D4_co2,env_co2_monitor,logit,484,377,True,0.33002599168985614,304.0,484,0,,,-0.004602077855871369,0.03006109313930171,0.8784085485881039,-0.06371049548293745,0.05450633977119471,0.8846581273336834,24.0,13.0,False,0.8763943526716153,
R09c,T2,Extended controls: + manager experience + R&D dummy (R&D is a possible mediator),prod_innov,-0.22182628508981642,0.43842796699914005,-0.5059583370288318,0.6129817015879716,-1.0820237552336602,0.6383711850540273,M2 Korea,D4_co2,env_co2_monitor,logit,1477,1164,True,0.19942989763026409,114.0,0,1477,,,-0.011410995962438181,0.02115443960683109,0.5897045460696709,-0.05291609326874784,0.03009410134387148,0.8010545073604984,29.0,144.0,False,1.0,
R09c,T2,Extended controls: + manager experience + R&D dummy (R&D is a possible mediator),proc_innov,-0.6630918585348207,0.5487132006303999,-1.2084488905552384,0.22712008125004365,-1.7396694095689387,0.41348569249929734,M2 Korea,D4_co2,env_co2_monitor,logit,1477,1164,True,0.19942989763026409,48.0,0,1477,,,-0.029031198350547953,0.01932206329462172,0.13324195482212303,-0.06694116581397262,0.008878769112876717,0.5152557711810148,11.0,162.0,False,0.6813602437501309,
R09c,T2,Extended controls: + manager experience + R&D dummy (R&D is a possible mediator),web,-0.13996230627283907,0.34773766268175144,-0.40249395246246933,0.6873944410834615,-0.8222250272391833,0.5423004146935051,M2 Korea,D4_co2,env_co2_monitor,logit,1477,1164,True,0.19942989763026409,599.0,0,1477,,,-0.007597270336506916,0.01863200720895854,0.6835294737008093,-0.04415334492852634,0.02895880425551251,0.8693910053685433,106.0,67.0,False,1.0,
R09c,T2,Extended controls: + manager experience + R&D dummy (R&D is a possible mediator),prod_innov,0.679465256067616,0.4354218529591145,1.5604757810155587,0.1188528197864209,-0.17461671582767901,1.533547227962911,M3 Pooled,D4_co2,env_co2_monitor,logit,1961,1541,True,0.182232015590579,185.0,484,1477,,,0.04439423287331152,0.03500625867898583,0.20492528058947834,-0.024270704906080097,0.11305917065270313,1.9728224952557996,37.0,173.0,False,0.2377056395728418,
R09c,T2,Extended controls: + manager experience + R&D dummy (R&D is a possible mediator),proc_innov,-2.0353355559321966,0.7748519463695076,-2.6267412316231,0.008706144797289126,-3.555211220841273,-0.5154598910231198,M3 Pooled,D4_co2,env_co2_monitor,logit,1961,1541,True,0.182232015590579,86.0,484,1477,,,-0.05535681879780642,0.012399220259826479,8.607733445780153e-06,-0.07967794649846657,-0.031035691097146267,0.13063663924924201,12.0,198.0,False,0.026118434391867378,
R09c,T2,Extended controls: + manager experience + R&D dummy (R&D is a possible mediator),web,-0.10515545129902339,0.3020053037440844,-0.3481907436570413,0.7277444972320593,-0.6975402468522339,0.4872293442541872,M3 Pooled,D4_co2,env_co2_monitor,logit,1961,1541,True,0.182232015590579,903.0,484,1477,,,-0.005516984392787701,0.01582433441813332,0.7274077679349703,-0.03655648930491014,0.025522520519334742,0.9001845768473422,130.0,80.0,False,0.7277444972320593,
R09c,T2,Extended controls: + manager experience + R&D dummy (R&D is a possible mediator),Korea,0.1204145138668092,0.40492616873651244,0.29737399843170803,0.7662210737661923,-0.6738500328392593,0.9146790605728777,M3 Pooled,D4_co2,env_co2_monitor,logit,1961,1541,True,0.182232015590579,,484,1477,,,,,,,,1.127964311536763,,,,,
R09c,T2,Extended controls: + manager experience + R&D dummy (R&D is a possible mediator),prod_innov,2.517362072971895,0.8303329185237792,3.0317502977569863,0.0024719570597887225,0.8886602254122253,4.146063920531565,M4 Pooled x Korea,D4_co2,env_co2_monitor,logit,1961,1541,True,0.20098884747820045,185.0,484,1477,5.371145728109657,0.0011154166470954488,0.2737145766954645,0.13303829808399348,0.03981455942232684,0.012759341690664505,0.5346698117002645,12.39585413770127,37.0,173.0,False,0.004943914119577445,
R09c,T2,Extended controls: + manager experience + R&D dummy (R&D is a possible mediator),proc_innov,-6.0686153730861125,1.3628707620967155,-4.452817935392362,9.085161399786511e-06,-8.741892655839546,-3.3953380903326797,M4 Pooled x Korea,D4_co2,env_co2_monitor,logit,1961,1541,True,0.20098884747820045,86.0,484,1477,5.371145728109657,0.0011154166470954488,-0.07786225548868039,0.009165939113383717,4.604500974207787e-17,-0.09584128731500918,-0.059883223662351596,0.0023143755397361148,12.0,198.0,False,2.725548419935953e-05,
R09c,T2,Extended controls: + manager experience + R&D dummy (R&D is a possible mediator),web,0.42008825848810105,0.9765267579029151,0.43018612146403223,0.6671204084795054,-1.4953734789744781,2.33554999595068,M4 Pooled x Korea,D4_co2,env_co2_monitor,logit,1961,1541,True,0.20098884747820045,903.0,484,1477,5.371145728109657,0.0011154166470954488,0.022680118500929925,0.05473939883740959,0.6786908680975328,-0.08469146466994906,0.1300517016718089,1.522095887572361,130.0,80.0,False,0.6671204084795054,
R09c,T2,Extended controls: + manager experience + R&D dummy (R&D is a possible mediator),Korea,0.8811798706645894,1.047651144974769,0.8411004702197994,0.40042214576561924,-1.1737926799263265,2.936152421255505,M4 Pooled x Korea,D4_co2,env_co2_monitor,logit,1961,1541,True,0.20098884747820045,,484,1477,5.371145728109657,0.0011154166470954488,,,,,,2.413745935016708,,,,,
R09c,T2,Extended controls: + manager experience + R&D dummy (R&D is a possible mediator),prod_innov:Korea,-2.7958304717864153,0.9518917909893574,-2.9371305627927975,0.003361834322551946,-4.662970608079651,-0.9286903354931795,M4 Pooled x Korea,D4_co2,env_co2_monitor,logit,1961,1541,True,0.20098884747820045,,484,1477,5.371145728109657,0.0011154166470954488,,,,,,0.061064141222848776,,,,,0.006723668645103892
R09c,T2,Extended controls: + manager experience + R&D dummy (R&D is a possible mediator),proc_innov:Korea,5.2175592201458425,1.4230148166090955,3.666552982616705,0.00025419027583855887,2.42630909719935,8.008809343092334,M4 Pooled x Korea,D4_co2,env_co2_monitor,logit,1961,1541,True,0.20098884747820045,,484,1477,5.371145728109657,0.0011154166470954488,,,,,,184.48335085598902,,,,,0.0007625708275156766
R09c,T2,Extended controls: + manager experience + R&D dummy (R&D is a possible mediator),web:Korea,-0.5830201314933443,1.0339198869836344,-0.5638929464779439,0.5729090423730867,-2.6110587562328798,1.4450184932461914,M4 Pooled x Korea,D4_co2,env_co2_monitor,logit,1961,1541,True,0.20098884747820045,,484,1477,5.371145728109657,0.0011154166470954488,,,,,,0.5582099507776769,,,,,0.5729090423730867
R09d,T2,Country-specific sampling-region fixed effects added,prod_innov,0.7933490392833528,1.0627387118279177,0.7465137295307396,0.4558103914241244,-1.2961151176858157,2.882813196252521,M1 Morocco,D1_sales,g_sales,ols,494,387,True,0.08339244444576577,72.0,494,0,,,,,,,,,,,,1.0,
R09d,T2,Country-specific sampling-region fixed effects added,proc_innov,0.8973033945965877,1.4521316775117088,0.6179215070455293,0.5369905339526917,-1.957751246389833,3.7523580355830086,M1 Morocco,D1_sales,g_sales,ols,494,387,True,0.08339244444576577,37.0,494,0,,,,,,,,,,,,1.0,
R09d,T2,Country-specific sampling-region fixed effects added,web,-0.3332239971383768,1.347959672861407,-0.24720620642234736,0.8048797330342865,-2.9834647290670873,2.317016734790333,M1 Morocco,D1_sales,g_sales,ols,494,387,True,0.08339244444576577,314.0,494,0,,,,,,,,,,,,1.0,
R09d,T2,Country-specific sampling-region fixed effects added,prod_innov,8.82218823875809,3.2081472212082045,2.749932478296806,0.006056798664394528,2.527526743775068,15.11684973374111,M2 Korea,D1_sales,g_sales,ols,1431,1119,True,0.08012416548618151,111.0,0,1431,,,,,,,,,,,,0.018170395993183583,
R09d,T2,Country-specific sampling-region fixed effects added,proc_innov,-10.690385446964893,4.28151076185407,-2.496872258785475,0.012672300348078258,-19.091078767656228,-2.2896921262735557,M2 Korea,D1_sales,g_sales,ols,1431,1119,True,0.08012416548618151,47.0,0,1431,,,,,,,,,,,,0.025344600696156516,
R09d,T2,Country-specific sampling-region fixed effects added,web,1.8746376873326847,1.2094739469781925,1.5499611976069174,0.12143358938282348,-0.4984544927579735,4.247729867423343,M2 Korea,D1_sales,g_sales,ols,1431,1119,True,0.08012416548618151,593.0,0,1431,,,,,,,,,,,,0.12143358938282348,
R09d,T2,Country-specific sampling-region fixed effects added,prod_innov,5.792047916337616,2.1498751807425944,2.6941321841470667,0.007135615932856781,1.5749808017862383,10.009115030888992,M3 Pooled,D1_sales,g_sales,ols,1925,1506,True,0.07521116352854063,183.0,494,1431,,,,,,,,,,,,0.02140684779857034,
R09d,T2,Country-specific sampling-region fixed effects added,proc_innov,-4.941945735494442,2.328389691569737,-2.12247363634509,0.03396078390665263,-9.50917628270582,-0.37471518828306305,M3 Pooled,D1_sales,g_sales,ols,1925,1506,True,0.07521116352854063,84.0,494,1431,,,,,,,,,,,,0.06792156781330526,
R09d,T2,Country-specific sampling-region fixed effects added,web,1.6416183322606437,0.990362423267621,1.657593516971551,0.09760780937709201,-0.3010176142628682,3.5842542787841554,M3 Pooled,D1_sales,g_sales,ols,1925,1506,True,0.07521116352854063,907.0,494,1431,,,,,,,,,,,,0.09760780937709201,
R09d,T2,Country-specific sampling-region fixed effects added,Korea,1.8292577407477277,1.2950039884025386,1.412549889521361,0.1579947246771979,-0.710944956424151,4.3694604379196065,M3 Pooled,D1_sales,g_sales,ols,1925,1506,True,0.07521116352854063,,494,1431,,,,,,,,,,,,,
R09d,T2,Country-specific sampling-region fixed effects added,prod_innov,0.956904001429769,1.0366879449030768,0.9230395763107219,0.3561344372016088,-1.0766013293274082,2.990409332186946,M4 Pooled x Korea,D1_sales,g_sales,ols,1925,1506,True,0.08748579200314788,183.0,494,1431,3.435314697709099,0.016373167067900023,,,,,,,,,,1.0,
R09d,T2,Country-specific sampling-region fixed effects added,proc_innov,0.5222177818346296,1.4015691905239307,0.3725950779778597,0.7095022647392959,-2.2270168691209182,3.271452432790177,M4 Pooled x Korea,D1_sales,g_sales,ols,1925,1506,True,0.08748579200314788,84.0,494,1431,3.435314697709099,0.016373167067900023,,,,,,,,,,1.0,
R09d,T2,Country-specific sampling-region fixed effects added,web,-0.19675300117904887,1.298852948757052,-0.15148212225820734,0.8796157009712529,-2.744505589750029,2.350999587391931,M4 Pooled x Korea,D1_sales,g_sales,ols,1925,1506,True,0.08748579200314788,907.0,494,1431,3.435314697709099,0.016373167067900023,,,,,,,,,,1.0,
R09d,T2,Country-specific sampling-region fixed effects added,Korea,-0.007237897838862802,1.6204463270774516,-0.004466607574665357,0.9964367661902792,-3.185808904204682,3.1713331085269565,M4 Pooled x Korea,D1_sales,g_sales,ols,1925,1506,True,0.08748579200314788,,494,1431,3.435314697709099,0.016373167067900023,,,,,,,,,,,
R09d,T2,Country-specific sampling-region fixed effects added,prod_innov:Korea,7.779406634927599,3.3617886613019574,2.314067723672666,0.020798027960192852,1.185122214772889,14.37369105508231,M4 Pooled x Korea,D1_sales,g_sales,ols,1925,1506,True,0.08748579200314788,,494,1431,3.435314697709099,0.016373167067900023,,,,,,,,,,,0.041596055920385705
R09d,T2,Country-specific sampling-region fixed effects added,proc_innov:Korea,-11.215927192891826,4.3633399168885765,-2.5704912765287635,0.010250794904545361,-19.774794906674348,-2.6570594791093036,M4 Pooled x Korea,D1_sales,g_sales,ols,1925,1506,True,0.08748579200314788,,494,1431,3.435314697709099,0.016373167067900023,,,,,,,,,,,0.03075238471363608
R09d,T2,Country-specific sampling-region fixed effects added,web:Korea,2.1874157301856076,1.7616055102035777,1.2417171253811654,0.21453429789240258,-1.268044722791017,5.642876183162232,M4 Pooled x Korea,D1_sales,g_sales,ols,1925,1506,True,0.08748579200314788,,494,1431,3.435314697709099,0.016373167067900023,,,,,,,,,,,0.21453429789240258
R09d,T2,Country-specific sampling-region fixed effects added,prod_innov,2.1937887341328164,1.8866716806765829,1.1627824579134498,0.24563428012474864,-1.5156205579800166,5.903198026245649,M1 Morocco,D1_lp,g_lp,ols,494,387,True,0.19207697094968657,72.0,494,0,,,,,,,,,,,,0.7369028403742459,
R09d,T2,Country-specific sampling-region fixed effects added,proc_innov,-3.1072353579788716,2.935700832547942,-1.0584305197345507,0.2905194007118002,-8.879154266101526,2.664683550143782,M1 Morocco,D1_lp,g_lp,ols,494,387,True,0.19207697094968657,37.0,494,0,,,,,,,,,,,,0.7369028403742459,
R09d,T2,Country-specific sampling-region fixed effects added,web,-1.5768424244447208,1.782585589684658,-0.8845816063865222,0.3769315706746927,-5.081606723441057,1.927921874551616,M1 Morocco,D1_lp,g_lp,ols,494,387,True,0.19207697094968657,314.0,494,0,,,,,,,,,,,,0.7369028403742459,
R09d,T2,Country-specific sampling-region fixed effects added,prod_innov,7.873481299941155,3.3287899516199277,2.3652682849843356,0.018186820984704068,1.3421083645503913,14.40485423533192,M2 Korea,D1_lp,g_lp,ols,1431,1119,True,0.1302695658136812,111.0,0,1431,,,,,,,,,,,,0.0545604629541122,
R09d,T2,Country-specific sampling-region fixed effects added,proc_innov,-7.78812204003999,3.8301521293329133,-2.0333714633409157,0.04225060641439062,-15.303210801882832,-0.27303327819714873,M2 Korea,D1_lp,g_lp,ols,1431,1119,True,0.1302695658136812,47.0,0,1431,,,,,,,,,,,,0.08450121282878124,
R09d,T2,Country-specific sampling-region fixed effects added,web,0.42177739871194087,1.3959490519525406,0.30214383406184686,0.7625985655045032,-2.317195017577132,3.160749815001014,M2 Korea,D1_lp,g_lp,ols,1431,1119,True,0.1302695658136812,593.0,0,1431,,,,,,,,,,,,0.7625985655045032,
R09d,T2,Country-specific sampling-region fixed effects added,prod_innov,5.713275058814997,2.241427273490279,2.5489450968973295,0.010903392000080597,1.3166248116925177,10.109925305937477,M3 Pooled,D1_lp,g_lp,ols,1925,1506,True,0.11922482159753234,183.0,494,1431,,,,,,,,,,,,0.032710176000241786,
R09d,T2,Country-specific sampling-region fixed effects added,proc_innov,-5.769265332474687,2.3377525101044356,-2.4678683083595336,0.013702487222727572,-10.354861426902882,-1.183669238046492,M3 Pooled,D1_lp,g_lp,ols,1925,1506,True,0.11922482159753234,84.0,494,1431,,,,,,,,,,,,0.032710176000241786,
R09d,T2,Country-specific sampling-region fixed effects added,web,0.47518314210459833,1.1434702957320022,0.4155622965268248,0.6777895226008512,-1.767780088408232,2.7181463726174284,M3 Pooled,D1_lp,g_lp,ols,1925,1506,True,0.11922482159753234,907.0,494,1431,,,,,,,,,,,,0.6777895226008512,
R09d,T2,Country-specific sampling-region fixed effects added,Korea,8.142756404799096,1.6391174728850166,4.967768655694336,7.545288290125176e-07,4.927561190813521,11.357951618784671,M3 Pooled,D1_lp,g_lp,ols,1925,1506,True,0.11922482159753234,,494,1431,,,,,,,,,,,,,
R09d,T2,Country-specific sampling-region fixed effects added,prod_innov,2.355567293379407,1.8888787186517304,1.2470717522090546,0.21256509371359128,-1.3495447052859104,6.060679292044725,M4 Pooled x Korea,D1_lp,g_lp,ols,1925,1506,True,0.12246215394269477,183.0,494,1431,1.0393040201052723,0.3741248788617921,,,,,,,,,,0.6376952811407739,
R09d,T2,Country-specific sampling-region fixed effects added,proc_innov,-3.3096039481155395,2.8291201172079363,-1.169835076278696,0.24225244620612,-8.859037476285462,2.239829580054383,M4 Pooled x Korea,D1_lp,g_lp,ols,1925,1506,True,0.12246215394269477,84.0,494,1431,1.0393040201052723,0.3741248788617921,,,,,,,,,,0.6376952811407739,
R09d,T2,Country-specific sampling-region fixed effects added,web,-1.2442575160308351,1.6718642125253549,-0.7442335966695413,0.4568512710891806,-4.523686784199196,2.0351717521375257,M4 Pooled x Korea,D1_lp,g_lp,ols,1925,1506,True,0.12246215394269477,907.0,494,1431,1.0393040201052723,0.3741248788617921,,,,,,,,,,0.6376952811407739,
R09d,T2,Country-specific sampling-region fixed effects added,Korea,6.411848824779951,2.0189263690527515,3.1758705632183553,0.0015241463354568477,2.4516431003284747,10.372054549231427,M4 Pooled x Korea,D1_lp,g_lp,ols,1925,1506,True,0.12246215394269477,,494,1431,1.0393040201052723,0.3741248788617921,,,,,,,,,,,
R09d,T2,Country-specific sampling-region fixed effects added,prod_innov:Korea,5.329054103500232,3.7758464970739265,1.4113534826243481,0.15834696537910492,-2.077421507285907,12.73552971428637,M4 Pooled x Korea,D1_lp,g_lp,ols,1925,1506,True,0.12246215394269477,,494,1431,1.0393040201052723,0.3741248788617921,,,,,,,,,,,0.47504089613731476
R09d,T2,Country-specific sampling-region fixed effects added,proc_innov:Korea,-4.545095323468439,4.592268873841658,-0.9897276157670278,0.3224662592082597,-13.553016444901317,4.462825797964441,M4 Pooled x Korea,D1_lp,g_lp,ols,1925,1506,True,0.12246215394269477,,494,1431,1.0393040201052723,0.3741248788617921,,,,,,,,,,,0.6449325184165194
R09d,T2,Country-specific sampling-region fixed effects added,web:Korea,2.0445003908677735,2.14801474356917,0.9518092913415502,0.34134643831524025,-2.168917400926165,6.257918182661712,M4 Pooled x Korea,D1_lp,g_lp,ols,1925,1506,True,0.12246215394269477,,494,1431,1.0393040201052723,0.3741248788617921,,,,,,,,,,,0.6449325184165194
R09d,T2,Country-specific sampling-region fixed effects added,prod_innov,-1.4847955309890175,1.4779511292388159,-1.004631006813958,0.315700673184652,-4.390590632225739,1.420999570247704,M1 Morocco,D2_emp,g_emp,ols,495,388,True,0.23087773372173448,72.0,495,0,,,,,,,,,,,,0.4854955293452508,
R09d,T2,Country-specific sampling-region fixed effects added,proc_innov,4.028798230570098,2.6230958759826737,1.5358943862701226,0.12537931161476484,-1.1284623822556625,9.186058843395859,M1 Morocco,D2_emp,g_emp,ols,495,388,True,0.23087773372173448,38.0,495,0,,,,,,,,,,,,0.37613793484429453,
R09d,T2,Country-specific sampling-region fixed effects added,web,1.166245106477672,0.9968513652690709,1.1699287848824667,0.2427477646726254,-0.7936612507452856,3.1261514637006296,M1 Morocco,D2_emp,g_emp,ols,495,388,True,0.23087773372173448,315.0,495,0,,,,,,,,,,,,0.4854955293452508,
R09d,T2,Country-specific sampling-region fixed effects added,prod_innov,1.1503223593343026,1.9246949579907913,0.5976647647766147,0.550182339597661,-2.62601979707033,4.926664515738936,M2 Korea,D2_emp,g_emp,ols,1456,1140,True,0.14551192646901312,112.0,0,1456,,,,,,,,,,,,0.550182339597661,
R09d,T2,Country-specific sampling-region fixed effects added,proc_innov,-3.082691819469918,1.7871664415140687,-1.7249047138879208,0.084815683155561,-6.589196549261766,0.42381291032193014,M2 Korea,D2_emp,g_emp,ols,1456,1140,True,0.14551192646901312,48.0,0,1456,,,,,,,,,,,,0.254447049466683,
R09d,T2,Country-specific sampling-region fixed effects added,web,1.226830547046256,0.7959846222651703,1.5412741813466289,0.12352758774356777,-0.33492877093298423,2.788589865025496,M2 Korea,D2_emp,g_emp,ols,1456,1140,True,0.14551192646901312,597.0,0,1456,,,,,,,,,,,,0.254447049466683,
R09d,T2,Country-specific sampling-region fixed effects added,prod_innov,0.14837170975167877,1.347617110810051,0.11009930681459863,0.9123450758251668,-2.4950031432205675,2.791746562723925,M3 Pooled,D2_emp,g_emp,ols,1951,1528,True,0.158747597463609,184.0,495,1456,,,,,,,,,,,,1.0,
R09d,T2,Country-specific sampling-region fixed effects added,proc_innov,0.7226812390693227,1.8578982399815493,0.3889778371696501,0.6973467383699964,-2.921619094870897,4.366981573009543,M3 Pooled,D2_emp,g_emp,ols,1951,1528,True,0.158747597463609,86.0,495,1456,,,,,,,,,,,,1.0,
R09d,T2,Country-specific sampling-region fixed effects added,web,1.0451753305397662,0.6154569372457869,1.6982103333126757,0.0896716682660478,-0.1620543624884807,2.252405023568013,M3 Pooled,D2_emp,g_emp,ols,1951,1528,True,0.158747597463609,912.0,495,1456,,,,,,,,,,,,0.26901500479814344,
R09d,T2,Country-specific sampling-region fixed effects added,Korea,-6.157789231484462,1.1980997610030697,-5.139629797045494,3.1078569125012966e-07,-8.507883152215312,-3.8076953107536124,M3 Pooled,D2_emp,g_emp,ols,1951,1528,True,0.158747597463609,,495,1456,,,,,,,,,,,,,
R09d,T2,Country-specific sampling-region fixed effects added,prod_innov,-1.5480324383274169,1.5828030418802719,-0.9780322613535354,0.32821318530657845,-4.652728664393681,1.5566637877388472,M4 Pooled x Korea,D2_emp,g_emp,ols,1951,1528,True,0.16445873013248036,184.0,495,1456,1.6845330338952846,0.168394174778866,,,,,,,,,,0.6410298350166386,
R09d,T2,Country-specific sampling-region fixed effects added,proc_innov,3.776910905645532,2.5238950937275533,1.4964611306674374,0.13474004410785187,-1.1737540634933312,8.727575874784396,M4 Pooled x Korea,D2_emp,g_emp,ols,1951,1528,True,0.16445873013248036,86.0,495,1456,1.6845330338952846,0.168394174778866,,,,,,,,,,0.4042201323235556,
R09d,T2,Country-specific sampling-region fixed effects added,web,0.9282138507983019,0.9340767441986499,0.9937233279419906,0.3205149175083193,-0.9039942419564114,2.7604219435530153,M4 Pooled x Korea,D2_emp,g_emp,ols,1951,1528,True,0.16445873013248036,912.0,495,1456,1.6845330338952846,0.168394174778866,,,,,,,,,,0.6410298350166386,
R09d,T2,Country-specific sampling-region fixed effects added,Korea,-6.284221345363425,1.280438910381054,-4.9078650253554565,1.0192347760029825e-06,-8.79582496728088,-3.7726177234459684,M4 Pooled x Korea,D2_emp,g_emp,ols,1951,1528,True,0.16445873013248036,,495,1456,1.6845330338952846,0.168394174778866,,,,,,,,,,,
R09d,T2,Country-specific sampling-region fixed effects added,prod_innov:Korea,2.7716768484742507,2.505186375639879,1.1063755077968218,0.2687381742519095,-2.1422906384735625,7.685644335422063,M4 Pooled x Korea,D2_emp,g_emp,ols,1951,1528,True,0.16445873013248036,,495,1456,1.6845330338952846,0.168394174778866,,,,,,,,,,,0.537476348503819
R09d,T2,Country-specific sampling-region fixed effects added,proc_innov:Korea,-6.603583968804247,3.0106705799084983,-2.193393064280366,0.02842929145756298,-12.50906768348471,-0.6981002541237835,M4 Pooled x Korea,D2_emp,g_emp,ols,1951,1528,True,0.16445873013248036,,495,1456,1.6845330338952846,0.168394174778866,,,,,,,,,,,0.08528787437268893
R09d,T2,Country-specific sampling-region fixed effects added,web:Korea,0.13196531412636048,1.2227709178001358,0.10792317040364094,0.9140708060248544,-2.266521518024187,2.5304521462769083,M4 Pooled x Korea,D2_emp,g_emp,ols,1951,1528,True,0.16445873013248036,,495,1456,1.6845330338952846,0.168394174778866,,,,,,,,,,,0.9140708060248544
R09d,T2,Country-specific sampling-region fixed effects added,prod_innov,-0.06228818110961519,0.03108184987456766,-2.0040049534047113,0.04592814950986531,-0.12344320328255887,-0.0011331589366715203,M1 Morocco,D3_female,female_share,ols,418,314,True,0.14592490874568353,68.0,418,0,,,,,,,,,,,,0.09185629901973062,
R09d,T2,Country-specific sampling-region fixed effects added,proc_innov,0.11501515902551106,0.04142692559401916,2.776338272181991,0.0058275318908655805,0.03350570693424074,0.19652461111678138,M1 Morocco,D3_female,female_share,ols,418,314,True,0.14592490874568353,35.0,418,0,,,,,,,,,,,,0.017482595672596742,
R09d,T2,Country-specific sampling-region fixed effects added,web,0.0014511646954265046,0.041037275385929294,0.03536211119717939,0.9718134658075437,-0.0792916320258581,0.08219396141671109,M1 Morocco,D3_female,female_share,ols,418,314,True,0.14592490874568353,264.0,418,0,,,,,,,,,,,,0.9718134658075437,
R09d,T2,Country-specific sampling-region fixed effects added,prod_innov,0.10899629010156092,0.05062567737317508,2.152984330424279,0.031523819861493316,0.009669033567879418,0.20832354663524244,M2 Korea,D3_female,female_share,ols,1485,1170,True,0.09973451915252562,116.0,0,1485,,,,,,,,,,,,0.09457145958447995,
R09d,T2,Country-specific sampling-region fixed effects added,proc_innov,0.016283823135699507,0.06187896679591589,0.2631560282737989,0.7924766550326107,-0.10512231556485262,0.13768996183625162,M2 Korea,D3_female,female_share,ols,1485,1170,True,0.09973451915252562,48.0,0,1485,,,,,,,,,,,,1.0,
R09d,T2,Country-specific sampling-region fixed effects added,web,0.00028138067576366027,0.024561111185346433,0.01145634957800837,0.9908613085885795,-0.04790736302195205,0.04847012437347937,M2 Korea,D3_female,female_share,ols,1485,1170,True,0.09973451915252562,601.0,0,1485,,,,,,,,,,,,1.0,
R09d,T2,Country-specific sampling-region fixed effects added,prod_innov,0.04198401126954399,0.03696500981165792,1.135777089833294,0.2562332582458516,-0.03052521504431511,0.1144932375834031,M3 Pooled,D3_female,female_share,ols,1903,1484,True,0.09394206143762984,184.0,418,1485,,,,,,,,,,,,0.7686997747375548,
R09d,T2,Country-specific sampling-region fixed effects added,proc_innov,0.039463778174052874,0.04290793707772382,0.9197314264390719,0.35786259840945855,-0.044702879323987185,0.12363043567209293,M3 Pooled,D3_female,female_share,ols,1903,1484,True,0.09394206143762984,83.0,418,1485,,,,,,,,,,,,0.7686997747375548,
R09d,T2,Country-specific sampling-region fixed effects added,web,0.005908748656976856,0.02084967599421141,0.2833976249135636,0.7769115776308616,-0.03498922169221875,0.046806719006172455,M3 Pooled,D3_female,female_share,ols,1903,1484,True,0.09394206143762984,865.0,418,1485,,,,,,,,,,,,0.7769115776308616,
R09d,T2,Country-specific sampling-region fixed effects added,Korea,0.20756611670162128,0.03031924573803983,6.846018482616799,1.1079706349954057e-11,0.14809298083377403,0.26703925256946853,M3 Pooled,D3_female,female_share,ols,1903,1484,True,0.09394206143762984,,418,1485,,,,,,,,,,,,,
R09d,T2,Country-specific sampling-region fixed effects added,prod_innov,-0.07403510108181496,0.03385588195958009,-2.1867721883660893,0.028914837859584906,-0.14044557465047838,-0.007624627513151544,M4 Pooled x Korea,D3_female,female_share,ols,1903,1484,True,0.1009638071356731,184.0,418,1485,2.924868815733251,0.03278080293341017,,,,,,,,,,0.08674451357875472,
R09d,T2,Country-specific sampling-region fixed effects added,proc_innov,0.0837302172539923,0.04395695841103464,1.90482281487823,0.0569962681943291,-0.0024941625509714294,0.16995459705895602,M4 Pooled x Korea,D3_female,female_share,ols,1903,1484,True,0.1009638071356731,83.0,418,1485,2.924868815733251,0.03278080293341017,,,,,,,,,,0.1139925363886582,
R09d,T2,Country-specific sampling-region fixed effects added,web,-0.0029747038381064106,0.0389711637226909,-0.07633089582014185,0.9391661350969671,-0.07941912910623841,0.07346972143002559,M4 Pooled x Korea,D3_female,female_share,ols,1903,1484,True,0.1009638071356731,865.0,418,1485,2.924868815733251,0.03278080293341017,,,,,,,,,,0.9391661350969671,
R09d,T2,Country-specific sampling-region fixed effects added,Korea,0.1885312240495566,0.04747719328177764,3.9709850355016107,7.500313056117668e-05,0.09540167884030447,0.28166076925880873,M4 Pooled x Korea,D3_female,female_share,ols,1903,1484,True,0.1009638071356731,,418,1485,2.924868815733251,0.03278080293341017,,,,,,,,,,,
R09d,T2,Country-specific sampling-region fixed effects added,prod_innov:Korea,0.17822279367578334,0.0607707487627219,2.932706891133602,0.003411743282773811,0.059017090830029345,0.29742849652153736,M4 Pooled x Korea,D3_female,female_share,ols,1903,1484,True,0.1009638071356731,,418,1485,2.924868815733251,0.03278080293341017,,,,,,,,,,,0.010235229848321432
R09d,T2,Country-specific sampling-region fixed effects added,proc_innov:Korea,-0.06308726499770356,0.07695796984348244,-0.8197625941278182,0.41248309815475026,-0.21404523526385388,0.08787070526844676,M4 Pooled x Korea,D3_female,female_share,ols,1903,1484,True,0.1009638071356731,,418,1485,2.924868815733251,0.03278080293341017,,,,,,,,,,,0.8249661963095005
R09d,T2,Country-specific sampling-region fixed effects added,web:Korea,0.006151748649585219,0.046554914102109504,0.1321396198066762,0.8948917715834372,-0.08516868707737953,0.09747218437654996,M4 Pooled x Korea,D3_female,female_share,ols,1903,1484,True,0.1009638071356731,,418,1485,2.924868815733251,0.03278080293341017,,,,,,,,,,,0.8948917715834372
R09d,T2,Country-specific sampling-region fixed effects added,prod_innov,0.03166010616558451,0.045844776069344624,0.6905935393314074,0.49034279571213435,-0.05854963565678631,0.12186984798795533,M1 Morocco,D3_lowskill,lowskill_prod_share,ols,407,307,True,0.23503452596274488,69.0,407,0,,,,,,,,,,,,1.0,
R09d,T2,Country-specific sampling-region fixed effects added,proc_innov,-0.004862426855662931,0.04797699926845145,-0.1013491241595918,0.919339480724945,-0.09926778965801525,0.08954293594668938,M1 Morocco,D3_lowskill,lowskill_prod_share,ols,407,307,True,0.23503452596274488,36.0,407,0,,,,,,,,,,,,1.0,
R09d,T2,Country-specific sampling-region fixed effects added,web,0.0031692709573898255,0.04489276754506851,0.07059647089496426,0.9437648838115975,-0.08516718342525739,0.09150572534003704,M1 Morocco,D3_lowskill,lowskill_prod_share,ols,407,307,True,0.23503452596274488,254.0,407,0,,,,,,,,,,,,1.0,
R09d,T2,Country-specific sampling-region fixed effects added,prod_innov,0.05679534153808946,0.05562110408961958,1.0211113653295678,0.307416062081369,-0.05233467614044737,0.1659253592166263,M2 Korea,D3_lowskill,lowskill_prod_share,ols,1465,1152,True,0.13619436757486847,113.0,0,1465,,,,,,,,,,,,0.922248186244107,
R09d,T2,Country-specific sampling-region fixed effects added,proc_innov,0.001284881203088055,0.07755523706370122,0.016567304178732603,0.9867846772071427,-0.15088046197650498,0.1534502243826811,M2 Korea,D3_lowskill,lowskill_prod_share,ols,1465,1152,True,0.13619436757486847,45.0,0,1465,,,,,,,,,,,,0.9867846772071427,
R09d,T2,Country-specific sampling-region fixed effects added,web,0.020728249528063947,0.02401962081509069,0.8629715551146881,0.3883327252291127,-0.026398856038900114,0.067855355095028,M2 Korea,D3_lowskill,lowskill_prod_share,ols,1465,1152,True,0.13619436757486847,588.0,0,1465,,,,,,,,,,,,0.922248186244107,
R09d,T2,Country-specific sampling-region fixed effects added,prod_innov,0.048140751807752936,0.04022956521482412,1.1966510587594827,0.23163700182950706,-0.030773212044296207,0.1270547156598021,M3 Pooled,D3_lowskill,lowskill_prod_share,ols,1872,1459,True,0.1761082699695692,182.0,407,1465,,,,,,,,,,,,0.6949110054885211,
R09d,T2,Country-specific sampling-region fixed effects added,proc_innov,-0.010544227039857523,0.04476796730631851,-0.2355306187504591,0.8138299716920665,-0.09836068080652005,0.077272226726805,M3 Pooled,D3_lowskill,lowskill_prod_share,ols,1872,1459,True,0.1761082699695692,81.0,407,1465,,,,,,,,,,,,0.8138299716920665,
R09d,T2,Country-specific sampling-region fixed effects added,web,0.01976983287232764,0.02090731313794253,0.945594144110723,0.3445122027541038,-0.021241770022229826,0.060781435766885106,M3 Pooled,D3_lowskill,lowskill_prod_share,ols,1872,1459,True,0.1761082699695692,842.0,407,1465,,,,,,,,,,,,0.6949110054885211,
R09d,T2,Country-specific sampling-region fixed effects added,Korea,-0.11072063991353795,0.045400037371936874,-2.4387786073052378,0.01485555578130969,-0.1997769568018578,-0.021664323025218077,M3 Pooled,D3_lowskill,lowskill_prod_share,ols,1872,1459,True,0.1761082699695692,,407,1465,,,,,,,,,,,,,
R09d,T2,Country-specific sampling-region fixed effects added,prod_innov,0.029954952294500972,0.046703925223469674,0.6413797587926935,0.5213767200812072,-0.06165905961820037,0.12156896420720231,M4 Pooled x Korea,D3_lowskill,lowskill_prod_share,ols,1872,1459,True,0.17660733045068455,182.0,407,1465,0.13596817044078988,0.9385876229612126,,,,,,,,,,1.0,
R09d,T2,Country-specific sampling-region fixed effects added,proc_innov,-0.01731844930731259,0.04818460321037263,-0.3594187386311085,0.7193338697707895,-0.11183694623025531,0.07720004761563012,M4 Pooled x Korea,D3_lowskill,lowskill_prod_share,ols,1872,1459,True,0.17660733045068455,81.0,407,1465,0.13596817044078988,0.9385876229612126,,,,,,,,,,1.0,
R09d,T2,Country-specific sampling-region fixed effects added,web,0.006530356244298478,0.04533103291149028,0.1440592862079522,0.88547354912878,-0.08239060209693708,0.09545131458553402,M4 Pooled x Korea,D3_lowskill,lowskill_prod_share,ols,1872,1459,True,0.17660733045068455,842.0,407,1465,0.13596817044078988,0.9385876229612126,,,,,,,,,,1.0,
R09d,T2,Country-specific sampling-region fixed effects added,Korea,-0.1258481570431864,0.05720270249526094,-2.200038661698064,0.027960454897176697,-0.23805647877983677,-0.013639835306536008,M4 Pooled x Korea,D3_lowskill,lowskill_prod_share,ols,1872,1459,True,0.17660733045068455,,407,1465,0.13596817044078988,0.9385876229612126,,,,,,,,,,,
R09d,T2,Country-specific sampling-region fixed effects added,prod_innov:Korea,0.026553293284504897,0.07336115543386747,0.3619530407811225,0.7174395372582573,-0.11735130864540902,0.17045789521441881,M4 Pooled x Korea,D3_lowskill,lowskill_prod_share,ols,1872,1459,True,0.17660733045068455,,407,1465,0.13596817044078988,0.9385876229612126,,,,,,,,,,,1.0
R09d,T2,Country-specific sampling-region fixed effects added,proc_innov:Korea,0.023884275782059206,0.09366645256663397,0.2549928509897182,0.7987645587582296,-0.15985101970329482,0.20761957126741323,M4 Pooled x Korea,D3_lowskill,lowskill_prod_share,ols,1872,1459,True,0.17660733045068455,,407,1465,0.13596817044078988,0.9385876229612126,,,,,,,,,,,1.0
R09d,T2,Country-specific sampling-region fixed effects added,web:Korea,0.014989757755787196,0.051252962020062555,0.29246617492896465,0.7699718027990362,-0.08554760501618944,0.11552712052776382,M4 Pooled x Korea,D3_lowskill,lowskill_prod_share,ols,1872,1459,True,0.17660733045068455,,407,1465,0.13596817044078988,0.9385876229612126,,,,,,,,,,,1.0
R09d,T2,Country-specific sampling-region fixed effects added,prod_innov,-0.06854591850747116,0.8040601432005434,-0.08524974044183518,0.9321059303701523,-1.6493061356018437,1.5122142985869016,M1 Morocco,D4_energy,env_energy_mgmt,logit,502,396,True,0.3867083776760951,74.0,502,0,,,-0.004293118348339956,0.04979542287029547,0.9313389860775885,-0.10218955573849904,0.09360331904181914,0.9337505826859895,23.0,60.0,False,0.9321059303701523,
R09d,T2,Country-specific sampling-region fixed effects added,proc_innov,1.7495413364373955,0.8997564159941129,1.9444610845085017,0.052547588260001055,-0.01935513170176484,3.518437804576556,M1 Morocco,D4_energy,env_energy_mgmt,logit,502,396,True,0.3867083776760951,39.0,502,0,,,0.14879497190396188,0.0878752989747758,0.09119405343050742,-0.023965458841519738,0.3215554026494435,5.751963854652843,10.0,73.0,False,0.10509517652000211,
R09d,T2,Country-specific sampling-region fixed effects added,web,1.7298698523812759,0.4751307776233236,3.6408288703887965,0.00030782013327451706,0.7957757581329844,2.6639639466295675,M1 Morocco,D4_energy,env_energy_mgmt,logit,502,396,True,0.3867083776760951,317.0,502,0,,,0.09698974952774235,0.0323004377046178,0.002845323287081986,0.033487973758886666,0.16049152529659805,5.639919838523853,47.0,36.0,False,0.0009234603998235512,
R09d,T2,Country-specific sampling-region fixed effects added,prod_innov,0.39688106559515124,0.5292240930053872,0.7499300784688788,0.45344875435713405,-0.6414615690449609,1.4352237002352632,M2 Korea,D4_energy,env_energy_mgmt,logit,1476,1161,True,0.21888177991747237,116.0,0,1476,,,0.036509679155379796,0.053318538995402266,0.49364061721313374,-0.06810179448568135,0.14112115279644094,1.4871790427781675,49.0,198.0,False,0.7864921549870032,
R09d,T2,Country-specific sampling-region fixed effects added,proc_innov,0.8218267688991601,0.962255057088152,0.8540633409462796,0.3932460774935016,-1.0661266791357775,2.7097802169340977,M2 Korea,D4_energy,env_energy_mgmt,logit,1476,1161,True,0.21888177991747237,47.0,0,1476,,,0.0851237221140881,0.11967373229202337,0.4770422862779447,-0.14967726319186642,0.3199247074200426,2.2746513067541043,21.0,226.0,False,0.7864921549870032,
R09d,T2,Country-specific sampling-region fixed effects added,web,0.5453508884518312,0.3121507026730013,1.747075639368727,0.08088862507202096,-0.06709171819069581,1.1577934950943582,M2 Korea,D4_energy,env_energy_mgmt,logit,1476,1161,True,0.21888177991747237,598.0,0,1476,,,0.048194856321953534,0.028433856740039423,0.09034711633126535,-0.00759263731381242,0.10398234995771949,1.7252136337233868,157.0,90.0,False,0.2426658752160629,
R09d,T2,Country-specific sampling-region fixed effects added,prod_innov,0.045157237589511436,0.45967750329919227,0.0982367796235609,0.9217569224027777,-0.8564950212127902,0.946809496391813,M3 Pooled,D4_energy,env_energy_mgmt,logit,1978,1557,True,0.2405771958052222,190.0,502,1476,,,0.0036743677516298708,0.037793372451486194,0.9225621795408886,-0.07045690774927212,0.07780564325253185,1.0461923477394668,72.0,258.0,False,0.9217569224027777,
R09d,T2,Country-specific sampling-region fixed effects added,proc_innov,1.0133728422968236,0.7201717336314569,1.4071266546201469,0.1595894180588738,-0.39923592296557153,2.4259816075592187,M3 Pooled,D4_energy,env_energy_mgmt,logit,1978,1557,True,0.2405771958052222,86.0,502,1476,,,0.10441306870309634,0.09036283013414519,0.24806836912235225,-0.072832607488262,0.2816587448944547,2.7548771288913754,31.0,299.0,False,0.3191788361177476,
R09d,T2,Country-specific sampling-region fixed effects added,web,0.7826203870182139,0.2719545401392963,2.877761800252911,0.004059704253389938,0.2491846116143046,1.3160561624221232,M3 Pooled,D4_energy,env_energy_mgmt,logit,1978,1557,True,0.2405771958052222,915.0,502,1476,,,0.06593803175175796,0.023767848780457478,0.005598932291884876,0.019317663371836262,0.11255840013167964,2.1871960631106155,204.0,126.0,False,0.012179112760169815,
R09d,T2,Country-specific sampling-region fixed effects added,Korea,-1.9133903629121118,0.5940295402647179,-3.2210357115564423,0.0013036586202462314,-3.078572632940154,-0.7482080928840698,M3 Pooled,D4_energy,env_energy_mgmt,logit,1978,1557,True,0.2405771958052222,,502,1476,,,,,,,,0.1475791904432468,,,,,
R09d,T2,Country-specific sampling-region fixed effects added,prod_innov,-0.49575096686482084,0.9532076766685389,-0.5200870481839494,0.6030768416502473,-2.3654571165183538,1.3739551827887122,M4 Pooled x Korea,D4_energy,env_energy_mgmt,logit,1978,1557,True,0.2448843495053299,190.0,502,1476,1.6357481614396334,0.1791839889140831,-0.03534672036714279,0.05988619306127694,0.5551210752139539,-0.15281281530811303,0.08211937457382744,0.6091133115842847,72.0,258.0,False,0.6030768416502473,
R09d,T2,Country-specific sampling-region fixed effects added,proc_innov,1.3464809486371314,1.0123046357311503,1.3301143757626062,0.18367538822337043,-0.6391432223350759,3.3321051196093388,M4 Pooled x Korea,D4_energy,env_energy_mgmt,logit,1978,1557,True,0.2448843495053299,86.0,502,1476,1.6357481614396334,0.1791839889140831,0.14782727783105729,0.13983445838492534,0.2906029485146322,-0.12645644142048243,0.42211099708259703,3.8438749087772037,31.0,299.0,False,0.36735077644674086,
R09d,T2,Country-specific sampling-region fixed effects added,web,1.6508705144297564,0.45956337704858996,3.592258645656198,0.0003380176055908132,0.7494421129859413,2.5522989158735716,M4 Pooled x Korea,D4_energy,env_energy_mgmt,logit,1978,1557,True,0.2448843495053299,915.0,502,1476,1.6357481614396334,0.1791839889140831,0.14893566465498356,0.05055611755384489,0.003267507255945416,0.04977040800976232,0.2481009213002048,5.211514551740075,204.0,126.0,False,0.0010140528167724397,
R09d,T2,Country-specific sampling-region fixed effects added,Korea,-1.0970191463474777,0.6328294278877632,-1.7335147482143354,0.08320218257748153,-2.338306960078458,0.14426866738350275,M4 Pooled x Korea,D4_energy,env_energy_mgmt,logit,1978,1557,True,0.2448843495053299,,502,1476,1.6357481614396334,0.1791839889140831,,,,,,0.3338648040153513,,,,,
R09d,T2,Country-specific sampling-region fixed effects added,prod_innov:Korea,0.8261715544022723,1.0976352754077499,0.7526831297357548,0.4517541300128166,-1.3268277077093724,2.979170816513917,M4 Pooled x Korea,D4_energy,env_energy_mgmt,logit,1978,1557,True,0.2448843495053299,,502,1476,1.6357481614396334,0.1791839889140831,,,,,,2.2845556793831014,,,,,0.9035082600256332
R09d,T2,Country-specific sampling-region fixed effects added,proc_innov:Korea,-0.581557724748084,1.3573676854649979,-0.4284452407225665,0.6683862552502586,-3.2440191914085035,2.0809037419123357,M4 Pooled x Korea,D4_energy,env_energy_mgmt,logit,1978,1557,True,0.2448843495053299,,502,1476,1.6357481614396334,0.1791839889140831,,,,,,0.559026877969291,,,,,0.9035082600256332
R09d,T2,Country-specific sampling-region fixed effects added,web:Korea,-1.0600629891321087,0.5430815095495017,-1.9519408606112454,0.05112427241324554,-2.1253112692515685,0.005185290987351321,M4 Pooled x Korea,D4_energy,env_energy_mgmt,logit,1978,1557,True,0.2448843495053299,,502,1476,1.6357481614396334,0.1791839889140831,,,,,,0.34643398806654063,,,,,0.15337281723973661
R09d,T2,Country-specific sampling-region fixed effects added,prod_innov,2.419308546425202,0.7700283672867997,3.141843403704272,0.0018047665161396373,0.9054655580125526,3.9331515348378514,M1 Morocco,D4_co2,env_co2_monitor,logit,504,397,True,0.3055770794470297,74.0,504,0,,,0.18668730024352828,0.0884332591800133,0.03539237687615225,0.012831277479265851,0.3605433230077907,11.238086013005287,8.0,32.0,False,0.0036095330322792746,
R09d,T2,Country-specific sampling-region fixed effects added,proc_innov,-6.426634820862102,1.3890121812045837,-4.626766350809663,5.035778114220337e-06,-9.157373636037653,-3.6958960056865506,M1 Morocco,D4_co2,env_co2_monitor,logit,504,397,True,0.3055770794470297,39.0,504,0,,,-0.07510411014911413,0.01948504405415385,0.00013524603666251439,-0.11341087724163867,-0.03679734305658957,0.001617886160689627,1.0,39.0,True,1.5107334342661012e-05,
R09d,T2,Country-specific sampling-region fixed effects added,web,0.3169582693933271,0.5038495508411439,0.6290732399466984,0.5296629083914368,-0.6735884976605675,1.3075050364472218,M1 Morocco,D4_co2,env_co2_monitor,logit,504,397,True,0.3055770794470297,318.0,504,0,,,0.012446354562911259,0.01918726184258233,0.5169215701127556,-0.025274985378857882,0.0501676945046804,1.3729452768906556,26.0,14.0,False,0.5296629083914368,
R09d,T2,Country-specific sampling-region fixed effects added,prod_innov,-0.2918155736477939,0.4604241737798168,-0.6337972466826762,0.5263359819297165,-1.1951569423572113,0.6115257950616233,M2 Korea,D4_co2,env_co2_monitor,logit,1495,1180,True,0.25410631568929887,116.0,0,1495,,,-0.014020202440881173,0.02044718515349662,0.4930503308726854,-0.054137097414444356,0.026096692532682007,0.7469062724711185,30.0,146.0,False,1.0,
R09d,T2,Country-specific sampling-region fixed effects added,proc_innov,-0.27424456156336124,0.5414461821312285,-0.5065038236743786,0.6125976284401272,-1.3365491995531427,0.7880600764264201,M2 Korea,D4_co2,env_co2_monitor,logit,1495,1180,True,0.25410631568929887,48.0,0,1495,,,-0.013117651788175227,0.023825133226759776,0.5820255497148354,-0.05986200120419376,0.0336266976278433,0.760146149995896,11.0,165.0,False,1.0,
R09d,T2,Country-specific sampling-region fixed effects added,web,-0.6038008915204934,0.4182676543549553,-1.4435753882323608,0.1491238766611759,-1.4244321634844455,0.2168303804434586,M2 Korea,D4_co2,env_co2_monitor,logit,1495,1180,True,0.25410631568929887,606.0,0,1495,,,-0.029726913041165457,0.0193880173443104,0.12547932986548072,-0.06776574575620616,0.008311919673875238,0.5467296218617014,109.0,67.0,False,0.44737162998352775,
R09d,T2,Country-specific sampling-region fixed effects added,prod_innov,0.7432819760785623,0.5406028695348105,1.3749131163845973,0.16935368992774114,-0.3170940175625936,1.8036579697197181,M3 Pooled,D4_co2,env_co2_monitor,logit,1999,1577,True,0.22800033567577171,190.0,504,1495,,,0.047345059727438854,0.04267231625787451,0.2673824421731147,-0.036355383431233054,0.13104550288611078,2.1028256251196114,38.0,178.0,False,0.33870737985548227,
R09d,T2,Country-specific sampling-region fixed effects added,proc_innov,-1.7012508867759963,0.7757149101416383,-2.193139340927924,0.028442926732479796,-3.2227919568992545,-0.17970981665273822,M3 Pooled,D4_co2,env_co2_monitor,logit,1999,1577,True,0.22800033567577171,87.0,504,1495,,,-0.05037295427396859,0.01409287743576706,0.00036166675965827554,-0.07801570231759927,-0.022730206230337897,0.18245515051280356,12.0,204.0,False,0.08532878019743939,
R09d,T2,Country-specific sampling-region fixed effects added,web,-0.3784325692270319,0.3305014590969023,-1.1450254115703504,0.25237237399348333,-1.0267010724839556,0.26983593402989187,M3 Pooled,D4_co2,env_co2_monitor,logit,1999,1577,True,0.22800033567577171,924.0,504,1495,,,-0.019040167448933075,0.016444479544796275,0.2471023968371343,-0.051295511103009235,0.013215176205143085,0.6849341551374576,135.0,81.0,False,0.33870737985548227,
R09d,T2,Country-specific sampling-region fixed effects added,Korea,-1.54024693678871,0.8234317496369706,-1.8705216764689536,0.06159650851742311,-3.155383128108454,0.07488925453103401,M3 Pooled,D4_co2,env_co2_monitor,logit,1999,1577,True,0.22800033567577171,,504,1495,,,,,,,,0.21432816938193505,,,,,
R09d,T2,Country-specific sampling-region fixed effects added,prod_innov,2.6905832227708153,0.898046608133165,2.9960396246737426,0.0027777847726571463,0.9290922686907868,4.452074176850844,M4 Pooled x Korea,D4_co2,env_co2_monitor,logit,1999,1577,True,0.2501932457991569,190.0,504,1495,6.0617795244798485,0.000422043290595466,0.27577235802626365,0.13852121006975776,0.04667176250001321,0.004067241302615765,0.5474774747499116,14.740270275259746,38.0,178.0,False,0.005555569545314293,
R09d,T2,Country-specific sampling-region fixed effects added,proc_innov,-5.774652914693168,1.3757663182116118,-4.197408264944125,2.850500918972108e-05,-8.473176468493387,-3.0761293608929496,M4 Pooled x Korea,D4_co2,env_co2_monitor,logit,1999,1577,True,0.2501932457991569,87.0,504,1495,6.0617795244798485,0.000422043290595466,-0.0761991978474117,0.009324185634945909,6.148454087978177e-16,-0.09448830277957432,-0.0579100929152491,0.003105275267046332,12.0,204.0,False,8.551502756916324e-05,
R09d,T2,Country-specific sampling-region fixed effects added,web,0.789287532968994,0.5239952256469087,1.5062876422100286,0.13219362029241485,-0.2385130751496506,1.8170881410876385,M4 Pooled x Korea,D4_co2,env_co2_monitor,logit,1999,1577,True,0.2501932457991569,924.0,504,1495,6.0617795244798485,0.000422043290595466,0.04290966940634745,0.03134276444181809,0.17118001841642105,-0.018568204392310717,0.10438754320500562,2.201827138045431,135.0,81.0,False,0.13219362029241485,
R09d,T2,Country-specific sampling-region fixed effects added,Korea,-0.07043701841154061,0.8347829036219856,-0.08437764849510691,0.932766887492548,-1.7078381510849836,1.5669641142619024,M4 Pooled x Korea,D4_co2,env_co2_monitor,logit,1999,1577,True,0.2501932457991569,,504,1495,6.0617795244798485,0.000422043290595466,,,,,,0.9319864356635336,,,,,
R09d,T2,Country-specific sampling-region fixed effects added,prod_innov:Korea,-2.9225661963353837,1.0196344108592288,-2.866288313938509,0.004208279560973665,-4.922547906561857,-0.9225844861089103,M4 Pooled x Korea,D4_co2,env_co2_monitor,logit,1999,1577,True,0.2501932457991569,,504,1495,6.0617795244798485,0.000422043290595466,,,,,,0.0537954603043137,,,,,0.00841655912194733
R09d,T2,Country-specific sampling-region fixed effects added,proc_innov:Korea,5.272423716606256,1.4525659646680558,3.6297310035149586,0.0002927749819245162,2.423260005285939,8.121587427926572,M4 Pooled x Korea,D4_co2,env_co2_monitor,logit,1999,1577,True,0.2501932457991569,,504,1495,6.0617795244798485,0.000422043290595466,,,,,,194.88774314249554,,,,,0.0008783249457735486
R09d,T2,Country-specific sampling-region fixed effects added,web:Korea,-1.3676783403493218,0.6709163734077233,-2.038522824242014,0.04166417913217092,-2.6836602860510093,-0.051696394647634536,M4 Pooled x Korea,D4_co2,env_co2_monitor,logit,1999,1577,True,0.2501932457991569,,504,1495,6.0617795244798485,0.000422043290595466,,,,,,0.2546975947894504,,,,,0.04166417913217092
R09e,T2,Growth models with CURRENT size ln(l1) (mechanical size-growth link; Phan-style),prod_innov,0.9507758957482516,1.022873836051886,0.9295143371914567,0.3531960892711237,-1.0602448815603385,2.961796673056842,M1 Morocco,D1_sales,g_sales,ols,498,391,True,0.036178510789835805,74.0,498,0,,,,,,,,,,,,1.0,
R09e,T2,Growth models with CURRENT size ln(l1) (mechanical size-growth link; Phan-style),proc_innov,1.1231448173944407,1.4753494844378965,0.7612737383524795,0.44695246841240543,-1.7774655633032086,4.02375519809209,M1 Morocco,D1_sales,g_sales,ols,498,391,True,0.036178510789835805,37.0,498,0,,,,,,,,,,,,1.0,
R09e,T2,Growth models with CURRENT size ln(l1) (mechanical size-growth link; Phan-style),web,0.20942651770033457,1.2194993081437209,0.17173155925698416,0.8637374180811113,-2.188169705951701,2.6070227413523703,M1 Morocco,D1_sales,g_sales,ols,498,391,True,0.036178510789835805,316.0,498,0,,,,,,,,,,,,1.0,
R09e,T2,Growth models with CURRENT size ln(l1) (mechanical size-growth link; Phan-style),prod_innov,7.951278684512701,2.9993101510244324,2.6510358329554196,0.008137240685354727,2.0664075138843065,13.836149855141095,M2 Korea,D1_sales,g_sales,ols,1437,1125,True,0.07747617825912134,114.0,0,1437,,,,,,,,,,,,0.024411722056064178,
R09e,T2,Growth models with CURRENT size ln(l1) (mechanical size-growth link; Phan-style),proc_innov,-10.281810038194989,4.2736138420307075,-2.4058818644478523,0.01629402687375406,-18.666960498468306,-1.8966595779216693,M2 Korea,D1_sales,g_sales,ols,1437,1125,True,0.07747617825912134,47.0,0,1437,,,,,,,,,,,,0.03258805374750812,
R09e,T2,Growth models with CURRENT size ln(l1) (mechanical size-growth link; Phan-style),web,1.9170255937311909,1.197527889974411,1.6008191623596792,0.10969772965758684,-0.4326138236284367,4.266665011090819,M2 Korea,D1_sales,g_sales,ols,1437,1125,True,0.07747617825912134,595.0,0,1437,,,,,,,,,,,,0.10969772965758684,
R09e,T2,Growth models with CURRENT size ln(l1) (mechanical size-growth link; Phan-style),prod_innov,5.3287629370348375,2.0565403202581893,2.5911298137669556,0.009657949624695262,1.2947973284188024,9.362728545650873,M3 Pooled,D1_sales,g_sales,ols,1935,1516,True,0.06640986630055046,188.0,498,1437,,,,,,,,,,,,0.028973848874085786,
R09e,T2,Growth models with CURRENT size ln(l1) (mechanical size-growth link; Phan-style),proc_innov,-4.776424450656507,2.277454781413819,-2.0972642309461595,0.03613546056961249,-9.243720410235888,-0.3091284910771259,M3 Pooled,D1_sales,g_sales,ols,1935,1516,True,0.06640986630055046,84.0,498,1437,,,,,,,,,,,,0.07227092113922498,
R09e,T2,Growth models with CURRENT size ln(l1) (mechanical size-growth link; Phan-style),web,1.701544141416904,0.9518315968248068,1.7876525081674595,0.07403177627436891,-0.16550212505420658,3.5685904078880144,M3 Pooled,D1_sales,g_sales,ols,1935,1516,True,0.06640986630055046,911.0,498,1437,,,,,,,,,,,,0.07403177627436891,
R09e,T2,Growth models with CURRENT size ln(l1) (mechanical size-growth link; Phan-style),Korea,-1.2613176723622936,0.9670600231508586,-1.3042806466683317,0.19233589342493185,-3.1582349544743344,0.6355996097497472,M3 Pooled,D1_sales,g_sales,ols,1935,1516,True,0.06640986630055046,,498,1437,,,,,,,,,,,,,
R09e,T2,Growth models with CURRENT size ln(l1) (mechanical size-growth link; Phan-style),prod_innov,1.0450646357435363,1.033540684551443,1.0111499734498548,0.3121060092735828,-0.982256460524862,3.0723857320119343,M4 Pooled x Korea,D1_sales,g_sales,ols,1935,1516,True,0.07764285082050937,188.0,498,1437,3.15535487202785,0.023981105640423595,,,,,,,,,,0.9363180278207484,
R09e,T2,Growth models with CURRENT size ln(l1) (mechanical size-growth link; Phan-style),proc_innov,0.5089328004163174,1.475232295824719,0.34498485550833324,0.7301536118636927,-2.384779658053482,3.4026452588861167,M4 Pooled x Korea,D1_sales,g_sales,ols,1935,1516,True,0.07764285082050937,84.0,498,1437,3.15535487202785,0.023981105640423595,,,,,,,,,,1.0,
R09e,T2,Growth models with CURRENT size ln(l1) (mechanical size-growth link; Phan-style),web,0.15975603628682328,1.1888493218607574,0.13437870834360835,0.8931209543827162,-2.172207616927962,2.491719689501608,M4 Pooled x Korea,D1_sales,g_sales,ols,1935,1516,True,0.07764285082050937,911.0,498,1437,3.15535487202785,0.023981105640423595,,,,,,,,,,1.0,
R09e,T2,Growth models with CURRENT size ln(l1) (mechanical size-growth link; Phan-style),Korea,-2.6736633102615506,1.129352776056045,-2.367429705710369,0.018037079855888323,-4.888922701836803,-0.4584039186862978,M4 Pooled x Korea,D1_sales,g_sales,ols,1935,1516,True,0.07764285082050937,,498,1437,3.15535487202785,0.023981105640423595,,,,,,,,,,,
R09e,T2,Growth models with CURRENT size ln(l1) (mechanical size-growth link; Phan-style),prod_innov:Korea,6.721901259026875,3.1577450714146744,2.12870295321701,0.03343968268985431,0.5278894551326756,12.915913062921074,M4 Pooled x Korea,D1_sales,g_sales,ols,1935,1516,True,0.07764285082050937,,498,1437,3.15535487202785,0.023981105640423595,,,,,,,,,,,0.06687936537970862
R09e,T2,Growth models with CURRENT size ln(l1) (mechanical size-growth link; Phan-style),proc_innov:Korea,-10.902903082853122,4.404135405943787,-2.4756057836320493,0.01340960589847166,-19.541746964618106,-2.2640592010881377,M4 Pooled x Korea,D1_sales,g_sales,ols,1935,1516,True,0.07764285082050937,,498,1437,3.15535487202785,0.023981105640423595,,,,,,,,,,,0.040228817695414976
R09e,T2,Growth models with CURRENT size ln(l1) (mechanical size-growth link; Phan-style),web:Korea,2.0565252133071024,1.6347938251227303,1.2579722174768497,0.20859552672037054,-1.150171977485158,5.263222404099363,M4 Pooled x Korea,D1_sales,g_sales,ols,1935,1516,True,0.07764285082050937,,498,1437,3.15535487202785,0.023981105640423595,,,,,,,,,,,0.20859552672037054
R09e,T2,Growth models with CURRENT size ln(l1) (mechanical size-growth link; Phan-style),prod_innov,2.1844264945668397,1.8009116589254583,1.2129559402542884,0.22588652765597594,-1.3563689232648364,5.725221912398515,M1 Morocco,D1_lp,g_lp,ols,494,387,True,0.06389045761974887,72.0,494,0,,,,,,,,,,,,0.6776595829679278,
R09e,T2,Growth models with CURRENT size ln(l1) (mechanical size-growth link; Phan-style),proc_innov,-2.2719376228753756,3.183961991445887,-0.7135567663744795,0.4759313844741378,-8.531965966846716,3.988090721095965,M1 Morocco,D1_lp,g_lp,ols,494,387,True,0.06389045761974887,37.0,494,0,,,,,,,,,,,,0.901139619296519,
R09e,T2,Growth models with CURRENT size ln(l1) (mechanical size-growth link; Phan-style),web,-1.3141647211178578,1.7400832799700785,-0.7552309342001466,0.4505698096482595,-4.7353646860510565,2.1070352438153415,M1 Morocco,D1_lp,g_lp,ols,494,387,True,0.06389045761974887,314.0,494,0,,,,,,,,,,,,0.901139619296519,
R09e,T2,Growth models with CURRENT size ln(l1) (mechanical size-growth link; Phan-style),prod_innov,5.925409809705585,3.245644015002343,1.8256499426050914,0.06816942075171598,-0.44282362814868304,12.293643247559853,M2 Korea,D1_lp,g_lp,ols,1431,1119,True,0.05205544395318884,111.0,0,1431,,,,,,,,,,,,0.17223155548499156,
R09e,T2,Growth models with CURRENT size ln(l1) (mechanical size-growth link; Phan-style),proc_innov,-7.2168501747122225,3.794085671556302,-1.9021315804268413,0.05741051849499718,-14.661173436291842,0.22747308686739665,M2 Korea,D1_lp,g_lp,ols,1431,1119,True,0.05205544395318884,47.0,0,1431,,,,,,,,,,,,0.17223155548499156,
R09e,T2,Growth models with CURRENT size ln(l1) (mechanical size-growth link; Phan-style),web,2.2901831279204012,1.3899939416980587,1.6476209422342116,0.09971122413940108,-0.43710484852455833,5.017471104365361,M2 Korea,D1_lp,g_lp,ols,1431,1119,True,0.05205544395318884,593.0,0,1431,,,,,,,,,,,,0.17223155548499156,
R09e,T2,Growth models with CURRENT size ln(l1) (mechanical size-growth link; Phan-style),prod_innov,4.593626457968286,2.1740021806499206,2.112981531874552,0.03476650022126123,0.3292332573290526,8.85801965860752,M3 Pooled,D1_lp,g_lp,ols,1925,1506,True,0.032602618948829876,183.0,494,1431,,,,,,,,,,,,0.10429950066378368,
R09e,T2,Growth models with CURRENT size ln(l1) (mechanical size-growth link; Phan-style),proc_innov,-5.155943624986173,2.5467915105877257,-2.024485947731281,0.04309636689682388,-10.151578173038583,-0.16030907693376317,M3 Pooled,D1_lp,g_lp,ols,1925,1506,True,0.032602618948829876,84.0,494,1431,,,,,,,,,,,,0.10429950066378368,
R09e,T2,Growth models with CURRENT size ln(l1) (mechanical size-growth link; Phan-style),web,1.6967767509986975,1.1343686489616338,1.4957895323992556,0.13491802724270013,-0.5283332312756348,3.9218867332730296,M3 Pooled,D1_lp,g_lp,ols,1925,1506,True,0.032602618948829876,907.0,494,1431,,,,,,,,,,,,0.13491802724270013,
R09e,T2,Growth models with CURRENT size ln(l1) (mechanical size-growth link; Phan-style),Korea,0.4927218521951695,1.1685488849636338,0.4216527511474228,0.6733386734791366,-1.7994340453503233,2.7848777497406623,M3 Pooled,D1_lp,g_lp,ols,1925,1506,True,0.032602618948829876,,494,1431,,,,,,,,,,,,,
R09e,T2,Growth models with CURRENT size ln(l1) (mechanical size-growth link; Phan-style),prod_innov,2.2873986194930107,1.85309094283603,1.234369326738116,0.21725788609351815,-1.3475142095427484,5.92231144852877,M4 Pooled x Korea,D1_lp,g_lp,ols,1925,1506,True,0.03903747438442928,183.0,494,1431,2.0244578110234346,0.108576938844516,,,,,,,,,,0.6517736582805544,
R09e,T2,Growth models with CURRENT size ln(l1) (mechanical size-growth link; Phan-style),proc_innov,-2.7914243790569038,3.288472236890938,-0.8488514355517368,0.3960988690610429,-9.241895667589057,3.6590469094752502,M4 Pooled x Korea,D1_lp,g_lp,ols,1925,1506,True,0.03903747438442928,84.0,494,1431,2.0244578110234346,0.108576938844516,,,,,,,,,,0.6517736582805544,
R09e,T2,Growth models with CURRENT size ln(l1) (mechanical size-growth link; Phan-style),web,-1.7082825734674856,1.658829533100451,-1.029812008636357,0.30326362130035567,-4.962143790781612,1.5455786438466412,M4 Pooled x Korea,D1_lp,g_lp,ols,1925,1506,True,0.03903747438442928,907.0,494,1431,2.0244578110234346,0.108576938844516,,,,,,,,,,0.6517736582805544,
R09e,T2,Growth models with CURRENT size ln(l1) (mechanical size-growth link; Phan-style),Korea,-2.4169647271067,1.5127166838625044,-1.5977643090015563,0.11030521924626961,-5.384219681390284,0.5502902271768839,M4 Pooled x Korea,D1_lp,g_lp,ols,1925,1506,True,0.03903747438442928,,494,1431,2.0244578110234346,0.108576938844516,,,,,,,,,,,
R09e,T2,Growth models with CURRENT size ln(l1) (mechanical size-growth link; Phan-style),prod_innov:Korea,3.4633188599357227,3.6965475346470362,0.9369063504458403,0.3489569495803235,-3.787608628957602,10.714246348829047,M4 Pooled x Korea,D1_lp,g_lp,ols,1925,1506,True,0.03903747438442928,,494,1431,2.0244578110234346,0.108576938844516,,,,,,,,,,,0.697913899160647
R09e,T2,Growth models with CURRENT size ln(l1) (mechanical size-growth link; Phan-style),proc_innov:Korea,-4.438934744301361,4.89964449494053,-0.9059707798974176,0.3650962391398992,-14.049785577729484,5.1719160891267615,M4 Pooled x Korea,D1_lp,g_lp,ols,1925,1506,True,0.03903747438442928,,494,1431,2.0244578110234346,0.108576938844516,,,,,,,,,,,0.697913899160647
R09e,T2,Growth models with CURRENT size ln(l1) (mechanical size-growth link; Phan-style),web:Korea,4.603911487903495,2.082661097324702,2.2105908127911373,0.027214021798113133,0.5186875163193303,8.689135459487659,M4 Pooled x Korea,D1_lp,g_lp,ols,1925,1506,True,0.03903747438442928,,494,1431,2.0244578110234346,0.108576938844516,,,,,,,,,,,0.0816420653943394
R09e,T2,Growth models with CURRENT size ln(l1) (mechanical size-growth link; Phan-style),prod_innov,-1.3657804897625896,1.4875804887079072,-0.9181220781867666,0.35912532491048965,-4.290507844589959,1.5589468650647795,M1 Morocco,D2_emp,g_emp,ols,495,388,True,0.11335633173501236,72.0,495,0,,,,,,,,,,,,0.4467237611417175,
R09e,T2,Growth models with CURRENT size ln(l1) (mechanical size-growth link; Phan-style),proc_innov,3.340528138326224,2.7390625052985165,1.2195881371324007,0.22336188057085876,-2.0447341023655827,8.725790379018031,M1 Morocco,D2_emp,g_emp,ols,495,388,True,0.11335633173501236,38.0,495,0,,,,,,,,,,,,0.4467237611417175,
R09e,T2,Growth models with CURRENT size ln(l1) (mechanical size-growth link; Phan-style),web,1.6510982773121041,1.0305651422818258,1.6021289771710354,0.10994086149787095,-0.3750926316458658,3.677289186270074,M1 Morocco,D2_emp,g_emp,ols,495,388,True,0.11335633173501236,315.0,495,0,,,,,,,,,,,,0.32982258449361285,
R09e,T2,Growth models with CURRENT size ln(l1) (mechanical size-growth link; Phan-style),prod_innov,2.390022879652419,2.155603940729506,1.1087486130887199,0.2677724935613211,-1.8393735761820822,6.619419335486921,M2 Korea,D2_emp,g_emp,ols,1456,1140,True,0.026987485393881294,112.0,0,1456,,,,,,,,,,,,0.5355449871226422,
R09e,T2,Growth models with CURRENT size ln(l1) (mechanical size-growth link; Phan-style),proc_innov,-3.3832812220405915,1.6556143480997023,-2.043520114405802,0.04123046978706043,-6.631674548744154,-0.1348878953370285,M2 Korea,D2_emp,g_emp,ols,1456,1140,True,0.026987485393881294,48.0,0,1456,,,,,,,,,,,,0.12369140936118128,
R09e,T2,Growth models with CURRENT size ln(l1) (mechanical size-growth link; Phan-style),web,-0.3182958912740544,0.8009797426935603,-0.3973831974872158,0.6911592943676728,-1.889855870792793,1.2532640882446844,M2 Korea,D2_emp,g_emp,ols,1456,1140,True,0.026987485393881294,597.0,0,1456,,,,,,,,,,,,0.6911592943676728,
R09e,T2,Growth models with CURRENT size ln(l1) (mechanical size-growth link; Phan-style),prod_innov,0.8912994846801674,1.4889400204042522,0.5986134246281973,0.5495194276723167,-2.0292827607877335,3.811881730148068,M3 Pooled,D2_emp,g_emp,ols,1951,1528,True,0.041510560238295136,184.0,495,1456,,,,,,,,,,,,1.0,
R09e,T2,Growth models with CURRENT size ln(l1) (mechanical size-growth link; Phan-style),proc_innov,0.20533065815048948,2.04185122756395,0.10056102784504097,0.9199121275184978,-3.7997967219914113,4.210458038292391,M3 Pooled,D2_emp,g_emp,ols,1951,1528,True,0.041510560238295136,86.0,495,1456,,,,,,,,,,,,1.0,
R09e,T2,Growth models with CURRENT size ln(l1) (mechanical size-growth link; Phan-style),web,0.05450238550252996,0.6200072209593751,0.08790604957502766,0.9299628670918983,-1.1616527696958716,1.2706575407009315,M3 Pooled,D2_emp,g_emp,ols,1951,1528,True,0.041510560238295136,912.0,495,1456,,,,,,,,,,,,1.0,
R09e,T2,Growth models with CURRENT size ln(l1) (mechanical size-growth link; Phan-style),Korea,-1.8993591960158727,0.5953099470202168,-3.19053831625523,0.0014489275160882384,-3.0670702105573664,-0.7316481814743789,M3 Pooled,D2_emp,g_emp,ols,1951,1528,True,0.041510560238295136,,495,1456,,,,,,,,,,,,,
R09e,T2,Growth models with CURRENT size ln(l1) (mechanical size-growth link; Phan-style),prod_innov,-1.369642478186575,1.4547150426906963,-0.941519430261223,0.34658756086489834,-4.22309182314005,1.4838068667668995,M4 Pooled x Korea,D2_emp,g_emp,ols,1951,1528,True,0.052063690119845796,184.0,495,1456,2.6197304173289817,0.049401075987791344,,,,,,,,,,0.46324209383443954,
R09e,T2,Growth models with CURRENT size ln(l1) (mechanical size-growth link; Phan-style),proc_innov,3.22781434179895,2.697331568668731,1.1966694711514607,0.23162104691721977,-2.0630493475625156,8.518678031160416,M4 Pooled x Korea,D2_emp,g_emp,ols,1951,1528,True,0.052063690119845796,86.0,495,1456,2.6197304173289817,0.049401075987791344,,,,,,,,,,0.46324209383443954,
R09e,T2,Growth models with CURRENT size ln(l1) (mechanical size-growth link; Phan-style),web,1.6861095063067335,0.9894896852884081,1.7040192852695384,0.08858079950302394,-0.25479205273815775,3.627011065351625,M4 Pooled x Korea,D2_emp,g_emp,ols,1951,1528,True,0.052063690119845796,912.0,495,1456,2.6197304173289817,0.049401075987791344,,,,,,,,,,0.26574239850907183,
R09e,T2,Growth models with CURRENT size ln(l1) (mechanical size-growth link; Phan-style),Korea,-0.5967812133985096,0.9140125241918893,-0.6529245470964908,0.5139031453164369,-2.389632982917988,1.196070556120969,M4 Pooled x Korea,D2_emp,g_emp,ols,1951,1528,True,0.052063690119845796,,495,1456,2.6197304173289817,0.049401075987791344,,,,,,,,,,,
R09e,T2,Growth models with CURRENT size ln(l1) (mechanical size-growth link; Phan-style),prod_innov:Korea,3.814881072374682,2.60815964247579,1.4626716134421183,0.14376290447761383,-1.3010703029483919,8.930832447697757,M4 Pooled x Korea,D2_emp,g_emp,ols,1951,1528,True,0.052063690119845796,,495,1456,2.6197304173289817,0.049401075987791344,,,,,,,,,,,0.14441946068966316
R09e,T2,Growth models with CURRENT size ln(l1) (mechanical size-growth link; Phan-style),proc_innov:Korea,-6.539902257131465,3.048671130485843,-2.1451648856888186,0.03209689603675533,-12.519924725430805,-0.5598797888321245,M4 Pooled x Korea,D2_emp,g_emp,ols,1951,1528,True,0.052063690119845796,,495,1456,2.6197304173289817,0.049401075987791344,,,,,,,,,,,0.09629068811026598
R09e,T2,Growth models with CURRENT size ln(l1) (mechanical size-growth link; Phan-style),web:Korea,-2.2605188517496626,1.2565144846413334,-1.7990392306499499,0.07220973034483158,-4.72519428845421,0.2041565849548843,M4 Pooled x Korea,D2_emp,g_emp,ols,1951,1528,True,0.052063690119845796,,495,1456,2.6197304173289817,0.049401075987791344,,,,,,,,,,,0.14441946068966316
R10a,T2,Sector from ISIC rev.4 division of main product (d1a2_v4) instead of sampling stratum a4a,prod_innov,0.7989353442253955,1.0167847069590628,0.7857468142049483,0.4324966365420844,-1.200178056745146,2.798048745195937,M1 Morocco,D1_sales,g_sales,ols,494,387,True,0.05480013988191901,72.0,494,0,,,,,,,,,,,,1.0,
R10a,T2,Sector from ISIC rev.4 division of main product (d1a2_v4) instead of sampling stratum a4a,proc_innov,1.235447513368096,1.555039063029683,0.7944800505275239,0.4274029418327215,-1.821934652845459,4.292829679581651,M1 Morocco,D1_sales,g_sales,ols,494,387,True,0.05480013988191901,37.0,494,0,,,,,,,,,,,,1.0,
R10a,T2,Sector from ISIC rev.4 division of main product (d1a2_v4) instead of sampling stratum a4a,web,0.5348659405168165,1.0922490432069187,0.4896922948510104,0.6246291144702433,-1.6126188559476877,2.6823507369813204,M1 Morocco,D1_sales,g_sales,ols,494,387,True,0.05480013988191901,314.0,494,0,,,,,,,,,,,,1.0,
R10a,T2,Sector from ISIC rev.4 division of main product (d1a2_v4) instead of sampling stratum a4a,prod_innov,8.174026325996717,3.1762343301551614,2.5734959944209814,0.010195522062408223,1.941980675192295,14.40607197680114,M2 Korea,D1_sales,g_sales,ols,1431,1119,True,0.06410150212863741,111.0,0,1431,,,,,,,,,,,,0.20391044124816446,
R10a,T2,Sector from ISIC rev.4 division of main product (d1a2_v4) instead of sampling stratum a4a,proc_innov,-11.076509974497071,4.275551858570028,-2.590662057412548,0.009703708759442656,-19.465511413093214,-2.6875085359009283,M2 Korea,D1_sales,g_sales,ols,1431,1119,True,0.06410150212863741,47.0,0,1431,,,,,,,,,,,,0.2037778839482958,
R10a,T2,Sector from ISIC rev.4 division of main product (d1a2_v4) instead of sampling stratum a4a,web,2.2883399070198727,1.2223575829721258,1.8720707744585203,0.06145748155763692,-0.11003107788069899,4.686710891920445,M2 Korea,D1_sales,g_sales,ols,1431,1119,True,0.06410150212863741,593.0,0,1431,,,,,,,,,,,,0.9218622233645537,
R10a,T2,Sector from ISIC rev.4 division of main product (d1a2_v4) instead of sampling stratum a4a,prod_innov,5.397170371950588,2.1179586964703763,2.5482887749157186,0.010923838299879153,1.2427087320993637,9.55163201180181,M3 Pooled,D1_sales,g_sales,ols,1925,1506,True,0.05621019422553242,183.0,494,1431,,,,,,,,,,,,0.21847676599758306,
R10a,T2,Sector from ISIC rev.4 division of main product (d1a2_v4) instead of sampling stratum a4a,proc_innov,-4.95425685362538,2.3251648665525284,-2.130712073321041,0.03327448791476785,-9.51516177614372,-0.3933519311070386,M3 Pooled,D1_sales,g_sales,ols,1925,1506,True,0.05621019422553242,84.0,494,1431,,,,,,,,,,,,0.5656662945510534,
R10a,T2,Sector from ISIC rev.4 division of main product (d1a2_v4) instead of sampling stratum a4a,web,1.912276021358731,0.9713566357304259,1.9686652162732867,0.04917469081291335,0.006920695741578831,3.817631346975883,M3 Pooled,D1_sales,g_sales,ols,1925,1506,True,0.05621019422553242,907.0,494,1431,,,,,,,,,,,,0.7376203621937002,
R10a,T2,Sector from ISIC rev.4 division of main product (d1a2_v4) instead of sampling stratum a4a,Korea,-1.7511478735710193,0.94992256566003,-1.843463811552132,0.06545769387173654,-3.6144594038857694,0.11216365674373074,M3 Pooled,D1_sales,g_sales,ols,1925,1506,True,0.05621019422553242,,494,1431,,,,,,,,,,,,,
R10a,T2,Sector from ISIC rev.4 division of main product (d1a2_v4) instead of sampling stratum a4a,prod_innov,1.1319103854556873,1.0236808857555773,1.1057258186668457,0.26902181629771105,-0.8760810727384327,3.1399018436498074,M4 Pooled x Korea,D1_sales,g_sales,ols,1925,1506,True,0.06863548899576755,183.0,494,1431,3.3524940525265063,0.018334883220654977,,,,,,,,,,1.0,
R10a,T2,Sector from ISIC rev.4 division of main product (d1a2_v4) instead of sampling stratum a4a,proc_innov,0.5516865343371209,1.4281680677124833,0.3862896439217864,0.6993367361036917,-2.2497228899636825,3.3530959586379243,M4 Pooled x Korea,D1_sales,g_sales,ols,1925,1506,True,0.06863548899576755,84.0,494,1431,3.3524940525265063,0.018334883220654977,,,,,,,,,,1.0,
R10a,T2,Sector from ISIC rev.4 division of main product (d1a2_v4) instead of sampling stratum a4a,web,0.06626540297746973,1.2136604299319418,0.0545996238677615,0.9564646803482665,-2.31437861447215,2.4469094204270894,M4 Pooled x Korea,D1_sales,g_sales,ols,1925,1506,True,0.06863548899576755,907.0,494,1431,3.3524940525265063,0.018334883220654977,,,,,,,,,,1.0,
R10a,T2,Sector from ISIC rev.4 division of main product (d1a2_v4) instead of sampling stratum a4a,Korea,-3.336464912271189,1.1890003812108114,-2.806109203155612,0.00507889852969276,-5.668737246826552,-1.004192577715826,M4 Pooled x Korea,D1_sales,g_sales,ols,1925,1506,True,0.06863548899576755,,494,1431,3.3524940525265063,0.018334883220654977,,,,,,,,,,,
R10a,T2,Sector from ISIC rev.4 division of main product (d1a2_v4) instead of sampling stratum a4a,prod_innov:Korea,6.8442397694284285,3.308469238314876,2.0687028581575837,0.03874429173971484,0.35454355386334946,13.333935984993508,M4 Pooled x Korea,D1_sales,g_sales,ols,1925,1506,True,0.06863548899576755,,494,1431,3.3524940525265063,0.018334883220654977,,,,,,,,,,,0.6199086678354374
R10a,T2,Sector from ISIC rev.4 division of main product (d1a2_v4) instead of sampling stratum a4a,proc_innov:Korea,-11.50955375981428,4.410077410866583,-2.609830324396198,0.009148508514094177,-20.1600989582418,-2.8590085613867586,M4 Pooled x Korea,D1_sales,g_sales,ols,1925,1506,True,0.06863548899576755,,494,1431,3.3524940525265063,0.018334883220654977,,,,,,,,,,,0.1646731532536952
R10a,T2,Sector from ISIC rev.4 division of main product (d1a2_v4) instead of sampling stratum a4a,web:Korea,2.4312819953130433,1.6741918420423896,1.4522123058173908,0.14665087982003655,-0.8527130122894344,5.715277002915521,M4 Pooled x Korea,D1_sales,g_sales,ols,1925,1506,True,0.06863548899576755,,494,1431,3.3524940525265063,0.018334883220654977,,,,,,,,,,,1.0
R10a,T2,Sector from ISIC rev.4 division of main product (d1a2_v4) instead of sampling stratum a4a,prod_innov,1.9977188396644279,1.775555613255731,1.1251232148123647,0.26123413310521965,-1.4932237328726214,5.488661412201477,M1 Morocco,D1_lp,g_lp,ols,494,387,True,0.04128016869143947,72.0,494,0,,,,,,,,,,,,1.0,
R10a,T2,Sector from ISIC rev.4 division of main product (d1a2_v4) instead of sampling stratum a4a,proc_innov,-2.0442718331474268,3.3205514128014566,-0.6156422771429796,0.5384925261548221,-8.572850383267495,4.484306716972641,M1 Morocco,D1_lp,g_lp,ols,494,387,True,0.04128016869143947,37.0,494,0,,,,,,,,,,,,1.0,
R10a,T2,Sector from ISIC rev.4 division of main product (d1a2_v4) instead of sampling stratum a4a,web,-0.8747090648978819,1.5734376306491515,-0.5559222989582396,0.578585226116945,-3.968264889935185,2.2188467601394213,M1 Morocco,D1_lp,g_lp,ols,494,387,True,0.04128016869143947,314.0,494,0,,,,,,,,,,,,1.0,
R10a,T2,Sector from ISIC rev.4 division of main product (d1a2_v4) instead of sampling stratum a4a,prod_innov,6.434491407241452,3.3139800081024626,1.9416204658777496,0.05243380973220885,-0.06782314186766492,12.936805956350568,M2 Korea,D1_lp,g_lp,ols,1431,1119,True,0.10339791347646288,111.0,0,1431,,,,,,,,,,,,0.8913747654475503,
R10a,T2,Sector from ISIC rev.4 division of main product (d1a2_v4) instead of sampling stratum a4a,proc_innov,-7.7248987518734005,3.8571893602247997,-2.002727382672026,0.045447446290057106,-15.293036892217653,-0.15676061152914844,M2 Korea,D1_lp,g_lp,ols,1431,1119,True,0.10339791347646288,47.0,0,1431,,,,,,,,,,,,0.8180540332210279,
R10a,T2,Sector from ISIC rev.4 division of main product (d1a2_v4) instead of sampling stratum a4a,web,1.1070490360430318,1.4196327295276956,0.7798136891443334,0.4356654500390119,-1.678392797954302,3.8924908700403655,M2 Korea,D1_lp,g_lp,ols,1431,1119,True,0.10339791347646288,593.0,0,1431,,,,,,,,,,,,1.0,
R10a,T2,Sector from ISIC rev.4 division of main product (d1a2_v4) instead of sampling stratum a4a,prod_innov,4.748620227393536,2.195822344426076,2.1625703187908343,0.030731227535040748,0.44142589303324353,9.055814561753827,M3 Pooled,D1_lp,g_lp,ols,1925,1506,True,0.07037906069533117,183.0,494,1431,,,,,,,,,,,,0.5531620956307335,
R10a,T2,Sector from ISIC rev.4 division of main product (d1a2_v4) instead of sampling stratum a4a,proc_innov,-5.041830722822239,2.4751874136674012,-2.036949079080816,0.04182970957659361,-9.89701093887685,-0.18665050676762984,M3 Pooled,D1_lp,g_lp,ols,1925,1506,True,0.07037906069533117,84.0,494,1431,,,,,,,,,,,,0.6692753532254978,
R10a,T2,Sector from ISIC rev.4 division of main product (d1a2_v4) instead of sampling stratum a4a,web,0.9337605452500302,1.1477000398891064,0.8135928489993365,0.41600684662518594,-1.3174994994907447,3.1850205899908053,M3 Pooled,D1_lp,g_lp,ols,1925,1506,True,0.07037906069533117,907.0,494,1431,,,,,,,,,,,,1.0,
R10a,T2,Sector from ISIC rev.4 division of main product (d1a2_v4) instead of sampling stratum a4a,Korea,-0.06280073804812884,1.1405948854629904,-0.0550596349751619,0.9560982570818255,-2.3001237350279107,2.1745222589316526,M3 Pooled,D1_lp,g_lp,ols,1925,1506,True,0.07037906069533117,,494,1431,,,,,,,,,,,,,
R10a,T2,Sector from ISIC rev.4 division of main product (d1a2_v4) instead of sampling stratum a4a,prod_innov,2.312384621266111,1.772620968379068,1.3045003204382817,0.19226236541555838,-1.1646830984205416,5.789452340952764,M4 Pooled x Korea,D1_lp,g_lp,ols,1925,1506,True,0.07446758101316309,183.0,494,1431,1.2197040243414625,0.3010997680515018,,,,,,,,,,1.0,
R10a,T2,Sector from ISIC rev.4 division of main product (d1a2_v4) instead of sampling stratum a4a,proc_innov,-2.321746430330358,3.1472431749501326,-0.7377079879971924,0.46080684222048174,-8.4951912021306,3.851698341469884,M4 Pooled x Korea,D1_lp,g_lp,ols,1925,1506,True,0.07446758101316309,84.0,494,1431,1.2197040243414625,0.3010997680515018,,,,,,,,,,1.0,
R10a,T2,Sector from ISIC rev.4 division of main product (d1a2_v4) instead of sampling stratum a4a,web,-1.408253735349415,1.6636587517723211,-0.8464799249540692,0.39741955115276006,-4.671587660396781,1.855080189697952,M4 Pooled x Korea,D1_lp,g_lp,ols,1925,1506,True,0.07446758101316309,907.0,494,1431,1.2197040243414625,0.3010997680515018,,,,,,,,,,1.0,
R10a,T2,Sector from ISIC rev.4 division of main product (d1a2_v4) instead of sampling stratum a4a,Korea,-2.0433719799467336,1.5258970768561928,-1.3391283140516232,0.18073097957501746,-5.036480808142825,0.9497368482493571,M4 Pooled x Korea,D1_lp,g_lp,ols,1925,1506,True,0.07446758101316309,,494,1431,1.2197040243414625,0.3010997680515018,,,,,,,,,,,
R10a,T2,Sector from ISIC rev.4 division of main product (d1a2_v4) instead of sampling stratum a4a,prod_innov:Korea,3.7900994435843476,3.696602602411713,1.0252926406294354,0.3053897812621998,-3.4609360629565,11.041134950125194,M4 Pooled x Korea,D1_lp,g_lp,ols,1925,1506,True,0.07446758101316309,,494,1431,1.2197040243414625,0.3010997680515018,,,,,,,,,,,1.0
R10a,T2,Sector from ISIC rev.4 division of main product (d1a2_v4) instead of sampling stratum a4a,proc_innov:Korea,-5.389322025742144,4.873495076044135,-1.1058433304331379,0.2689709579834599,-14.948879716442544,4.1702356649582555,M4 Pooled x Korea,D1_lp,g_lp,ols,1925,1506,True,0.07446758101316309,,494,1431,1.2197040243414625,0.3010997680515018,,,,,,,,,,,1.0
R10a,T2,Sector from ISIC rev.4 division of main product (d1a2_v4) instead of sampling stratum a4a,web:Korea,3.13593294065529,2.1007545330433084,1.4927650476671093,0.13570815359333546,-0.9847820368447762,7.256647918155356,M4 Pooled x Korea,D1_lp,g_lp,ols,1925,1506,True,0.07446758101316309,,494,1431,1.2197040243414625,0.3010997680515018,,,,,,,,,,,1.0
R10a,T2,Sector from ISIC rev.4 division of main product (d1a2_v4) instead of sampling stratum a4a,prod_innov,-1.2821866459701556,1.4920043017165896,-0.8593719498629908,0.39066597018079807,-4.215611645743361,1.6512383538030495,M1 Morocco,D2_emp,g_emp,ols,495,388,True,0.07370752735042607,72.0,495,0,,,,,,,,,,,,1.0,
R10a,T2,Sector from ISIC rev.4 division of main product (d1a2_v4) instead of sampling stratum a4a,proc_innov,3.3939535123568016,2.7827402032971706,1.2196444024258628,0.22334056539945618,-2.077183314014406,8.86509033872801,M1 Morocco,D2_emp,g_emp,ols,495,388,True,0.07370752735042607,38.0,495,0,,,,,,,,,,,,1.0,
R10a,T2,Sector from ISIC rev.4 division of main product (d1a2_v4) instead of sampling stratum a4a,web,1.380739720647136,1.0466791864140261,1.31916229783609,0.18789282232040877,-0.6771329601733287,3.4386124014676005,M1 Morocco,D2_emp,g_emp,ols,495,388,True,0.07370752735042607,315.0,495,0,,,,,,,,,,,,1.0,
R10a,T2,Sector from ISIC rev.4 division of main product (d1a2_v4) instead of sampling stratum a4a,prod_innov,1.8439648225421652,2.1372188079278107,0.8627871024258968,0.3884359977316722,-2.3493591368367857,6.0372887819211165,M2 Korea,D2_emp,g_emp,ols,1456,1140,True,0.11336412132713447,112.0,0,1456,,,,,,,,,,,,1.0,
R10a,T2,Sector from ISIC rev.4 division of main product (d1a2_v4) instead of sampling stratum a4a,proc_innov,-3.597910095258145,1.87950184961386,-1.9142892016825248,0.05583334060269744,-7.285581244532938,0.0897610540166478,M2 Korea,D2_emp,g_emp,ols,1456,1140,True,0.11336412132713447,48.0,0,1456,,,,,,,,,,,,0.8933334496431591,
R10a,T2,Sector from ISIC rev.4 division of main product (d1a2_v4) instead of sampling stratum a4a,web,1.1292160828389113,0.7767797174219934,1.453714685788395,0.1463006543372523,-0.39486230732996175,2.6532944730077843,M2 Korea,D2_emp,g_emp,ols,1456,1140,True,0.11336412132713447,597.0,0,1456,,,,,,,,,,,,1.0,
R10a,T2,Sector from ISIC rev.4 division of main product (d1a2_v4) instead of sampling stratum a4a,prod_innov,0.670388416390847,1.473751390178231,0.4548856889015536,0.6492560986094053,-2.220401061629611,3.5611778944113053,M3 Pooled,D2_emp,g_emp,ols,1951,1528,True,0.09774436163136258,184.0,495,1456,,,,,,,,,,,,1.0,
R10a,T2,Sector from ISIC rev.4 division of main product (d1a2_v4) instead of sampling stratum a4a,proc_innov,0.009327844897004613,1.9887615636378833,0.004690278144727379,0.9962583254473609,-3.8916632182976016,3.910318908091611,M3 Pooled,D2_emp,g_emp,ols,1951,1528,True,0.09774436163136258,86.0,495,1456,,,,,,,,,,,,1.0,
R10a,T2,Sector from ISIC rev.4 division of main product (d1a2_v4) instead of sampling stratum a4a,web,0.9578419354243972,0.6100474252818668,1.5701106106329932,0.11659642100704712,-0.2387769039885499,2.1544607748373443,M3 Pooled,D2_emp,g_emp,ols,1951,1528,True,0.09774436163136258,912.0,495,1456,,,,,,,,,,,,1.0,
R10a,T2,Sector from ISIC rev.4 division of main product (d1a2_v4) instead of sampling stratum a4a,Korea,-1.833466082898263,0.5807133102047252,-3.1572654710667667,0.0016236806321155118,-2.9725455355617347,-0.6943866302347914,M3 Pooled,D2_emp,g_emp,ols,1951,1528,True,0.09774436163136258,,495,1456,,,,,,,,,,,,,
R10a,T2,Sector from ISIC rev.4 division of main product (d1a2_v4) instead of sampling stratum a4a,prod_innov,-1.279594682361221,1.5161297228208686,-0.8439875975654926,0.39880844647017877,-4.253510011129526,1.694320646407084,M4 Pooled x Korea,D2_emp,g_emp,ols,1951,1528,True,0.10347358628943071,184.0,495,1456,1.3455589920129256,0.2579576022965098,,,,,,,,,,1.0,
R10a,T2,Sector from ISIC rev.4 division of main product (d1a2_v4) instead of sampling stratum a4a,proc_innov,2.882268752747633,2.649351104052595,1.0879149797619325,0.27680421014162054,-2.3144804046871927,8.079017910182458,M4 Pooled x Korea,D2_emp,g_emp,ols,1951,1528,True,0.10347358628943071,86.0,495,1456,1.3455589920129256,0.2579576022965098,,,,,,,,,,1.0,
R10a,T2,Sector from ISIC rev.4 division of main product (d1a2_v4) instead of sampling stratum a4a,web,1.2961409749621065,1.0185059816985718,1.2725904395775076,0.2033570189372896,-0.7016765638827969,3.2939585138070098,M4 Pooled x Korea,D2_emp,g_emp,ols,1951,1528,True,0.10347358628943071,912.0,495,1456,1.3455589920129256,0.2579576022965098,,,,,,,,,,1.0,
R10a,T2,Sector from ISIC rev.4 division of main product (d1a2_v4) instead of sampling stratum a4a,Korea,-1.5684975978040765,0.9098156173155336,-1.7239730423973423,0.0849149758718948,-3.3531170600841818,0.21612186447602877,M4 Pooled x Korea,D2_emp,g_emp,ols,1951,1528,True,0.10347358628943071,,495,1456,1.3455589920129256,0.2579576022965098,,,,,,,,,,,
R10a,T2,Sector from ISIC rev.4 division of main product (d1a2_v4) instead of sampling stratum a4a,prod_innov:Korea,3.2030842289171546,2.642532202216342,1.212126847964489,0.22565121940576133,-1.9802895316825846,8.386457989516893,M4 Pooled x Korea,D2_emp,g_emp,ols,1951,1528,True,0.10347358628943071,,495,1456,1.3455589920129256,0.2579576022965098,,,,,,,,,,,1.0
R10a,T2,Sector from ISIC rev.4 division of main product (d1a2_v4) instead of sampling stratum a4a,proc_innov:Korea,-6.164693992900491,3.1311963743120312,-1.9687982662074215,0.049156750933797025,-12.306591189945612,-0.022796795855370533,M4 Pooled x Korea,D2_emp,g_emp,ols,1951,1528,True,0.10347358628943071,,495,1456,1.3455589920129256,0.2579576022965098,,,,,,,,,,,0.7373512640069554
R10a,T2,Sector from ISIC rev.4 division of main product (d1a2_v4) instead of sampling stratum a4a,web:Korea,-0.4886454931742996,1.2635967469337241,-0.38670999617564633,0.6990247611067878,-2.9672129129174163,1.989921926568817,M4 Pooled x Korea,D2_emp,g_emp,ols,1951,1528,True,0.10347358628943071,,495,1456,1.3455589920129256,0.2579576022965098,,,,,,,,,,,1.0
R10a,T2,Sector from ISIC rev.4 division of main product (d1a2_v4) instead of sampling stratum a4a,prod_innov,-0.04559463060476853,0.02841110450189124,-1.6048172503020233,0.10953928344154473,-0.1014948338675303,0.010305572657993235,M1 Morocco,D3_female,female_share,ols,418,314,True,0.09936166504995159,68.0,418,0,,,,,,,,,,,,1.0,
R10a,T2,Sector from ISIC rev.4 division of main product (d1a2_v4) instead of sampling stratum a4a,proc_innov,0.1324986516606471,0.03891217184942886,3.4050695544148057,0.0007474034786825328,0.0559370975107972,0.20906020581049697,M1 Morocco,D3_female,female_share,ols,418,314,True,0.09936166504995159,35.0,418,0,,,,,,,,,,,,0.014948069573650656,
R10a,T2,Sector from ISIC rev.4 division of main product (d1a2_v4) instead of sampling stratum a4a,web,0.032558569601818785,0.03361963631815364,0.9684390780943128,0.33357046847514954,-0.033589668446434975,0.09870680765007254,M1 Morocco,D3_female,female_share,ols,418,314,True,0.09936166504995159,264.0,418,0,,,,,,,,,,,,1.0,
R10a,T2,Sector from ISIC rev.4 division of main product (d1a2_v4) instead of sampling stratum a4a,prod_innov,0.11667544976968676,0.05385314415009084,2.166548520259238,0.03047064624120139,0.011015923977826234,0.2223349755615473,M2 Korea,D3_female,female_share,ols,1485,1170,True,0.07496298909362442,116.0,0,1485,,,,,,,,,,,,0.5789422785828264,
R10a,T2,Sector from ISIC rev.4 division of main product (d1a2_v4) instead of sampling stratum a4a,proc_innov,0.0042102332090620635,0.0669749264137208,0.06286282694891525,0.949886473398398,-0.12719414580167684,0.13561461221980095,M2 Korea,D3_female,female_share,ols,1485,1170,True,0.07496298909362442,48.0,0,1485,,,,,,,,,,,,1.0,
R10a,T2,Sector from ISIC rev.4 division of main product (d1a2_v4) instead of sampling stratum a4a,web,0.01687616033232868,0.02334720912620737,0.7228341615094841,0.4699262401364095,-0.02893091525759875,0.06268323592225611,M2 Korea,D3_female,female_share,ols,1485,1170,True,0.07496298909362442,601.0,0,1485,,,,,,,,,,,,1.0,
R10a,T2,Sector from ISIC rev.4 division of main product (d1a2_v4) instead of sampling stratum a4a,prod_innov,0.05026240333922464,0.0382721832571316,1.3132881132371457,0.18928889979702607,-0.024810927128055403,0.12533573380650467,M3 Pooled,D3_female,female_share,ols,1903,1484,True,0.06694501970877043,184.0,418,1485,,,,,,,,,,,,1.0,
R10a,T2,Sector from ISIC rev.4 division of main product (d1a2_v4) instead of sampling stratum a4a,proc_innov,0.04027407109537068,0.04216802536628053,0.9550855356764145,0.3396899926585468,-0.04244120235027299,0.12298934454101434,M3 Pooled,D3_female,female_share,ols,1903,1484,True,0.06694501970877043,83.0,418,1485,,,,,,,,,,,,1.0,
R10a,T2,Sector from ISIC rev.4 division of main product (d1a2_v4) instead of sampling stratum a4a,web,0.025347910468856462,0.019525910080835637,1.2981679401327892,0.19443134709146445,-0.012953408541989848,0.06364922947970278,M3 Pooled,D3_female,female_share,ols,1903,1484,True,0.06694501970877043,865.0,418,1485,,,,,,,,,,,,1.0,
R10a,T2,Sector from ISIC rev.4 division of main product (d1a2_v4) instead of sampling stratum a4a,Korea,0.10028575382475434,0.021549744050831713,4.653686539765832,3.551114010428212e-06,0.05801455529541698,0.14255695235409171,M3 Pooled,D3_female,female_share,ols,1903,1484,True,0.06694501970877043,,418,1485,,,,,,,,,,,,,
R10a,T2,Sector from ISIC rev.4 division of main product (d1a2_v4) instead of sampling stratum a4a,prod_innov,-0.0591203322649111,0.028906083352790143,-2.045255718091069,0.04100569351486376,-0.11582145990842976,-0.0024192046213924387,M4 Pooled x Korea,D3_female,female_share,ols,1903,1484,True,0.07323859831148605,184.0,418,1485,2.6413204663996077,0.048004747038600415,,,,,,,,,,0.6970967897526839,
R10a,T2,Sector from ISIC rev.4 division of main product (d1a2_v4) instead of sampling stratum a4a,proc_innov,0.09121842214018978,0.039950070846413,2.283310647705147,0.022552892321470043,0.012853808062806366,0.1695830362175732,M4 Pooled x Korea,D3_female,female_share,ols,1903,1484,True,0.07323859831148605,83.0,418,1485,2.6413204663996077,0.048004747038600415,,,,,,,,,,0.40595206178646076,
R10a,T2,Sector from ISIC rev.4 division of main product (d1a2_v4) instead of sampling stratum a4a,web,0.03298225073458387,0.03313615761284957,0.9953553191029603,0.31972574820996835,-0.032016437586176824,0.09798093905534457,M4 Pooled x Korea,D3_female,female_share,ols,1903,1484,True,0.07323859831148605,865.0,418,1485,2.6413204663996077,0.048004747038600415,,,,,,,,,,1.0,
R10a,T2,Sector from ISIC rev.4 division of main product (d1a2_v4) instead of sampling stratum a4a,Korea,0.0949075600760456,0.030858393698760738,3.0755832919409882,0.0021392828284060006,0.03437685106809226,0.15543826908399894,M4 Pooled x Korea,D3_female,female_share,ols,1903,1484,True,0.07323859831148605,,418,1485,2.6413204663996077,0.048004747038600415,,,,,,,,,,,
R10a,T2,Sector from ISIC rev.4 division of main product (d1a2_v4) instead of sampling stratum a4a,prod_innov:Korea,0.16849924053706963,0.06040807129809744,2.789349782507897,0.005348894027496785,0.05000495268877894,0.2869935283853603,M4 Pooled x Korea,D3_female,female_share,ols,1903,1484,True,0.07323859831148605,,418,1485,2.6413204663996077,0.048004747038600415,,,,,,,,,,,0.1069778805499357
R10a,T2,Sector from ISIC rev.4 division of main product (d1a2_v4) instead of sampling stratum a4a,proc_innov:Korea,-0.08074151517156661,0.07783579187009834,-1.0373314542276089,0.2997504032170448,-0.233421389376482,0.07193835903334878,M4 Pooled x Korea,D3_female,female_share,ols,1903,1484,True,0.07323859831148605,,418,1485,2.6413204663996077,0.048004747038600415,,,,,,,,,,,1.0
R10a,T2,Sector from ISIC rev.4 division of main product (d1a2_v4) instead of sampling stratum a4a,web:Korea,-0.013008482216067471,0.040157668850176714,-0.32393519316573144,0.746032746313666,-0.09178031302932908,0.06576334859719414,M4 Pooled x Korea,D3_female,female_share,ols,1903,1484,True,0.07323859831148605,,418,1485,2.6413204663996077,0.048004747038600415,,,,,,,,,,,1.0
R10a,T2,Sector from ISIC rev.4 division of main product (d1a2_v4) instead of sampling stratum a4a,prod_innov,0.0016044939915830956,0.04508735065515481,0.03558634446842697,0.9716353241042731,-0.08711484571909643,0.09032383370226262,M1 Morocco,D3_lowskill,lowskill_prod_share,ols,407,307,True,0.15188713999431125,69.0,407,0,,,,,,,,,,,,1.0,
R10a,T2,Sector from ISIC rev.4 division of main product (d1a2_v4) instead of sampling stratum a4a,proc_innov,-0.0213745620253682,0.044539976649858475,-0.4798961210375066,0.6316429835193746,-0.10901682225324319,0.0662676982025068,M1 Morocco,D3_lowskill,lowskill_prod_share,ols,407,307,True,0.15188713999431125,36.0,407,0,,,,,,,,,,,,1.0,
R10a,T2,Sector from ISIC rev.4 division of main product (d1a2_v4) instead of sampling stratum a4a,web,-0.04788709440574678,0.045402412384979905,-1.0547257709501987,0.2923801094487197,-0.13722638778928625,0.04145219897779268,M1 Morocco,D3_lowskill,lowskill_prod_share,ols,407,307,True,0.15188713999431125,254.0,407,0,,,,,,,,,,,,1.0,
R10a,T2,Sector from ISIC rev.4 division of main product (d1a2_v4) instead of sampling stratum a4a,prod_innov,0.04391608759861278,0.05489892470944998,0.7999444038482837,0.42390792939226685,-0.06379699580983121,0.15162917100705675,M2 Korea,D3_lowskill,lowskill_prod_share,ols,1465,1152,True,0.09107613463807251,113.0,0,1465,,,,,,,,,,,,1.0,
R10a,T2,Sector from ISIC rev.4 division of main product (d1a2_v4) instead of sampling stratum a4a,proc_innov,0.01576556792124558,0.08483653164472507,0.18583465890930073,0.8526071394154789,-0.15068585999822343,0.1822169958407146,M2 Korea,D3_lowskill,lowskill_prod_share,ols,1465,1152,True,0.09107613463807251,45.0,0,1465,,,,,,,,,,,,1.0,
R10a,T2,Sector from ISIC rev.4 division of main product (d1a2_v4) instead of sampling stratum a4a,web,0.04268412302603454,0.02484618003000532,1.7179350296298002,0.08607718716133414,-0.006064712695560255,0.09143295874762933,M2 Korea,D3_lowskill,lowskill_prod_share,ols,1465,1152,True,0.09107613463807251,588.0,0,1465,,,,,,,,,,,,1.0,
R10a,T2,Sector from ISIC rev.4 division of main product (d1a2_v4) instead of sampling stratum a4a,prod_innov,0.02456259567312558,0.0399024443564522,0.615566190725201,0.5382768786705193,-0.05370969075946938,0.10283488210572053,M3 Pooled,D3_lowskill,lowskill_prod_share,ols,1872,1459,True,0.11057677335833538,182.0,407,1465,,,,,,,,,,,,1.0,
R10a,T2,Sector from ISIC rev.4 division of main product (d1a2_v4) instead of sampling stratum a4a,proc_innov,-0.022609992216670746,0.046779907721742876,-0.48332699481067654,0.628936097618175,-0.1143730507345268,0.06915306630118531,M3 Pooled,D3_lowskill,lowskill_prod_share,ols,1872,1459,True,0.11057677335833538,81.0,407,1465,,,,,,,,,,,,1.0,
R10a,T2,Sector from ISIC rev.4 division of main product (d1a2_v4) instead of sampling stratum a4a,web,0.02034779612892417,0.021324037726711088,0.9542187267581107,0.3401310022432102,-0.021481250080238747,0.06217684233808709,M3 Pooled,D3_lowskill,lowskill_prod_share,ols,1872,1459,True,0.11057677335833538,842.0,407,1465,,,,,,,,,,,,1.0,
R10a,T2,Sector from ISIC rev.4 division of main product (d1a2_v4) instead of sampling stratum a4a,Korea,-0.10491242326904207,0.023309315182218356,-4.500879689038445,7.304911626131037e-06,-0.15063577240003867,-0.059189074138045465,M3 Pooled,D3_lowskill,lowskill_prod_share,ols,1872,1459,True,0.11057677335833538,,407,1465,,,,,,,,,,,,,
R10a,T2,Sector from ISIC rev.4 division of main product (d1a2_v4) instead of sampling stratum a4a,prod_innov,-0.01756369008275374,0.0443565490801909,-0.3959661075301612,0.6921879273041557,-0.10457310944943361,0.06944572928392613,M4 Pooled x Korea,D3_lowskill,lowskill_prod_share,ols,1872,1459,True,0.1219294899176604,182.0,407,1465,2.561072494136844,0.05345075690189349,,,,,,,,,,1.0,
R10a,T2,Sector from ISIC rev.4 division of main product (d1a2_v4) instead of sampling stratum a4a,proc_innov,-0.03258376124585075,0.042715607149130565,-0.7628069321850658,0.44570185639284365,-0.11637432324881022,0.05120680075710871,M4 Pooled x Korea,D3_lowskill,lowskill_prod_share,ols,1872,1459,True,0.1219294899176604,81.0,407,1465,2.561072494136844,0.05345075690189349,,,,,,,,,,1.0,
R10a,T2,Sector from ISIC rev.4 division of main product (d1a2_v4) instead of sampling stratum a4a,web,-0.06850999623532761,0.04206215846879715,-1.6287798517555914,0.10357551536873404,-0.15101875901267678,0.013998766542021562,M4 Pooled x Korea,D3_lowskill,lowskill_prod_share,ols,1872,1459,True,0.1219294899176604,842.0,407,1465,2.561072494136844,0.05345075690189349,,,,,,,,,,1.0,
R10a,T2,Sector from ISIC rev.4 division of main product (d1a2_v4) instead of sampling stratum a4a,Korea,-0.18035177945053182,0.03756128605315273,-4.801533664084802,1.7363932644997938e-06,-0.2540316701977163,-0.10667188870334739,M4 Pooled x Korea,D3_lowskill,lowskill_prod_share,ols,1872,1459,True,0.1219294899176604,,407,1465,2.561072494136844,0.05345075690189349,,,,,,,,,,,
R10a,T2,Sector from ISIC rev.4 division of main product (d1a2_v4) instead of sampling stratum a4a,prod_innov:Korea,0.06094068482801397,0.0711206423512772,0.8568635323485599,0.3916610239760675,-0.0785689462026266,0.20045031585865453,M4 Pooled x Korea,D3_lowskill,lowskill_prod_share,ols,1872,1459,True,0.1219294899176604,,407,1465,2.561072494136844,0.05345075690189349,,,,,,,,,,,1.0
R10a,T2,Sector from ISIC rev.4 division of main product (d1a2_v4) instead of sampling stratum a4a,proc_innov:Korea,0.05224055730579982,0.09576013265761914,0.5455355569794452,0.5854686233734282,-0.13560168276459975,0.2400827973761994,M4 Pooled x Korea,D3_lowskill,lowskill_prod_share,ols,1872,1459,True,0.1219294899176604,,407,1465,2.561072494136844,0.05345075690189349,,,,,,,,,,,1.0
R10a,T2,Sector from ISIC rev.4 division of main product (d1a2_v4) instead of sampling stratum a4a,web:Korea,0.11368791295287636,0.04795325268302538,2.3708071213513304,0.01787859891543678,0.019623231204289687,0.20775259470146304,M4 Pooled x Korea,D3_lowskill,lowskill_prod_share,ols,1872,1459,True,0.1219294899176604,,407,1465,2.561072494136844,0.05345075690189349,,,,,,,,,,,0.3039361815624253
R10a,T2,Sector from ISIC rev.4 division of main product (d1a2_v4) instead of sampling stratum a4a,prod_innov,-0.5662741261754735,1.1977165087637769,-0.47279479078062747,0.6366200670528963,-2.9209519751168393,1.7884037227658922,M1 Morocco,D4_energy,env_energy_mgmt,logit,502,396,True,0.18515433567481787,74.0,502,0,,,-0.040410674067435724,0.07261278534518645,0.578167828781764,-0.18316542108075148,0.10234407294588002,0.567636445358813,23.0,60.0,False,1.0,
R10a,T2,Sector from ISIC rev.4 division of main product (d1a2_v4) instead of sampling stratum a4a,proc_innov,1.6407258772384359,1.139178115822093,1.4402715909394017,0.15058069353037926,-0.5988670946357524,3.880318849112624,M1 Morocco,D4_energy,env_energy_mgmt,logit,502,396,True,0.18515433567481787,39.0,502,0,,,0.19907959363590708,0.17151207817900463,0.2464500625843728,-0.13810845408570413,0.5362676413575183,5.158912890896208,10.0,73.0,False,1.0,
R10a,T2,Sector from ISIC rev.4 division of main product (d1a2_v4) instead of sampling stratum a4a,web,1.4912595117128264,0.45242403979738566,3.2961544492212984,0.0010685964314681854,0.6018062420580284,2.3807127813676248,M1 Morocco,D4_energy,env_energy_mgmt,logit,502,396,True,0.18515433567481787,317.0,502,0,,,0.094313769498091,0.03314275566180973,0.004661936213860138,0.02915601969777397,0.15947151929840803,4.442687613695901,47.0,36.0,False,0.020303332197895523,
R10a,T2,Sector from ISIC rev.4 division of main product (d1a2_v4) instead of sampling stratum a4a,prod_innov,0.19347278706459092,0.4479603924583951,0.4318970835854868,0.6658964097428292,-0.6854297048424315,1.0723752789716134,M2 Korea,D4_energy,env_energy_mgmt,logit,1476,1161,True,0.13660796103296824,116.0,0,1476,,,0.01857137137431876,0.04520325949246866,0.6812646328725636,-0.07011784776002776,0.10726059050866528,1.213456364392521,49.0,198.0,False,1.0,
R10a,T2,Sector from ISIC rev.4 division of main product (d1a2_v4) instead of sampling stratum a4a,proc_innov,0.7172517646107829,0.6629455486280634,1.0819165557338817,0.27951427086967606,-0.5834536202787725,2.0179571495003383,M2 Korea,D4_energy,env_energy_mgmt,logit,1476,1161,True,0.13660796103296824,47.0,0,1476,,,0.08118986146571483,0.0904936234243095,0.36980420588407625,-0.0963594765300729,0.2587391994615026,2.048794895846498,21.0,226.0,False,1.0,
R10a,T2,Sector from ISIC rev.4 division of main product (d1a2_v4) instead of sampling stratum a4a,web,0.5154730805191687,0.2971186803229853,1.7349063342594937,0.08302277634042558,-0.06747655727107704,1.0984227183094144,M2 Korea,D4_energy,env_energy_mgmt,logit,1476,1161,True,0.13660796103296824,598.0,0,1476,,,0.04961151450917383,0.030238149174331454,0.10113205894922907,-0.00971601780707778,0.10893904682542543,1.6744304548828788,157.0,90.0,False,1.0,
R10a,T2,Sector from ISIC rev.4 division of main product (d1a2_v4) instead of sampling stratum a4a,prod_innov,-0.0355600935972833,0.4622004160952479,-0.07693652441445499,0.9386839261380272,-0.9421610175071836,0.871040830312617,M3 Pooled,D4_energy,env_energy_mgmt,logit,1978,1557,True,0.13391685208952564,190.0,502,1476,,,-0.0031519303709098803,0.04058158407476605,0.9381013468255134,-0.08275225164870041,0.07644839090688064,0.965064738275691,72.0,258.0,False,1.0,
R10a,T2,Sector from ISIC rev.4 division of main product (d1a2_v4) instead of sampling stratum a4a,proc_innov,1.1644889684093371,0.695056992966102,1.6753863067256836,0.09405925397785733,-0.19885751517160632,2.5278354519902804,M3 Pooled,D4_energy,env_energy_mgmt,logit,1978,1557,True,0.13391685208952564,86.0,502,1476,,,0.14631983723549957,0.11375900456822538,0.198555282145523,-0.07681717228067178,0.3694568467516709,3.2042849738796177,31.0,299.0,False,1.0,
R10a,T2,Sector from ISIC rev.4 division of main product (d1a2_v4) instead of sampling stratum a4a,web,0.6505262818200737,0.2586111055399676,2.515461509132819,0.011987634145255173,0.14326350348544836,1.157789060154699,M3 Pooled,D4_energy,env_energy_mgmt,logit,1978,1557,True,0.13391685208952564,915.0,502,1476,,,0.05997966439012899,0.025139000311664286,0.017155328409660872,0.010669797684969097,0.10928953109528888,1.9165492086504756,204.0,126.0,False,0.2277650487598483,
R10a,T2,Sector from ISIC rev.4 division of main product (d1a2_v4) instead of sampling stratum a4a,Korea,0.2534286060150259,0.27871204386302567,0.9092847316622406,0.3633405757691555,-0.2932619370306224,0.8001191490606743,M3 Pooled,D4_energy,env_energy_mgmt,logit,1978,1557,True,0.13391685208952564,,502,1476,,,,,,,,1.288435389664721,,,,,
R10a,T2,Sector from ISIC rev.4 division of main product (d1a2_v4) instead of sampling stratum a4a,prod_innov,-0.7420097702547989,1.24074479114719,-0.5980357729882051,0.5499030391717508,-3.175716739827568,1.6916971993179701,M4 Pooled x Korea,D4_energy,env_energy_mgmt,logit,1978,1557,True,0.13870545700678638,190.0,502,1476,1.3856192852849751,0.24544535709502738,-0.05419700771750044,0.07273455769680265,0.4563030455838477,-0.19686502555526542,0.08847101012026454,0.4761559890939255,72.0,258.0,False,1.0,
R10a,T2,Sector from ISIC rev.4 division of main product (d1a2_v4) instead of sampling stratum a4a,proc_innov,1.8198603769301562,1.2250897348085201,1.4854914911311357,0.1376161103504092,-0.583139375499877,4.222860129360189,M4 Pooled x Korea,D4_energy,env_energy_mgmt,logit,1978,1557,True,0.13870545700678638,86.0,502,1476,1.3856192852849751,0.24544535709502738,0.2635124812123287,0.23766808623473687,0.26771292289065485,-0.20267080002450022,0.7296957624491576,6.170996776216301,31.0,299.0,False,1.0,
R10a,T2,Sector from ISIC rev.4 division of main product (d1a2_v4) instead of sampling stratum a4a,web,1.4370839013477124,0.4299289218648125,3.3426081109276735,0.0008496281474162636,0.5937831508397255,2.280384651855699,M4 Pooled x Korea,D4_energy,env_energy_mgmt,logit,1978,1557,True,0.13870545700678638,915.0,502,1476,1.3856192852849751,0.24544535709502738,0.14238809992036439,0.052721820230443556,0.006993464733659845,0.038974841804036986,0.24580135803669179,4.208405779802503,204.0,126.0,False,0.01699256294832527,
R10a,T2,Sector from ISIC rev.4 division of main product (d1a2_v4) instead of sampling stratum a4a,Korea,0.9783001118440215,0.3667181934302814,2.6677163265149293,0.0077160698976653196,0.25898649506452154,1.6976137286235216,M4 Pooled x Korea,D4_energy,env_energy_mgmt,logit,1978,1557,True,0.13870545700678638,,502,1476,1.3856192852849751,0.24544535709502738,,,,,,2.6599308117739304,,,,,
R10a,T2,Sector from ISIC rev.4 division of main product (d1a2_v4) instead of sampling stratum a4a,prod_innov:Korea,0.9583526049999098,1.3206433339203851,0.7256710274340309,0.4681495238065159,-1.6320744586592872,3.548779668659107,M4 Pooled x Korea,D4_energy,env_energy_mgmt,logit,1978,1557,True,0.13870545700678638,,502,1476,1.3856192852849751,0.24544535709502738,,,,,,2.6073975197207124,,,,,1.0
R10a,T2,Sector from ISIC rev.4 division of main product (d1a2_v4) instead of sampling stratum a4a,proc_innov:Korea,-1.0817086973952168,1.3856832226383515,-0.7806320230504308,0.43513761439557147,-3.799710772130462,1.6362933773400286,M4 Pooled x Korea,D4_energy,env_energy_mgmt,logit,1978,1557,True,0.13870545700678638,,502,1476,1.3856192852849751,0.24544535709502738,,,,,,0.33901575512209386,,,,,1.0
R10a,T2,Sector from ISIC rev.4 division of main product (d1a2_v4) instead of sampling stratum a4a,web:Korea,-0.934486684474709,0.4921996956135949,-1.898592568834774,0.05780280216912285,-1.8999308581543368,0.03095748920491892,M4 Pooled x Korea,D4_energy,env_energy_mgmt,logit,1978,1557,True,0.13870545700678638,,502,1476,1.3856192852849751,0.24544535709502738,,,,,,0.3927874376819366,,,,,0.8092392303677198
R10a,T2,Sector from ISIC rev.4 division of main product (d1a2_v4) instead of sampling stratum a4a,prod_innov,2.1835623575292717,0.8430228914720638,2.5901578469789763,0.009946242857610206,0.5262152420936985,3.840909472964845,M1 Morocco,D4_co2,env_co2_monitor,logit,504,397,True,0.2775555751533918,74.0,504,0,,,0.16520276873996553,0.09406063231795753,0.07980079088979297,-0.019716430044779354,0.3501219675247104,8.877876162684226,8.0,32.0,False,0.1790323714369837,
R10a,T2,Sector from ISIC rev.4 division of main product (d1a2_v4) instead of sampling stratum a4a,proc_innov,-6.344214129517533,1.399402025512254,-4.53351789825745,7.690399212652166e-06,-9.095378936285167,-3.5930493227498985,M1 Morocco,D4_co2,env_co2_monitor,logit,504,397,True,0.2775555751533918,39.0,504,0,,,-0.07620623958833218,0.02153787693913154,0.0004504533355596941,-0.1185487887394532,-0.03386369043721117,0.0017568828827397413,1.0,39.0,True,0.00016149838346569547,
R10a,T2,Sector from ISIC rev.4 division of main product (d1a2_v4) instead of sampling stratum a4a,web,0.023956618021163334,0.6426851999734953,0.03727582029608169,0.970283820866495,-1.239535124711073,1.2874483607534,M1 Morocco,D4_co2,env_co2_monitor,logit,504,397,True,0.2775555751533918,318.0,504,0,,,0.0009955266994202032,0.026552232060885455,0.9701106509775429,-0.0512050311497764,0.05319608454861681,1.0242458831135695,26.0,14.0,False,1.0,
R10a,T2,Sector from ISIC rev.4 division of main product (d1a2_v4) instead of sampling stratum a4a,prod_innov,-0.29895588292768527,0.3975870807423491,-0.7519255463972673,0.4522457851383318,-1.0790123572663473,0.4811005914109766,M2 Korea,D4_co2,env_co2_monitor,logit,1495,1180,True,0.1678919298502387,116.0,0,1495,,,-0.015252755063675355,0.018719496460755554,0.41534787013003377,-0.05197996557390528,0.021474455446554568,0.7415921255867673,30.0,146.0,False,1.0,
R10a,T2,Sector from ISIC rev.4 division of main product (d1a2_v4) instead of sampling stratum a4a,proc_innov,-0.43642698625798004,0.534670954468434,-0.8162534033513613,0.4145199634480172,-1.4854387873839143,0.6125848148679541,M2 Korea,D4_co2,env_co2_monitor,logit,1495,1180,True,0.1678919298502387,48.0,0,1495,,,-0.0209380189865361,0.022055494193687717,0.3426454175424244,-0.06421037836099483,0.022334340387922626,0.6463416879886977,11.0,165.0,False,1.0,
R10a,T2,Sector from ISIC rev.4 division of main product (d1a2_v4) instead of sampling stratum a4a,web,-0.3066757368934757,0.33695561151968745,-0.9101369035237374,0.36293618248753534,-0.9677746987609211,0.3544232249739697,M2 Korea,D4_co2,env_co2_monitor,logit,1495,1180,True,0.1678919298502387,606.0,0,1495,,,-0.01668458665364314,0.017951504305191865,0.3528586823509394,-0.051905014669657704,0.018535841362371422,0.7358891839361665,109.0,67.0,False,1.0,
R10a,T2,Sector from ISIC rev.4 division of main product (d1a2_v4) instead of sampling stratum a4a,prod_innov,0.613741833099338,0.43730621130937397,1.403460132115855,0.1606765427550237,-0.24402092487797156,1.4715045910766476,M3 Pooled,D4_co2,env_co2_monitor,logit,1999,1577,True,0.16527693442939972,190.0,504,1495,,,0.04025210662818876,0.034635216617214415,0.24534113184136505,-0.02768381140912851,0.10818802466550603,1.8473308862217395,38.0,178.0,False,1.0,
R10a,T2,Sector from ISIC rev.4 division of main product (d1a2_v4) instead of sampling stratum a4a,proc_innov,-1.8124028416830995,0.6763375292996555,-2.6797312926872987,0.007444795926082633,-3.1390182188546154,-0.4857874645115834,M3 Pooled,D4_co2,env_co2_monitor,logit,1999,1577,True,0.16527693442939972,87.0,504,1495,,,-0.052878767259155246,0.012061712259853455,1.2421460885046322e-05,-0.07653744693572002,-0.02922008758259047,0.16326137388371242,12.0,204.0,False,0.15634071444773529,
R10a,T2,Sector from ISIC rev.4 division of main product (d1a2_v4) instead of sampling stratum a4a,web,-0.2468241406155171,0.28748129093192104,-0.8585746217271856,0.3907057210354543,-0.8107098998374238,0.31706161860638954,M3 Pooled,D4_co2,env_co2_monitor,logit,1999,1577,True,0.16527693442939972,924.0,504,1495,,,-0.01312958886327963,0.01532337711881012,0.3916668741779585,-0.04318592439897208,0.01692674667241282,0.7812780765326264,135.0,81.0,False,1.0,
R10a,T2,Sector from ISIC rev.4 division of main product (d1a2_v4) instead of sampling stratum a4a,Korea,0.028995369181085424,0.3736577510116347,0.07759873601600356,0.9381570917859918,-0.703922880682493,0.7619136190446639,M3 Pooled,D4_co2,env_co2_monitor,logit,1999,1577,True,0.16527693442939972,,504,1495,,,,,,,,1.0294198274072852,,,,,
R10a,T2,Sector from ISIC rev.4 division of main product (d1a2_v4) instead of sampling stratum a4a,prod_innov,2.1473304792030086,0.759679933528944,2.826625246277082,0.004763485238194809,0.6572415252576198,3.6374194331483976,M4 Pooled x Korea,D4_co2,env_co2_monitor,logit,1999,1577,True,0.18120151202128065,190.0,504,1495,4.919874386421723,0.002096119023611008,0.2234581690694929,0.11930479692375677,0.061252922761186816,-0.010554541024046127,0.4574708791630319,8.561971501261366,38.0,178.0,False,0.09050621952570137,
R10a,T2,Sector from ISIC rev.4 division of main product (d1a2_v4) instead of sampling stratum a4a,proc_innov,-5.542448316095984,1.2610025218276988,-4.3952713972869395,1.1802451266660072e-05,-8.01586619346992,-3.069030438722049,M4 Pooled x Korea,D4_co2,env_co2_monitor,logit,1999,1577,True,0.18120151202128065,87.0,504,1495,4.919874386421723,0.002096119023611008,-0.07642723598463969,0.009067398614606464,7.763202365416057e-17,-0.09421266103052847,-0.05864181093875089,0.0039169252181428926,12.0,204.0,False,0.0002478514765998615,
R10a,T2,Sector from ISIC rev.4 division of main product (d1a2_v4) instead of sampling stratum a4a,web,0.38948266955460054,0.8727114229147823,0.4462903307186714,0.6554488112695358,-1.3223140936249203,2.1012794327341213,M4 Pooled x Korea,D4_co2,env_co2_monitor,logit,1999,1577,True,0.18120151202128065,924.0,504,1495,4.919874386421723,0.002096119023611008,0.021447704292455003,0.04982258413216991,0.666904193739824,-0.07627777060260173,0.11917317918751173,1.4762169043593871,135.0,81.0,False,1.0,
R10a,T2,Sector from ISIC rev.4 division of main product (d1a2_v4) instead of sampling stratum a4a,Korea,0.823882609501931,0.9214432312709585,0.8941219399544985,0.37139308587573816,-0.9835001052506479,2.63126532425451,M4 Pooled x Korea,D4_co2,env_co2_monitor,logit,1999,1577,True,0.18120151202128065,,504,1495,4.919874386421723,0.002096119023611008,,,,,,2.279332437448224,,,,,
R10a,T2,Sector from ISIC rev.4 division of main product (d1a2_v4) instead of sampling stratum a4a,prod_innov:Korea,-2.411791841218857,0.8801377498427831,-2.740243605787468,0.006208595741851622,-4.138155117525026,-0.685428564912687,M4 Pooled x Korea,D4_co2,env_co2_monitor,logit,1999,1577,True,0.18120151202128065,,504,1495,4.919874386421723,0.002096119023611008,,,,,,0.08965450392402567,,,,,0.11796331909518082
R10a,T2,Sector from ISIC rev.4 division of main product (d1a2_v4) instead of sampling stratum a4a,proc_innov:Korea,4.8984378798622785,1.3610217140767022,3.599088706079395,0.000329207244763858,2.2288354160922594,7.568040343632298,M4 Pooled x Korea,D4_co2,env_co2_monitor,logit,1999,1577,True,0.18120151202128065,,504,1495,4.919874386421723,0.002096119023611008,,,,,,134.08016667877362,,,,,0.006913352140041017
R10a,T2,Sector from ISIC rev.4 division of main product (d1a2_v4) instead of sampling stratum a4a,web:Korea,-0.7424169609727584,0.9630850624045171,-0.7708737160964572,0.44089726385421757,-2.6314788538312186,1.146644931885702,M4 Pooled x Korea,D4_co2,env_co2_monitor,logit,1999,1577,True,0.18120151202128065,,504,1495,4.919874386421723,0.002096119023611008,,,,,,0.4759621422638589,,,,,1.0
R10b,T2,Foreign ownership = any foreign share (>0) instead of >=10%,prod_innov,1.1205891624462192,0.9445668974473379,1.186352354157843,0.2362109840097946,-0.7365358807180717,2.97771420561051,M1 Morocco,D1_sales,g_sales,ols,494,387,True,0.04096027782653466,72.0,494,0,,,,,,,,,,,,1.0,
R10b,T2,Foreign ownership = any foreign share (>0) instead of >=10%,proc_innov,0.9709788829087826,1.5181756980050685,0.6395695071293,0.5228309190020232,-2.013925750429622,3.9558835162471873,M1 Morocco,D1_sales,g_sales,ols,494,387,True,0.04096027782653466,37.0,494,0,,,,,,,,,,,,1.0,
R10b,T2,Foreign ownership = any foreign share (>0) instead of >=10%,web,0.3351823261380974,1.2118617225746737,0.27658462999060834,0.7822467236261961,-2.0474744871884765,2.7178391394646715,M1 Morocco,D1_sales,g_sales,ols,494,387,True,0.04096027782653466,314.0,494,0,,,,,,,,,,,,1.0,
R10b,T2,Foreign ownership = any foreign share (>0) instead of >=10%,prod_innov,8.265272342075868,3.2310908855125646,2.5580439037277976,0.010657105940566828,1.9255933992351757,14.60495128491656,M2 Korea,D1_sales,g_sales,ols,1431,1119,True,0.07244235389099152,111.0,0,1431,,,,,,,,,,,,0.2237992247519034,
R10b,T2,Foreign ownership = any foreign share (>0) instead of >=10%,proc_innov,-10.515910959794144,4.277973832290631,-2.458152240300971,0.014116100135619246,-18.909664519683275,-2.1221573999050136,M2 Korea,D1_sales,g_sales,ols,1431,1119,True,0.07244235389099152,47.0,0,1431,,,,,,,,,,,,0.28232200271238495,
R10b,T2,Foreign ownership = any foreign share (>0) instead of >=10%,web,2.065552297721689,1.1877690449855145,1.7390184619156155,0.08230652132440679,-0.2649529929885506,4.396057588431928,M2 Korea,D1_sales,g_sales,ols,1431,1119,True,0.07244235389099152,593.0,0,1431,,,,,,,,,,,,1.0,
R10b,T2,Foreign ownership = any foreign share (>0) instead of >=10%,prod_innov,5.492119212685526,2.179789433564982,2.519564104732504,0.011852779047438321,1.2163740813991994,9.767864343971851,M3 Pooled,D1_sales,g_sales,ols,1925,1506,True,0.0637293980006215,183.0,494,1431,,,,,,,,,,,,0.2252028019013281,
R10b,T2,Foreign ownership = any foreign share (>0) instead of >=10%,proc_innov,-4.801732922268807,2.2905291242038515,-2.0963422257020228,0.036218339658879745,-9.294698435394913,-0.3087674091427024,M3 Pooled,D1_sales,g_sales,ols,1925,1506,True,0.0637293980006215,84.0,494,1431,,,,,,,,,,,,0.6157117742009557,
R10b,T2,Foreign ownership = any foreign share (>0) instead of >=10%,web,1.8452589363348624,0.946788357533264,1.9489666530569183,0.0514848621139837,-0.011904717982277768,3.7024225906520023,M3 Pooled,D1_sales,g_sales,ols,1925,1506,True,0.0637293980006215,907.0,494,1431,,,,,,,,,,,,0.7722729317097554,
R10b,T2,Foreign ownership = any foreign share (>0) instead of >=10%,Korea,-1.3881213594200221,0.9673695293243075,-1.4349442662201726,0.1515106113641183,-3.2856558145708012,0.5094130957307568,M3 Pooled,D1_sales,g_sales,ols,1925,1506,True,0.0637293980006215,,494,1431,,,,,,,,,,,,,
R10b,T2,Foreign ownership = any foreign share (>0) instead of >=10%,prod_innov,0.9795427002925929,1.1069486362102618,0.8849034799357497,0.3763499485337057,-1.1917818180207809,3.150867218605967,M4 Pooled x Korea,D1_sales,g_sales,ols,1925,1506,True,0.0757528206481386,183.0,494,1431,3.260085855105729,0.02079746642180858,,,,,,,,,,1.0,
R10b,T2,Foreign ownership = any foreign share (>0) instead of >=10%,proc_innov,0.644151058910522,1.4779594640172207,0.4358381096323604,0.6630166542636156,-2.2549262029583095,3.543228320779354,M4 Pooled x Korea,D1_sales,g_sales,ols,1925,1506,True,0.0757528206481386,84.0,494,1431,3.260085855105729,0.02079746642180858,,,,,,,,,,1.0,
R10b,T2,Foreign ownership = any foreign share (>0) instead of >=10%,web,0.3144110651488578,1.1748197267759952,0.26762494532814995,0.7890246741040918,-1.9900453422235957,2.6188674725213112,M4 Pooled x Korea,D1_sales,g_sales,ols,1925,1506,True,0.0757528206481386,907.0,494,1431,3.260085855105729,0.02079746642180858,,,,,,,,,,1.0,
R10b,T2,Foreign ownership = any foreign share (>0) instead of >=10%,Korea,-2.7715709187547763,1.1368229236328113,-2.4379970364232215,0.014883870598088645,-5.001495060054994,-0.5416467774545586,M4 Pooled x Korea,D1_sales,g_sales,ols,1925,1506,True,0.0757528206481386,,494,1431,3.260085855105729,0.02079746642180858,,,,,,,,,,,
R10b,T2,Foreign ownership = any foreign share (>0) instead of >=10%,prod_innov:Korea,7.211019543657122,3.330417939698496,2.165199585824336,0.030529001726405564,0.6782700626554883,13.743769024658757,M4 Pooled x Korea,D1_sales,g_sales,ols,1925,1506,True,0.0757528206481386,,494,1431,3.260085855105729,0.02079746642180858,,,,,,,,,,,0.488464027622489
R10b,T2,Foreign ownership = any foreign share (>0) instead of >=10%,proc_innov:Korea,-11.301059229404096,4.484225213451423,-2.5201810104238467,0.011832113856382182,-20.0970483413656,-2.5050701174425942,M4 Pooled x Korea,D1_sales,g_sales,ols,1925,1506,True,0.0757528206481386,,494,1431,3.260085855105729,0.02079746642180858,,,,,,,,,,,0.21297804941487927
R10b,T2,Foreign ownership = any foreign share (>0) instead of >=10%,web:Korea,1.9997422109457121,1.6159866939569134,1.2374744287337744,0.21610390456514922,-1.1700810446929741,5.169565466584398,M4 Pooled x Korea,D1_sales,g_sales,ols,1925,1506,True,0.0757528206481386,,494,1431,3.260085855105729,0.02079746642180858,,,,,,,,,,,1.0
R10b,T2,Foreign ownership = any foreign share (>0) instead of >=10%,prod_innov,2.2874406758657075,1.8086567011297356,1.2647179945408715,0.20673350896964604,-1.2685823683805708,5.843463720111986,M1 Morocco,D1_lp,g_lp,ols,494,387,True,0.023559987876541677,72.0,494,0,,,,,,,,,,,,1.0,
R10b,T2,Foreign ownership = any foreign share (>0) instead of >=10%,proc_innov,-2.369869595031959,3.2277148466496124,-0.7342252050214094,0.46325610443163046,-8.715920986527372,3.976181796463455,M1 Morocco,D1_lp,g_lp,ols,494,387,True,0.023559987876541677,37.0,494,0,,,,,,,,,,,,1.0,
R10b,T2,Foreign ownership = any foreign share (>0) instead of >=10%,web,-1.1484196408393548,1.7426495673412068,-0.6590077904139501,0.5102826774397885,-4.574665216155215,2.277825934476506,M1 Morocco,D1_lp,g_lp,ols,494,387,True,0.023559987876541677,314.0,494,0,,,,,,,,,,,,1.0,
R10b,T2,Foreign ownership = any foreign share (>0) instead of >=10%,prod_innov,6.6931876804010075,3.3663495909658567,1.9882628050168225,0.04702594082481327,0.08811949374704575,13.29825586705497,M2 Korea,D1_lp,g_lp,ols,1431,1119,True,0.10821093837562368,111.0,0,1431,,,,,,,,,,,,0.8464669348466388,
R10b,T2,Foreign ownership = any foreign share (>0) instead of >=10%,proc_innov,-7.436341408418776,3.863567397465716,-1.9247344858786726,0.054515874425046046,-15.016993807824631,0.1443109909870799,M2 Korea,D1_lp,g_lp,ols,1431,1119,True,0.10821093837562368,47.0,0,1431,,,,,,,,,,,,0.8722539908007367,
R10b,T2,Foreign ownership = any foreign share (>0) instead of >=10%,web,0.8911037422112594,1.3880621607903532,0.6419768273950145,0.5210197157332762,-1.8323939135102338,3.6146013979327525,M2 Korea,D1_lp,g_lp,ols,1431,1119,True,0.10821093837562368,593.0,0,1431,,,,,,,,,,,,1.0,
R10b,T2,Foreign ownership = any foreign share (>0) instead of >=10%,prod_innov,4.977699993454556,2.2610203016823,2.2015282170403006,0.02784984943359833,0.5426172291314701,9.412782757777642,M3 Pooled,D1_lp,g_lp,ols,1925,1506,True,0.07467388049051804,183.0,494,1431,,,,,,,,,,,,0.50129728980477,
R10b,T2,Foreign ownership = any foreign share (>0) instead of >=10%,proc_innov,-5.051774990565039,2.452283785152257,-2.0600287051408226,0.03956728583840358,-9.862028812994437,-0.24152116813564106,M3 Pooled,D1_lp,g_lp,ols,1925,1506,True,0.07467388049051804,84.0,494,1431,,,,,,,,,,,,0.6330765734144573,
R10b,T2,Foreign ownership = any foreign share (>0) instead of >=10%,web,0.8487618297499614,1.131377741528169,0.7502019870070327,0.4532502463931719,-1.3704813666321893,3.068005026132112,M3 Pooled,D1_lp,g_lp,ols,1925,1506,True,0.07467388049051804,907.0,494,1431,,,,,,,,,,,,1.0,
R10b,T2,Foreign ownership = any foreign share (>0) instead of >=10%,Korea,0.4182427562545572,1.1516851915096296,0.36315718855976986,0.7165384312877684,-1.8408343245615881,2.6773198370707023,M3 Pooled,D1_lp,g_lp,ols,1925,1506,True,0.07467388049051804,,494,1431,,,,,,,,,,,,,
R10b,T2,Foreign ownership = any foreign share (>0) instead of >=10%,prod_innov,2.2764695903641656,1.8605903738152052,1.2235200302021265,0.22132474164728483,-1.3731536758371612,5.926092856565493,M4 Pooled x Korea,D1_lp,g_lp,ols,1925,1506,True,0.07838191351208845,183.0,494,1431,1.1247914650408244,0.3377848885240435,,,,,,,,,,1.0,
R10b,T2,Foreign ownership = any foreign share (>0) instead of >=10%,proc_innov,-2.3438781843684384,3.180199861935806,-0.7370222898323461,0.46122359578722666,-8.581968830560253,3.894212461823377,M4 Pooled x Korea,D1_lp,g_lp,ols,1925,1506,True,0.07838191351208845,84.0,494,1431,1.1247914650408244,0.3377848885240435,,,,,,,,,,1.0,
R10b,T2,Foreign ownership = any foreign share (>0) instead of >=10%,web,-1.1778057960839046,1.6460927957807965,-0.7155160384048896,0.4744011486738905,-4.406683388032934,2.0510717958651243,M4 Pooled x Korea,D1_lp,g_lp,ols,1925,1506,True,0.07838191351208845,907.0,494,1431,1.1247914650408244,0.3377848885240435,,,,,,,,,,1.0,
R10b,T2,Foreign ownership = any foreign share (>0) instead of >=10%,Korea,-1.3768050920251722,1.4784567654183776,-0.9312447439986926,0.35187623340232477,-4.276857830704762,1.5232476466544178,M4 Pooled x Korea,D1_lp,g_lp,ols,1925,1506,True,0.07838191351208845,,494,1431,1.1247914650408244,0.3377848885240435,,,,,,,,,,,
R10b,T2,Foreign ownership = any foreign share (>0) instead of >=10%,prod_innov:Korea,4.190513008328747,3.7346465794655783,1.1220641415896446,0.26201403306410886,-3.135147297817995,11.516173314475488,M4 Pooled x Korea,D1_lp,g_lp,ols,1925,1506,True,0.07838191351208845,,494,1431,1.1247914650408244,0.3377848885240435,,,,,,,,,,,1.0
R10b,T2,Foreign ownership = any foreign share (>0) instead of >=10%,proc_innov:Korea,-5.2240526802808445,4.929662130413672,-1.059718200168511,0.2894427480747575,-14.893784319694483,4.445678959132793,M4 Pooled x Korea,D1_lp,g_lp,ols,1925,1506,True,0.07838191351208845,,494,1431,1.1247914650408244,0.3377848885240435,,,,,,,,,,,1.0
R10b,T2,Foreign ownership = any foreign share (>0) instead of >=10%,web:Korea,2.7092028020128325,2.0527573702361193,1.3197871513189137,0.1871066739736954,-1.317363799488934,6.735769403514599,M4 Pooled x Korea,D1_lp,g_lp,ols,1925,1506,True,0.07838191351208845,,494,1431,1.1247914650408244,0.3377848885240435,,,,,,,,,,,1.0
R10b,T2,Foreign ownership = any foreign share (>0) instead of >=10%,prod_innov,-1.2065174084209607,1.564630138122237,-0.7711198825998208,0.44110520700850153,-4.282731838423458,1.8696970215815367,M1 Morocco,D2_emp,g_emp,ols,495,388,True,0.07298796361057625,72.0,495,0,,,,,,,,,,,,1.0,
R10b,T2,Foreign ownership = any foreign share (>0) instead of >=10%,proc_innov,3.3949015536292966,2.723747490164821,1.2464083274561777,0.21336650289378092,-1.9602498836195177,8.75005299087811,M1 Morocco,D2_emp,g_emp,ols,495,388,True,0.07298796361057625,38.0,495,0,,,,,,,,,,,,1.0,
R10b,T2,Foreign ownership = any foreign share (>0) instead of >=10%,web,1.4167658192434458,1.0411097654643582,1.3608227165283928,0.17435961996491026,-0.6301568404348408,3.4636884789217324,M1 Morocco,D2_emp,g_emp,ols,495,388,True,0.07298796361057625,315.0,495,0,,,,,,,,,,,,1.0,
R10b,T2,Foreign ownership = any foreign share (>0) instead of >=10%,prod_innov,1.6335410702633606,2.159158281356466,0.7565638352539433,0.4494675336094488,-2.602829169282728,5.869911309809449,M2 Korea,D2_emp,g_emp,ols,1456,1140,True,0.10852201069024636,112.0,0,1456,,,,,,,,,,,,1.0,
R10b,T2,Foreign ownership = any foreign share (>0) instead of >=10%,proc_innov,-3.297817404739453,1.858760967074102,-1.7742019889359881,0.07629660413981158,-6.944793965622074,0.34915915614316795,M2 Korea,D2_emp,g_emp,ols,1456,1140,True,0.10852201069024636,48.0,0,1456,,,,,,,,,,,,1.0,
R10b,T2,Foreign ownership = any foreign share (>0) instead of >=10%,web,1.100441121522954,0.778261249723274,1.4139739347349456,0.15764258074972745,-0.42654410479788885,2.6274263478437967,M2 Korea,D2_emp,g_emp,ols,1456,1140,True,0.10852201069024636,597.0,0,1456,,,,,,,,,,,,1.0,
R10b,T2,Foreign ownership = any foreign share (>0) instead of >=10%,prod_innov,0.539662354818339,1.4873243995161838,0.36284105538367245,0.7167738043391942,-2.3777508216364134,3.4570755312730914,M3 Pooled,D2_emp,g_emp,ols,1951,1528,True,0.09577383989530652,184.0,495,1456,,,,,,,,,,,,1.0,
R10b,T2,Foreign ownership = any foreign share (>0) instead of >=10%,proc_innov,0.17538561162478175,1.9581229696057605,0.08956823159073257,0.9286420686678397,-3.6655073062247743,4.016278529474338,M3 Pooled,D2_emp,g_emp,ols,1951,1528,True,0.09577383989530652,86.0,495,1456,,,,,,,,,,,,1.0,
R10b,T2,Foreign ownership = any foreign share (>0) instead of >=10%,web,0.9552340640056548,0.6061469326017389,1.5759117346441793,0.1152531491322129,-0.23373388986855426,2.1442020178798638,M3 Pooled,D2_emp,g_emp,ols,1951,1528,True,0.09577383989530652,912.0,495,1456,,,,,,,,,,,,1.0,
R10b,T2,Foreign ownership = any foreign share (>0) instead of >=10%,Korea,-1.9033374158240366,0.5900383935682303,-3.225785705763468,0.001282856874267514,-3.060708184817072,-0.7459666468310013,M3 Pooled,D2_emp,g_emp,ols,1951,1528,True,0.09577383989530652,,495,1456,,,,,,,,,,,,,
R10b,T2,Foreign ownership = any foreign share (>0) instead of >=10%,prod_innov,-1.4337081665233107,1.5229034845901899,-0.9414307479302396,0.3466329719648264,-4.4209103490851875,1.553494016038566,M4 Pooled x Korea,D2_emp,g_emp,ols,1951,1528,True,0.10155871689005391,184.0,495,1456,1.371599085260695,0.24976521850968542,,,,,,,,,,1.0,
R10b,T2,Foreign ownership = any foreign share (>0) instead of >=10%,proc_innov,3.0362784084184042,2.619377705423996,1.1591602089806001,0.24657199931058274,-2.1016773962477515,8.17423421308456,M4 Pooled x Korea,D2_emp,g_emp,ols,1951,1528,True,0.10155871689005391,86.0,495,1456,1.371599085260695,0.24976521850968542,,,,,,,,,,1.0,
R10b,T2,Foreign ownership = any foreign share (>0) instead of >=10%,web,1.2968338333804967,1.0041018459760778,1.2915361510164909,0.1967131578812767,-0.672729737892896,3.2663974046538895,M4 Pooled x Korea,D2_emp,g_emp,ols,1951,1528,True,0.10155871689005391,912.0,495,1456,1.371599085260695,0.24976521850968542,,,,,,,,,,1.0,
R10b,T2,Foreign ownership = any foreign share (>0) instead of >=10%,Korea,-1.6257976397658147,0.9092864587042038,-1.7879927983120842,0.07397526404427035,-3.4093791480490445,0.1577838685174151,M4 Pooled x Korea,D2_emp,g_emp,ols,1951,1528,True,0.10155871689005391,,495,1456,1.371599085260695,0.24976521850968542,,,,,,,,,,,
R10b,T2,Foreign ownership = any foreign share (>0) instead of >=10%,prod_innov:Korea,3.2301545644673033,2.6461712071775225,1.220689937108292,0.2223917746719574,-1.9603571688748889,8.420666297809495,M4 Pooled x Korea,D2_emp,g_emp,ols,1951,1528,True,0.10155871689005391,,495,1456,1.371599085260695,0.24976521850968542,,,,,,,,,,,1.0
R10b,T2,Foreign ownership = any foreign share (>0) instead of >=10%,proc_innov:Korea,-6.181351960733394,3.11947096707741,-1.9815385448272402,0.04770988614869116,-12.300249563623595,-0.062454357843193975,M4 Pooled x Korea,D2_emp,g_emp,ols,1951,1528,True,0.10155871689005391,,495,1456,1.371599085260695,0.24976521850968542,,,,,,,,,,,0.7156482922303673
R10b,T2,Foreign ownership = any foreign share (>0) instead of >=10%,web:Korea,-0.4980199267748143,1.25313783743489,-0.39741831416904305,0.6911145202529516,-2.956072010123818,1.9600321565741892,M4 Pooled x Korea,D2_emp,g_emp,ols,1951,1528,True,0.10155871689005391,,495,1456,1.371599085260695,0.24976521850968542,,,,,,,,,,,1.0
R10b,T2,Foreign ownership = any foreign share (>0) instead of >=10%,prod_innov,-0.05089254979468581,0.031378475565876654,-1.6218936349486095,0.10582974514477898,-0.1126311971637575,0.010846097574385878,M1 Morocco,D3_female,female_share,ols,418,314,True,0.09287460669002079,68.0,418,0,,,,,,,,,,,,1.0,
R10b,T2,Foreign ownership = any foreign share (>0) instead of >=10%,proc_innov,0.12919737930539427,0.03984479081419367,3.242516190080513,0.0013121806103689757,0.050800852858230536,0.20759390575255798,M1 Morocco,D3_female,female_share,ols,418,314,True,0.09287460669002079,35.0,418,0,,,,,,,,,,,,0.02493143159701054,
R10b,T2,Foreign ownership = any foreign share (>0) instead of >=10%,web,0.007968263981491013,0.034857809600410364,0.22859336466733143,0.8193337838809238,-0.0606161390580979,0.07655266702107993,M1 Morocco,D3_female,female_share,ols,418,314,True,0.09287460669002079,264.0,418,0,,,,,,,,,,,,1.0,
R10b,T2,Foreign ownership = any foreign share (>0) instead of >=10%,prod_innov,0.1086336192626231,0.051959349517359636,2.0907424798751295,0.036766500151505906,0.006689706477198562,0.21057753204804763,M2 Korea,D3_female,female_share,ols,1485,1170,True,0.08610825980623948,116.0,0,1485,,,,,,,,,,,,0.6985635028786122,
R10b,T2,Foreign ownership = any foreign share (>0) instead of >=10%,proc_innov,0.009627820594197381,0.059506900420894474,0.1617933470925129,0.8714965270689382,-0.10712433898801282,0.12637998017640759,M2 Korea,D3_female,female_share,ols,1485,1170,True,0.08610825980623948,48.0,0,1485,,,,,,,,,,,,1.0,
R10b,T2,Foreign ownership = any foreign share (>0) instead of >=10%,web,0.006060970479878339,0.02319572911800408,0.2612968296467098,0.7939095984498676,-0.03944890229884276,0.05157084325859943,M2 Korea,D3_female,female_share,ols,1485,1170,True,0.08610825980623948,601.0,0,1485,,,,,,,,,,,,1.0,
R10b,T2,Foreign ownership = any foreign share (>0) instead of >=10%,prod_innov,0.046595913755023255,0.03829808458901477,1.2166643385708273,0.22392541676826347,-0.028528223828091906,0.12172005133813842,M3 Pooled,D3_female,female_share,ols,1903,1484,True,0.0722154413690721,184.0,418,1485,,,,,,,,,,,,1.0,
R10b,T2,Foreign ownership = any foreign share (>0) instead of >=10%,proc_innov,0.04464896120390915,0.04147691508966614,1.0764773876597518,0.2818887757910367,-0.03671065531887168,0.12600857772668997,M3 Pooled,D3_female,female_share,ols,1903,1484,True,0.0722154413690721,83.0,418,1485,,,,,,,,,,,,1.0,
R10b,T2,Foreign ownership = any foreign share (>0) instead of >=10%,web,0.017679306215673388,0.01949485217738893,0.9068704935438648,0.36462251257502865,-0.02056109073505917,0.055919703166405946,M3 Pooled,D3_female,female_share,ols,1903,1484,True,0.0722154413690721,865.0,418,1485,,,,,,,,,,,,1.0,
R10b,T2,Foreign ownership = any foreign share (>0) instead of >=10%,Korea,0.09728722418324924,0.02163200543382148,4.497374248581751,7.415226642068532e-06,0.05485466470022927,0.13971978366626922,M3 Pooled,D3_female,female_share,ols,1903,1484,True,0.0722154413690721,,418,1485,,,,,,,,,,,,,
R10b,T2,Foreign ownership = any foreign share (>0) instead of >=10%,prod_innov,-0.06573709869242848,0.032488943695297194,-2.0233682975031284,0.04321414033244614,-0.12946623560064002,-0.002007961784216958,M4 Pooled x Korea,D3_female,female_share,ols,1903,1484,True,0.0786826620126243,184.0,418,1485,2.7821660629680802,0.03973500234356187,,,,,,,,,,0.7346403856515844,
R10b,T2,Foreign ownership = any foreign share (>0) instead of >=10%,proc_innov,0.09898921101889793,0.042485521532073835,2.3299516505680047,0.0199422289332758,0.015651148577482676,0.1823272734603132,M4 Pooled x Korea,D3_female,female_share,ols,1903,1484,True,0.0786826620126243,83.0,418,1485,2.7821660629680802,0.03973500234356187,,,,,,,,,,0.3589601207989644,
R10b,T2,Foreign ownership = any foreign share (>0) instead of >=10%,web,0.029159157594078784,0.0334191438891912,0.8725285629925957,0.3830612423761895,-0.036394626371442175,0.09471294155959975,M4 Pooled x Korea,D3_female,female_share,ols,1903,1484,True,0.0786826620126243,865.0,418,1485,2.7821660629680802,0.03973500234356187,,,,,,,,,,1.0,
R10b,T2,Foreign ownership = any foreign share (>0) instead of >=10%,Korea,0.09541873959945395,0.031448486393803064,3.034128205873089,0.002454228532918698,0.033730526103094245,0.15710695309581366,M4 Pooled x Korea,D3_female,female_share,ols,1903,1484,True,0.0786826620126243,,418,1485,2.7821660629680802,0.03973500234356187,,,,,,,,,,,
R10b,T2,Foreign ownership = any foreign share (>0) instead of >=10%,prod_innov:Korea,0.17127470681519905,0.06031736610210488,2.8395587851973882,0.004579190805205022,0.052958342998785476,0.2895910706316126,M4 Pooled x Korea,D3_female,female_share,ols,1903,1484,True,0.0786826620126243,,418,1485,2.7821660629680802,0.03973500234356187,,,,,,,,,,,0.09158381610410044
R10b,T2,Foreign ownership = any foreign share (>0) instead of >=10%,proc_innov:Korea,-0.08882419781576875,0.07426564518673681,-1.1960334767499194,0.23187455879843522,-0.23450100140994962,0.05685260577841211,M4 Pooled x Korea,D3_female,female_share,ols,1903,1484,True,0.0786826620126243,,418,1485,2.7821660629680802,0.03973500234356187,,,,,,,,,,,1.0
R10b,T2,Foreign ownership = any foreign share (>0) instead of >=10%,web:Korea,-0.01780080254615629,0.04043035514414793,-0.4402831111102139,0.6597961908796968,-0.09710752493128516,0.06150591983897258,M4 Pooled x Korea,D3_female,female_share,ols,1903,1484,True,0.0786826620126243,,418,1485,2.7821660629680802,0.03973500234356187,,,,,,,,,,,1.0
R10b,T2,Foreign ownership = any foreign share (>0) instead of >=10%,prod_innov,0.007915462345051309,0.0475306268593382,0.1665339354449558,0.8678464074423398,-0.08561156396544362,0.10144248865554623,M1 Morocco,D3_lowskill,lowskill_prod_share,ols,407,307,True,0.14504276182072173,69.0,407,0,,,,,,,,,,,,1.0,
R10b,T2,Foreign ownership = any foreign share (>0) instead of >=10%,proc_innov,-0.02801073708434655,0.043264106141355584,-0.6474359366821971,0.5178336791261261,-0.11314243975171064,0.05712096558301753,M1 Morocco,D3_lowskill,lowskill_prod_share,ols,407,307,True,0.14504276182072173,36.0,407,0,,,,,,,,,,,,1.0,
R10b,T2,Foreign ownership = any foreign share (>0) instead of >=10%,web,-0.06018442104647723,0.04158369868531908,-1.4473080305318065,0.14883101282957178,-0.14200955018982309,0.02164070809686862,M1 Morocco,D3_lowskill,lowskill_prod_share,ols,407,307,True,0.14504276182072173,254.0,407,0,,,,,,,,,,,,1.0,
R10b,T2,Foreign ownership = any foreign share (>0) instead of >=10%,prod_innov,0.04237096969261789,0.05561453028703831,0.7618686964347695,0.4462943187542802,-0.06674615001843608,0.15148808940367187,M2 Korea,D3_lowskill,lowskill_prod_share,ols,1465,1152,True,0.099114516214036,113.0,0,1465,,,,,,,,,,,,1.0,
R10b,T2,Foreign ownership = any foreign share (>0) instead of >=10%,proc_innov,0.006134146154939575,0.07581962682835956,0.0809044624926215,0.9355319839075819,-0.1426258856996445,0.15489417800952363,M2 Korea,D3_lowskill,lowskill_prod_share,ols,1465,1152,True,0.099114516214036,45.0,0,1465,,,,,,,,,,,,1.0,
R10b,T2,Foreign ownership = any foreign share (>0) instead of >=10%,web,0.04371406682570479,0.024062131471245987,1.8167163153415016,0.06952033161007219,-0.003496445727396741,0.09092457937880633,M2 Korea,D3_lowskill,lowskill_prod_share,ols,1465,1152,True,0.099114516214036,588.0,0,1465,,,,,,,,,,,,1.0,
R10b,T2,Foreign ownership = any foreign share (>0) instead of >=10%,prod_innov,0.03448475696733254,0.04115065980474944,0.8380122489154463,0.40216108366367226,-0.046236017989572914,0.11520553192423799,M3 Pooled,D3_lowskill,lowskill_prod_share,ols,1872,1459,True,0.11731213272267704,182.0,407,1465,,,,,,,,,,,,1.0,
R10b,T2,Foreign ownership = any foreign share (>0) instead of >=10%,proc_innov,-0.026039750923026583,0.04264725663808097,-0.6105844308816557,0.5415698312607445,-0.10969623716032878,0.05761673531427561,M3 Pooled,D3_lowskill,lowskill_prod_share,ols,1872,1459,True,0.11731213272267704,81.0,407,1465,,,,,,,,,,,,1.0,
R10b,T2,Foreign ownership = any foreign share (>0) instead of >=10%,web,0.02009524782738955,0.020799831380865875,0.9661255160883427,0.3341414893175559,-0.020705519790987094,0.06089601544576619,M3 Pooled,D3_lowskill,lowskill_prod_share,ols,1872,1459,True,0.11731213272267704,842.0,407,1465,,,,,,,,,,,,1.0,
R10b,T2,Foreign ownership = any foreign share (>0) instead of >=10%,Korea,-0.10161437831443372,0.023818365081062998,-4.2662196993203,2.116089000966168e-05,-0.14833627528212215,-0.054892481346745285,M3 Pooled,D3_lowskill,lowskill_prod_share,ols,1872,1459,True,0.11731213272267704,,407,1465,,,,,,,,,,,,,
R10b,T2,Foreign ownership = any foreign share (>0) instead of >=10%,prod_innov,0.005018345557468801,0.048922920434512886,0.10257657377969176,0.9183131321775829,-0.09094842798556725,0.10098511910050485,M4 Pooled x Korea,D3_lowskill,lowskill_prod_share,ols,1872,1459,True,0.12773307617222152,182.0,407,1465,2.617065644099816,0.04959596356924324,,,,,,,,,,1.0,
R10b,T2,Foreign ownership = any foreign share (>0) instead of >=10%,proc_innov,-0.030988728007420988,0.04254007830104465,-0.7284595902274116,0.4664491979415607,-0.1144349741546441,0.05245751813980212,M4 Pooled x Korea,D3_lowskill,lowskill_prod_share,ols,1872,1459,True,0.12773307617222152,81.0,407,1465,2.617065644099816,0.04959596356924324,,,,,,,,,,1.0,
R10b,T2,Foreign ownership = any foreign share (>0) instead of >=10%,web,-0.06910761690054439,0.040571623186752684,-1.7033485838720197,0.08871581850853254,-0.14869255868357373,0.01047732488248497,M4 Pooled x Korea,D3_lowskill,lowskill_prod_share,ols,1872,1459,True,0.12773307617222152,842.0,407,1465,2.617065644099816,0.04959596356924324,,,,,,,,,,1.0,
R10b,T2,Foreign ownership = any foreign share (>0) instead of >=10%,Korea,-0.17696786611445153,0.03662122719394117,-4.832384921926651,1.4913516046132298e-06,-0.2488037456117385,-0.10513198661716457,M4 Pooled x Korea,D3_lowskill,lowskill_prod_share,ols,1872,1459,True,0.12773307617222152,,407,1465,2.617065644099816,0.04959596356924324,,,,,,,,,,,
R10b,T2,Foreign ownership = any foreign share (>0) instead of >=10%,prod_innov:Korea,0.039675351692198324,0.07401453803725058,0.5360480892582241,0.5920070262405758,-0.10551091984735714,0.18486162323175379,M4 Pooled x Korea,D3_lowskill,lowskill_prod_share,ols,1872,1459,True,0.12773307617222152,,407,1465,2.617065644099816,0.04959596356924324,,,,,,,,,,,1.0
R10b,T2,Foreign ownership = any foreign share (>0) instead of >=10%,proc_innov:Korea,0.04039154757606321,0.08971675295960192,0.4502118750803532,0.6526245609026495,-0.1355960516478128,0.2163791467999392,M4 Pooled x Korea,D3_lowskill,lowskill_prod_share,ols,1872,1459,True,0.12773307617222152,,407,1465,2.617065644099816,0.04959596356924324,,,,,,,,,,,1.0
R10b,T2,Foreign ownership = any foreign share (>0) instead of >=10%,web:Korea,0.11563261933446833,0.046408316845055864,2.491635706602605,0.012825981363517392,0.02459847023569356,0.2066667684332431,M4 Pooled x Korea,D3_lowskill,lowskill_prod_share,ols,1872,1459,True,0.12773307617222152,,407,1465,2.617065644099816,0.04959596356924324,,,,,,,,,,,0.21804168317979566
R10b,T2,Foreign ownership = any foreign share (>0) instead of >=10%,prod_innov,-0.6153835910819457,1.252807308426705,-0.49120370462617596,0.6235544952390091,-3.0783684431393117,1.8476012609754204,M1 Morocco,D4_energy,env_energy_mgmt,logit,502,396,True,0.19683638877462484,74.0,502,0,,,-0.04287806460512144,0.07309159197405715,0.5577833272864262,-0.18657413233555065,0.10081800312530775,0.5404335500537787,23.0,60.0,False,1.0,
R10b,T2,Foreign ownership = any foreign share (>0) instead of >=10%,proc_innov,1.6460684798112202,1.1582610473670316,1.4211550008981795,0.15605868121990593,-0.6310410127696167,3.923177972392057,M1 Morocco,D4_energy,env_energy_mgmt,logit,502,396,True,0.19683638877462484,39.0,502,0,,,0.19626008903407732,0.1709538541455995,0.2516493748793689,-0.13983050552846998,0.5323506835966246,5.186548669937085,10.0,73.0,False,1.0,
R10b,T2,Foreign ownership = any foreign share (>0) instead of >=10%,web,1.4160776044227488,0.4287553941744004,3.3027633556646183,0.0010443936006332257,0.5731562437423124,2.258998965103185,M1 Morocco,D4_energy,env_energy_mgmt,logit,502,396,True,0.19683638877462484,317.0,502,0,,,0.0897232034912538,0.032624017384872785,0.006228629944203562,0.025585278934359496,0.1538611280481481,4.120924800950384,47.0,36.0,False,0.020887872012664514,
R10b,T2,Foreign ownership = any foreign share (>0) instead of >=10%,prod_innov,0.20865465456632132,0.44542103605112776,0.4684436469730874,0.6395552956603807,-0.6652655962502803,1.0825749053829228,M2 Korea,D4_energy,env_energy_mgmt,logit,1476,1161,True,0.14409396127443175,116.0,0,1476,,,0.01999792552529311,0.045022117903111294,0.6569952088892556,-0.06833589211161192,0.10833174316219815,1.2320194527621255,49.0,198.0,False,1.0,
R10b,T2,Foreign ownership = any foreign share (>0) instead of >=10%,proc_innov,0.5399423425710678,0.7404939682709937,0.729165078591793,0.46604775704812074,-0.9129137690681816,1.992798454210317,M2 Korea,D4_energy,env_energy_mgmt,logit,1476,1161,True,0.14409396127443175,47.0,0,1476,,,0.05756253444642152,0.0915631466178942,0.5296921341888607,-0.12208521808739094,0.237210286980234,1.7159079244934288,21.0,226.0,False,1.0,
R10b,T2,Foreign ownership = any foreign share (>0) instead of >=10%,web,0.5816899777436721,0.29727852586360165,1.9567171091616793,0.05062015117151174,-0.0015732784966266955,1.164953233983971,M2 Korea,D4_energy,env_energy_mgmt,logit,1476,1161,True,0.14409396127443175,598.0,0,1476,,,0.05619907488813685,0.030685144231503887,0.06728579347037726,-0.004005465923135804,0.1164036156994095,1.7890593478697485,157.0,90.0,False,0.8605425699156996,
R10b,T2,Foreign ownership = any foreign share (>0) instead of >=10%,prod_innov,-0.05725562831750504,0.47304535974228995,-0.12103623286506243,0.903677953798269,-0.9851287873612936,0.8706175307262835,M3 Pooled,D4_energy,env_energy_mgmt,logit,1978,1557,True,0.1439005731740265,190.0,502,1476,,,-0.00500566256312267,0.04072962157549448,0.9022023010559725,-0.08489635773557029,0.07488503260932496,0.9443526352338613,72.0,258.0,False,1.0,
R10b,T2,Foreign ownership = any foreign share (>0) instead of >=10%,proc_innov,1.032071161219775,0.7306612969298568,1.4125165320188753,0.15799777100350373,-0.40111276461491396,2.465255087054464,M3 Pooled,D4_energy,env_energy_mgmt,logit,1978,1557,True,0.1439005731740265,86.0,502,1476,,,0.12346009422253151,0.11129754699801249,0.2674809004824835,-0.0948487939211568,0.34176898236621983,2.8068733056582325,31.0,299.0,False,1.0,
R10b,T2,Foreign ownership = any foreign share (>0) instead of >=10%,web,0.711125396022698,0.25915430212273544,2.744023117493566,0.006138790932829349,0.20279714369312807,1.219453648352268,M3 Pooled,D4_energy,env_energy_mgmt,logit,1978,1557,True,0.1439005731740265,915.0,502,1476,,,0.06531314704348373,0.02530437246143745,0.009939332391091456,0.015678904724299253,0.11494738936266821,2.0362815928442037,204.0,126.0,False,0.12891460958941633,
R10b,T2,Foreign ownership = any foreign share (>0) instead of >=10%,Korea,0.20223270395310228,0.2826370249425847,0.7155209194343315,0.47439450199120303,-0.3521566453877005,0.756622053293905,M3 Pooled,D4_energy,env_energy_mgmt,logit,1978,1557,True,0.1439005731740265,,502,1476,,,,,,,,1.2241328355197887,,,,,
R10b,T2,Foreign ownership = any foreign share (>0) instead of >=10%,prod_innov,-0.866689062321508,1.286870169335132,-0.6734860151193708,0.5007381000936343,-3.390870443047261,1.6574923184042452,M4 Pooled x Korea,D4_energy,env_energy_mgmt,logit,1978,1557,True,0.14810751765486396,190.0,502,1476,1.036224510356968,0.37548407556236885,-0.06091895242387149,0.06990055396044867,0.3836107268597862,-0.19802810376937188,0.0761901989216289,0.42034097059197384,72.0,258.0,False,1.0,
R10b,T2,Foreign ownership = any foreign share (>0) instead of >=10%,proc_innov,1.712551147360009,1.261465337870497,1.3575887469496375,0.1747909412075273,-0.7617989418403228,4.186901236560341,M4 Pooled x Korea,D4_energy,env_energy_mgmt,logit,1978,1557,True,0.14810751765486396,86.0,502,1476,1.036224510356968,0.37548407556236885,0.2386161628598171,0.23387686448998346,0.30776173522656464,-0.22013067951445472,0.6973630052340889,5.543084680627366,31.0,299.0,False,1.0,
R10b,T2,Foreign ownership = any foreign share (>0) instead of >=10%,web,1.3610305276901835,0.4207060454264642,3.235110458920372,0.0012414771478997638,0.5358203457081894,2.1862407096721777,M4 Pooled x Korea,D4_energy,env_energy_mgmt,logit,1978,1557,True,0.14810751765486396,915.0,502,1476,1.036224510356968,0.37548407556236885,0.13229546743461304,0.05009766418150208,0.0083549639303461,0.034029461929074786,0.23056147294015128,3.9002105064438175,204.0,126.0,False,0.024829542957995276,
R10b,T2,Foreign ownership = any foreign share (>0) instead of >=10%,Korea,0.7948254989670134,0.35224542960798166,2.2564536887010416,0.024180423292138715,0.1039000458410112,1.4857509520930154,M4 Pooled x Korea,D4_energy,env_energy_mgmt,logit,1978,1557,True,0.14810751765486396,,502,1476,1.036224510356968,0.37548407556236885,,,,,,2.214054608276223,,,,,
R10b,T2,Foreign ownership = any foreign share (>0) instead of >=10%,prod_innov:Korea,1.096420588387878,1.3701384761445234,0.8002261139860337,0.4237018789613538,-1.5910906407260914,3.7839318175018475,M4 Pooled x Korea,D4_energy,env_energy_mgmt,logit,1978,1557,True,0.14810751765486396,,502,1476,1.036224510356968,0.37548407556236885,,,,,,2.9934320992233943,,,,,1.0
R10b,T2,Foreign ownership = any foreign share (>0) instead of >=10%,proc_innov:Korea,-1.0941394099413877,1.4447978716485852,-0.7572958345328409,0.44898723240807287,-3.9280942046288434,1.739815384746068,M4 Pooled x Korea,D4_energy,env_energy_mgmt,logit,1978,1557,True,0.14810751765486396,,502,1476,1.036224510356968,0.37548407556236885,,,,,,0.3348276323266718,,,,,1.0
R10b,T2,Foreign ownership = any foreign share (>0) instead of >=10%,web:Korea,-0.7729989279514596,0.4910880925129669,-1.5740534941417847,0.11567824360248977,-1.736262704636718,0.19026484873379879,M4 Pooled x Korea,D4_energy,env_energy_mgmt,logit,1978,1557,True,0.14810751765486396,,502,1476,1.036224510356968,0.37548407556236885,,,,,,0.46162660546896805,,,,,1.0
R10b,T2,Foreign ownership = any foreign share (>0) instead of >=10%,prod_innov,2.1932964189553874,0.9134127492484992,2.4012106473879404,0.016800002162356276,0.3975658397707025,3.9890269981400723,M1 Morocco,D4_co2,env_co2_monitor,logit,504,397,True,0.26638821739613916,74.0,504,0,,,0.16563827599661277,0.09929050880432505,0.09606080231030216,-0.02956263731385539,0.3608391893070809,8.964715920669171,8.0,32.0,False,0.30240003892241296,
R10b,T2,Foreign ownership = any foreign share (>0) instead of >=10%,proc_innov,-6.263058822923265,1.4089921553604738,-4.445062947366755,1.1416387652816457e-05,-9.033077416701174,-3.493040229145356,M1 Morocco,D4_co2,env_co2_monitor,logit,504,397,True,0.26638821739613916,39.0,504,0,,,-0.07542790219252615,0.021339969823240892,0.00045654259003386405,-0.11738137437911444,-0.033474430005937854,0.0019054085662562328,1.0,39.0,True,0.0002397441407091456,
R10b,T2,Foreign ownership = any foreign share (>0) instead of >=10%,web,0.21717891771543457,0.7030039952645321,0.3089298484480344,0.7575369469655245,-1.164897008665226,1.5992548440960952,M1 Morocco,D4_co2,env_co2_monitor,logit,504,397,True,0.26638821739613916,318.0,504,0,,,0.008966965420150654,0.027542356813008605,0.7449212272357819,-0.04518013554009627,0.06311406638039757,1.2425663993921676,26.0,14.0,False,1.0,
R10b,T2,Foreign ownership = any foreign share (>0) instead of >=10%,prod_innov,-0.3565264152172091,0.41269682796650664,-0.8638942464712712,0.3878215529827762,-1.166227857208788,0.4531750267743699,M2 Korea,D4_co2,env_co2_monitor,logit,1495,1180,True,0.18965195028947668,116.0,0,1495,,,-0.017645529126853136,0.018542568062277304,0.34148322822177424,-0.054025610292564016,0.01873455203885775,0.700103977826722,30.0,146.0,False,1.0,
R10b,T2,Foreign ownership = any foreign share (>0) instead of >=10%,proc_innov,-0.5576541308143177,0.5293120583357023,-1.0535451101713618,0.2923069088498582,-1.5961519041306944,0.480843642502059,M2 Korea,D4_co2,env_co2_monitor,logit,1495,1180,True,0.18965195028947668,48.0,0,1495,,,-0.025362400770306118,0.01999686369447485,0.20493424720830936,-0.06459577566321757,0.013870974122605337,0.5725506185309491,11.0,165.0,False,1.0,
R10b,T2,Foreign ownership = any foreign share (>0) instead of >=10%,web,-0.23273204008040677,0.33810791738127327,-0.6883365579929985,0.49137616100403736,-0.8960917988682906,0.430627718707477,M2 Korea,D4_co2,env_co2_monitor,logit,1495,1180,True,0.18965195028947668,606.0,0,1495,,,-0.012558526858393697,0.01789248476050841,0.48288719882862513,-0.047663159919861725,0.02254610620307433,0.7923658673740323,109.0,67.0,False,1.0,
R10b,T2,Foreign ownership = any foreign share (>0) instead of >=10%,prod_innov,0.5923655252728531,0.4729061713421894,1.2526068830770754,0.21053452429426658,-0.33522546544370446,1.5199565159894108,M3 Pooled,D4_co2,env_co2_monitor,logit,1999,1577,True,0.1721061030786072,190.0,504,1495,,,0.038337365212843554,0.0369487475329035,0.29962364171299294,-0.034136472953633125,0.11081120337932024,1.808260846866449,38.0,178.0,False,1.0,
R10b,T2,Foreign ownership = any foreign share (>0) instead of >=10%,proc_innov,-1.797797896897572,0.6804934632659649,-2.6419032568942082,0.008325678685186227,-3.1325650114300543,-0.4630307823650899,M3 Pooled,D4_co2,env_co2_monitor,logit,1999,1577,True,0.1721061030786072,87.0,504,1495,,,-0.05262612434207302,0.012363634483981839,2.1986125970443474e-05,-0.07687701522663226,-0.028375233457513784,0.16566329449900588,12.0,204.0,False,0.16651357370372455,
R10b,T2,Foreign ownership = any foreign share (>0) instead of >=10%,web,-0.18542158325513344,0.28134513929176236,-0.6590538003318633,0.5099574394091335,-0.7372714687160203,0.3664283022057534,M3 Pooled,D4_co2,env_co2_monitor,logit,1999,1577,True,0.1721061030786072,924.0,504,1495,,,-0.009840672379389296,0.014930141668861517,0.5099184943065134,-0.03912568860755941,0.01944434384878082,0.8307539780495026,135.0,81.0,False,1.0,
R10b,T2,Foreign ownership = any foreign share (>0) instead of >=10%,Korea,-0.05942158324320381,0.3654306599982485,-0.16260699976156523,0.8708487080081365,-0.7762026457189268,0.6573594792325193,M3 Pooled,D4_co2,env_co2_monitor,logit,1999,1577,True,0.1721061030786072,,504,1495,,,,,,,,0.9423094235429798,,,,,
R10b,T2,Foreign ownership = any foreign share (>0) instead of >=10%,prod_innov,2.3059189408193803,0.8499145844842334,2.713118450860231,0.006737840877986282,0.6388374789542446,3.973000402684516,M4 Pooled x Korea,D4_co2,env_co2_monitor,logit,1999,1577,True,0.18969720353355446,190.0,504,1495,4.7237087852205315,0.002756208172919781,0.24499083532591753,0.13598429172343537,0.07179751528079069,-0.02173819365594143,0.5117198643077765,10.033394112768448,38.0,178.0,False,0.12801897668173937,
R10b,T2,Foreign ownership = any foreign share (>0) instead of >=10%,proc_innov,-5.683217876129449,1.3233516592153889,-4.294563607906769,1.8571450150968213e-05,-8.278931679470318,-3.0875040727885805,M4 Pooled x Korea,D4_co2,env_co2_monitor,logit,1999,1577,True,0.18969720353355446,87.0,504,1495,4.7237087852205315,0.002756208172919781,-0.07701828486354215,0.009236476673828483,1.6186538070878292e-16,-0.09513535135115089,-0.0589012183759334,0.003402591689454953,12.0,204.0,False,0.00039000045317033247,
R10b,T2,Foreign ownership = any foreign share (>0) instead of >=10%,web,0.4596355851459804,0.9123989319025062,0.5037660271999249,0.6144961672434511,-1.3300070130255246,2.2492781833174855,M4 Pooled x Korea,D4_co2,env_co2_monitor,logit,1999,1577,True,0.18969720353355446,924.0,504,1495,4.7237087852205315,0.002756208172919781,0.025343180503971413,0.05261389732210489,0.6300985211119619,-0.07785736983766577,0.1285437308456086,1.583496830072784,135.0,81.0,False,1.0,
R10b,T2,Foreign ownership = any foreign share (>0) instead of >=10%,Korea,0.7608256261995756,0.971336107845492,0.783277405271336,0.43358184212579387,-1.144420439923782,2.6660716923229333,M4 Pooled x Korea,D4_co2,env_co2_monitor,logit,1999,1577,True,0.18969720353355446,,504,1495,4.7237087852205315,0.002756208172919781,,,,,,2.1400423663542107,,,,,
R10b,T2,Foreign ownership = any foreign share (>0) instead of >=10%,prod_innov:Korea,-2.626254516913495,0.9661019658586865,-2.7184030358319777,0.0066316548853998306,-4.521233973621898,-0.7312750602050921,M4 Pooled x Korea,D4_co2,env_co2_monitor,logit,1999,1577,True,0.18969720353355446,,504,1495,4.7237087852205315,0.002756208172919781,,,,,,0.07234893711331711,,,,,0.1260014428225968
R10b,T2,Foreign ownership = any foreign share (>0) instead of >=10%,proc_innov:Korea,4.994924775044385,1.406396898397597,3.5515755052755313,0.0003941907995606859,2.2363202750803626,7.7535292750084075,M4 Pooled x Korea,D4_co2,env_co2_monitor,logit,1999,1577,True,0.18969720353355446,,504,1495,4.7237087852205315,0.002756208172919781,,,,,,147.66183711052568,,,,,0.008278006790774404
R10b,T2,Foreign ownership = any foreign share (>0) instead of >=10%,web:Korea,-0.7339542799755343,1.0017534174499811,-0.7326696043062729,0.4638688489053031,-2.6988629685402143,1.230954408589146,M4 Pooled x Korea,D4_co2,env_co2_monitor,logit,1999,1577,True,0.18969720353355446,,504,1495,4.7237087852205315,0.002756208172919781,,,,,,0.4800071497034874,,,,,1.0
R10c,T2,Foreign ownership = majority foreign (>=50%),prod_innov,0.9018746226679909,1.0231854430168619,0.8814380900580582,0.3786278500215667,-1.109823347230117,2.9135725925660987,M1 Morocco,D1_sales,g_sales,ols,494,387,True,0.04252136455667965,72.0,494,0,,,,,,,,,,,,1.0,
R10c,T2,Foreign ownership = majority foreign (>=50%),proc_innov,0.6607291794077057,1.4998398113529465,0.4405331652129489,0.6597969604815227,-2.2881250329575504,3.6095833917729614,M1 Morocco,D1_sales,g_sales,ols,494,387,True,0.04252136455667965,37.0,494,0,,,,,,,,,,,,1.0,
R10c,T2,Foreign ownership = majority foreign (>=50%),web,0.31171864652142056,1.206845044681979,0.25829218746435084,0.7963187226322351,-2.061074812316244,2.6845121053590857,M1 Morocco,D1_sales,g_sales,ols,494,387,True,0.04252136455667965,314.0,494,0,,,,,,,,,,,,1.0,
R10c,T2,Foreign ownership = majority foreign (>=50%),prod_innov,8.383419138656413,3.187680298979998,2.6299435176541888,0.008657091898690827,2.128915510001666,14.63792276731116,M2 Korea,D1_sales,g_sales,ols,1431,1119,True,0.0746645284078189,111.0,0,1431,,,,,,,,,,,,0.18179892987250737,
R10c,T2,Foreign ownership = majority foreign (>=50%),proc_innov,-10.51199283454873,4.262756658412915,-2.466008190686281,0.01381193100024354,-18.875888987072855,-2.1480966820246046,M2 Korea,D1_sales,g_sales,ols,1431,1119,True,0.0746645284078189,47.0,0,1431,,,,,,,,,,,,0.2762386200048708,
R10c,T2,Foreign ownership = majority foreign (>=50%),web,2.0150731439575216,1.1845945922985097,1.7010656279019523,0.08920848741579453,-0.30920359683941046,4.339349884754453,M2 Korea,D1_sales,g_sales,ols,1431,1119,True,0.0746645284078189,593.0,0,1431,,,,,,,,,,,,1.0,
R10c,T2,Foreign ownership = majority foreign (>=50%),prod_innov,5.465509801732333,2.1395544446886117,2.554508400242078,0.010731442120946635,1.2686872283529613,9.662332375111705,M3 Pooled,D1_sales,g_sales,ols,1925,1506,True,0.06434802609115076,183.0,494,1431,,,,,,,,,,,,0.2038974002979861,
R10c,T2,Foreign ownership = majority foreign (>=50%),proc_innov,-4.769624572503128,2.2724667950269724,-2.0988753644017564,0.03599403045881113,-9.227160096452973,-0.31208904855328257,M3 Pooled,D1_sales,g_sales,ols,1925,1506,True,0.06434802609115076,84.0,494,1431,,,,,,,,,,,,0.6118985177997892,
R10c,T2,Foreign ownership = majority foreign (>=50%),web,1.8303425462248273,0.9430750023288551,1.9408239447604163,0.05246602307358809,-0.019537211679428124,3.6802223041290825,M3 Pooled,D1_sales,g_sales,ols,1925,1506,True,0.06434802609115076,907.0,494,1431,,,,,,,,,,,,0.7869903461038213,
R10c,T2,Foreign ownership = majority foreign (>=50%),Korea,-1.3774867281504337,0.959136489969477,-1.4361738319373816,0.15116056529715366,-3.2588717436374317,0.503898287336564,M3 Pooled,D1_sales,g_sales,ols,1925,1506,True,0.06434802609115076,,494,1431,,,,,,,,,,,,,
R10c,T2,Foreign ownership = majority foreign (>=50%),prod_innov,0.97254335599261,1.0351246178379079,0.93954229204208,0.34760305265624075,-1.0578954455005123,3.0029821574857323,M4 Pooled x Korea,D1_sales,g_sales,ols,1925,1506,True,0.07656570756841918,183.0,494,1431,3.2976282880109102,0.019760041754821586,,,,,,,,,,1.0,
R10c,T2,Foreign ownership = majority foreign (>=50%),proc_innov,0.8048373962067313,1.4914087782205963,0.5396490941718776,0.5895188306190444,-2.1206212394034045,3.7302960318168674,M4 Pooled x Korea,D1_sales,g_sales,ols,1925,1506,True,0.07656570756841918,84.0,494,1431,3.2976282880109102,0.019760041754821586,,,,,,,,,,1.0,
R10c,T2,Foreign ownership = majority foreign (>=50%),web,0.3359506343214726,1.1703400798569763,0.2870538573390805,0.7741105713308374,-1.9597187644487088,2.631620033091654,M4 Pooled x Korea,D1_sales,g_sales,ols,1925,1506,True,0.07656570756841918,907.0,494,1431,3.2976282880109102,0.019760041754821586,,,,,,,,,,1.0,
R10c,T2,Foreign ownership = majority foreign (>=50%),Korea,-2.7446484224828023,1.1431934420874,-2.400860887962448,0.01647720081199323,-4.9870685933749375,-0.5022282515906671,M4 Pooled x Korea,D1_sales,g_sales,ols,1925,1506,True,0.07656570756841918,,494,1431,3.2976282880109102,0.019760041754821586,,,,,,,,,,,
R10c,T2,Foreign ownership = majority foreign (>=50%),prod_innov:Korea,7.243020209961838,3.341851415156319,2.167367518828792,0.030363120309848456,0.6878435044449827,13.798196915478693,M4 Pooled x Korea,D1_sales,g_sales,ols,1925,1506,True,0.07656570756841918,,494,1431,3.2976282880109102,0.019760041754821586,,,,,,,,,,,0.4858099249575753
R10c,T2,Foreign ownership = majority foreign (>=50%),proc_innov:Korea,-11.49466199047039,4.529953300821558,-2.537479136569842,0.011265531098504752,-20.38034859519206,-2.6089753857487192,M4 Pooled x Korea,D1_sales,g_sales,ols,1925,1506,True,0.07656570756841918,,494,1431,3.2976282880109102,0.019760041754821586,,,,,,,,,,,0.20277955977308554
R10c,T2,Foreign ownership = majority foreign (>=50%),web:Korea,1.9508794580983793,1.6062356683479417,1.2145661415332119,0.22472201242139622,-1.1998167664470234,5.101575682643782,M4 Pooled x Korea,D1_sales,g_sales,ols,1925,1506,True,0.07656570756841918,,494,1431,3.2976282880109102,0.019760041754821586,,,,,,,,,,,1.0
R10c,T2,Foreign ownership = majority foreign (>=50%),prod_innov,2.1517508869677777,1.8359741905474278,1.1719940825127806,0.24192041995317942,-1.4579814221818896,5.761483196117445,M1 Morocco,D1_lp,g_lp,ols,494,387,True,0.023376579971398748,72.0,494,0,,,,,,,,,,,,1.0,
R10c,T2,Foreign ownership = majority foreign (>=50%),proc_innov,-2.423687722953432,3.2497770333857923,-0.7458012343783179,0.4562402436578552,-8.813115861617788,3.965740415710925,M1 Morocco,D1_lp,g_lp,ols,494,387,True,0.023376579971398748,37.0,494,0,,,,,,,,,,,,1.0,
R10c,T2,Foreign ownership = majority foreign (>=50%),web,-1.158203307878488,1.7390248276598497,-0.6660073447237929,0.505803195273394,-4.577322236203657,2.2609156204466814,M1 Morocco,D1_lp,g_lp,ols,494,387,True,0.023376579971398748,314.0,494,0,,,,,,,,,,,,1.0,
R10c,T2,Foreign ownership = majority foreign (>=50%),prod_innov,6.763677461382624,3.3242460163453313,2.034650091517172,0.04212146629534382,0.2412201188361074,13.28613480392914,M2 Korea,D1_lp,g_lp,ols,1431,1119,True,0.10881173649137543,111.0,0,1431,,,,,,,,,,,,0.7581863933161888,
R10c,T2,Foreign ownership = majority foreign (>=50%),proc_innov,-7.438164358808766,3.8555939872762974,-1.9291876643015775,0.05396019669255395,-15.003172239854852,0.1268435222373192,M2 Korea,D1_lp,g_lp,ols,1431,1119,True,0.10881173649137543,47.0,0,1431,,,,,,,,,,,,0.8633631470808631,
R10c,T2,Foreign ownership = majority foreign (>=50%),web,0.8585074873382375,1.3845839819606933,0.6200472477823374,0.5353529227126128,-1.8581656815869547,3.57518065626343,M2 Korea,D1_lp,g_lp,ols,1431,1119,True,0.10881173649137543,593.0,0,1431,,,,,,,,,,,,1.0,
R10c,T2,Foreign ownership = majority foreign (>=50%),prod_innov,4.953150361558405,2.2123883825969037,2.2388249732826715,0.025312869376161805,0.6134610733448058,9.292839649772006,M3 Pooled,D1_lp,g_lp,ols,1925,1506,True,0.07535844071097342,183.0,494,1431,,,,,,,,,,,,0.4556316487709125,
R10c,T2,Foreign ownership = majority foreign (>=50%),proc_innov,-4.9993577726204075,2.4495302924035816,-2.0409454776388287,0.04143028456092702,-9.804210507663614,-0.19450503757720128,M3 Pooled,D1_lp,g_lp,ols,1925,1506,True,0.07535844071097342,84.0,494,1431,,,,,,,,,,,,0.6628845529748323,
R10c,T2,Foreign ownership = majority foreign (>=50%),web,0.8300957637421578,1.1283296027897665,0.7356855316830888,0.4620366563065436,-1.383168385228567,3.0433599127128828,M3 Pooled,D1_lp,g_lp,ols,1925,1506,True,0.07535844071097342,907.0,494,1431,,,,,,,,,,,,1.0,
R10c,T2,Foreign ownership = majority foreign (>=50%),Korea,0.4270704265070246,1.1383641842837267,0.3751615101767654,0.7075931809406745,-1.8058769598932558,2.660017812907305,M3 Pooled,D1_lp,g_lp,ols,1925,1506,True,0.07535844071097342,,494,1431,,,,,,,,,,,,,
R10c,T2,Foreign ownership = majority foreign (>=50%),prod_innov,2.28199101860259,1.8543647952183042,1.2306052317682958,0.21866271661565898,-1.3554205233994847,5.919402560604665,M4 Pooled x Korea,D1_lp,g_lp,ols,1925,1506,True,0.079086325339912,183.0,494,1431,1.1204080766879712,0.33957048695115527,,,,,,,,,,1.0,
R10c,T2,Foreign ownership = majority foreign (>=50%),proc_innov,-2.1501283182981314,3.2108946495999473,-0.6696352739464749,0.5031929725838511,-8.448428031884212,4.148171395287949,M4 Pooled x Korea,D1_lp,g_lp,ols,1925,1506,True,0.079086325339912,84.0,494,1431,1.1204080766879712,0.33957048695115527,,,,,,,,,,1.0,
R10c,T2,Foreign ownership = majority foreign (>=50%),web,-1.1501891472785042,1.63660861354055,-0.7027881545791499,0.4822963973602207,-4.360463132193965,2.0600848376369574,M4 Pooled x Korea,D1_lp,g_lp,ols,1925,1506,True,0.079086325339912,907.0,494,1431,1.1204080766879712,0.33957048695115527,,,,,,,,,,1.0,
R10c,T2,Foreign ownership = majority foreign (>=50%),Korea,-1.3462004548741224,1.480970588009725,-0.9089987780805829,0.3634962142233277,-4.251184158233311,1.5587832484850663,M4 Pooled x Korea,D1_lp,g_lp,ols,1925,1506,True,0.079086325339912,,494,1431,1.1204080766879712,0.33957048695115527,,,,,,,,,,,
R10c,T2,Foreign ownership = majority foreign (>=50%),prod_innov:Korea,4.2167002476618745,3.7685228560653865,1.1189265419672731,0.2633499137496721,-3.175409745095581,11.60881024041933,M4 Pooled x Korea,D1_lp,g_lp,ols,1925,1506,True,0.079086325339912,,494,1431,1.1204080766879712,0.33957048695115527,,,,,,,,,,,1.0
R10c,T2,Foreign ownership = majority foreign (>=50%),proc_innov:Korea,-5.452951337103771,4.983227648857942,-1.0942609331430966,0.2740155375240556,-15.227753907299167,4.321851233091625,M4 Pooled x Korea,D1_lp,g_lp,ols,1925,1506,True,0.079086325339912,,494,1431,1.1204080766879712,0.33957048695115527,,,,,,,,,,,1.0
R10c,T2,Foreign ownership = majority foreign (>=50%),web:Korea,2.649985340357488,2.0366500176637405,1.3011491014039367,0.19340645101072612,-1.3449860376429772,6.644956718357953,M4 Pooled x Korea,D1_lp,g_lp,ols,1925,1506,True,0.079086325339912,,494,1431,1.1204080766879712,0.33957048695115527,,,,,,,,,,,1.0
R10c,T2,Foreign ownership = majority foreign (>=50%),prod_innov,-1.3196529899926102,1.5534159380443124,-0.8495168342704141,0.39611762594266686,-4.373819216231087,1.734513236245867,M1 Morocco,D2_emp,g_emp,ols,495,388,True,0.08073719803184642,72.0,495,0,,,,,,,,,,,,1.0,
R10c,T2,Foreign ownership = majority foreign (>=50%),proc_innov,3.1044056301295084,2.694826724239466,1.1519871026236885,0.2500356828561256,-2.1938847795201104,8.402696039779126,M1 Morocco,D2_emp,g_emp,ols,495,388,True,0.08073719803184642,38.0,495,0,,,,,,,,,,,,1.0,
R10c,T2,Foreign ownership = majority foreign (>=50%),web,1.4000849396475883,1.0314482656545345,1.3573971533697087,0.17544405323682172,-0.6278422754164747,3.4280121547116513,M1 Morocco,D2_emp,g_emp,ols,495,388,True,0.08073719803184642,315.0,495,0,,,,,,,,,,,,1.0,
R10c,T2,Foreign ownership = majority foreign (>=50%),prod_innov,1.7305585066307665,2.1435876002561596,0.807318770841912,0.4196512586590056,-2.4752613232522758,5.936378336513808,M2 Korea,D2_emp,g_emp,ols,1456,1140,True,0.11114634831796,112.0,0,1456,,,,,,,,,,,,1.0,
R10c,T2,Foreign ownership = majority foreign (>=50%),proc_innov,-3.1633519448795204,1.8435774264986753,-1.7158769137715917,0.08645626955273011,-6.78053768404236,0.4538337942833195,M2 Korea,D2_emp,g_emp,ols,1456,1140,True,0.11114634831796,48.0,0,1456,,,,,,,,,,,,1.0,
R10c,T2,Foreign ownership = majority foreign (>=50%),web,1.0653580592126397,0.7774026256230451,1.370407076203035,0.17082964898692418,-0.45994250618427945,2.590658624609559,M2 Korea,D2_emp,g_emp,ols,1456,1140,True,0.11114634831796,597.0,0,1456,,,,,,,,,,,,1.0,
R10c,T2,Foreign ownership = majority foreign (>=50%),prod_innov,0.5515429667468055,1.4731976140935685,0.37438491718313005,0.7081699104472319,-2.3381602696664245,3.441246203160035,M3 Pooled,D2_emp,g_emp,ols,1951,1528,True,0.09594158275733922,184.0,495,1456,,,,,,,,,,,,1.0,
R10c,T2,Foreign ownership = majority foreign (>=50%),proc_innov,0.21398632489059938,1.9366054309029677,0.11049557203339322,0.9120308719558288,-3.584699559337493,4.0126722091186915,M3 Pooled,D2_emp,g_emp,ols,1951,1528,True,0.09594158275733922,86.0,495,1456,,,,,,,,,,,,1.0,
R10c,T2,Foreign ownership = majority foreign (>=50%),web,0.9493547853529699,0.6066361594932291,1.5649492212037617,0.11780188050130239,-0.2405727957417526,2.1392823664476923,M3 Pooled,D2_emp,g_emp,ols,1951,1528,True,0.09594158275733922,912.0,495,1456,,,,,,,,,,,,1.0,
R10c,T2,Foreign ownership = majority foreign (>=50%),Korea,-1.9141199031946714,0.582136392255627,-3.28809524478955,0.001031597503754276,-3.055990756528923,-0.7722490498604198,M3 Pooled,D2_emp,g_emp,ols,1951,1528,True,0.09594158275733922,,495,1456,,,,,,,,,,,,,
R10c,T2,Foreign ownership = majority foreign (>=50%),prod_innov,-1.4162915796080886,1.5169831246475358,-0.9336238199334996,0.35064547959245834,-4.391880871188231,1.5592977119720544,M4 Pooled x Korea,D2_emp,g_emp,ols,1951,1528,True,0.10183026618479185,184.0,495,1456,1.4196213822659056,0.2352783093855148,,,,,,,,,,1.0,
R10c,T2,Foreign ownership = majority foreign (>=50%),proc_innov,3.1109499634892956,2.5912845968669913,1.2005435324435645,0.2301143986175106,-1.9719007107167932,8.193800637695384,M4 Pooled x Korea,D2_emp,g_emp,ols,1951,1528,True,0.10183026618479185,86.0,495,1456,1.4196213822659056,0.2352783093855148,,,,,,,,,,1.0,
R10c,T2,Foreign ownership = majority foreign (>=50%),web,1.310480910684045,1.0060356404691102,1.3026187721072915,0.1929012328522705,-0.6628758327691116,3.2838376541372014,M4 Pooled x Korea,D2_emp,g_emp,ols,1951,1528,True,0.10183026618479185,912.0,495,1456,1.4196213822659056,0.2352783093855148,,,,,,,,,,1.0,
R10c,T2,Foreign ownership = majority foreign (>=50%),Korea,-1.6188981246834604,0.9109312853610967,-1.7771901686763596,0.07573583830739229,-3.4057059896131383,0.16790974024621752,M4 Pooled x Korea,D2_emp,g_emp,ols,1951,1528,True,0.10183026618479185,,495,1456,1.4196213822659056,0.2352783093855148,,,,,,,,,,,
R10c,T2,Foreign ownership = majority foreign (>=50%),prod_innov:Korea,3.2275063626281546,2.648649104385847,1.2185481109157832,0.22320385496614736,-1.9678658100155224,8.422878535271831,M4 Pooled x Korea,D2_emp,g_emp,ols,1951,1528,True,0.10183026618479185,,495,1456,1.4196213822659056,0.2352783093855148,,,,,,,,,,,1.0
R10c,T2,Foreign ownership = majority foreign (>=50%),proc_innov:Korea,-6.249713409739271,3.115281664927002,-2.006147142359828,0.0450165161314976,-12.36039362219486,-0.13903319728368313,M4 Pooled x Korea,D2_emp,g_emp,ols,1951,1528,True,0.10183026618479185,,495,1456,1.4196213822659056,0.2352783093855148,,,,,,,,,,,0.675247741972464
R10c,T2,Foreign ownership = majority foreign (>=50%),web:Korea,-0.5262387403656565,1.2538699008596699,-0.41969166019924414,0.6747697189690358,-2.9857267791001485,1.9332492983688354,M4 Pooled x Korea,D2_emp,g_emp,ols,1951,1528,True,0.10183026618479185,,495,1456,1.4196213822659056,0.2352783093855148,,,,,,,,,,,1.0
R10c,T2,Foreign ownership = majority foreign (>=50%),prod_innov,-0.06040589040312311,0.02789685962552417,-2.165329403165325,0.031115212958924,-0.1152942923431366,-0.005517488463109614,M1 Morocco,D3_female,female_share,ols,418,314,True,0.08894048235149965,68.0,418,0,,,,,,,,,,,,0.528958620301708,
R10c,T2,Foreign ownership = majority foreign (>=50%),proc_innov,0.12191424673826787,0.03999133412874895,3.048516619770037,0.0024952916903014637,0.043229389329881074,0.20059910414665466,M1 Morocco,D3_female,female_share,ols,418,314,True,0.08894048235149965,35.0,418,0,,,,,,,,,,,,0.04741054211572781,
R10c,T2,Foreign ownership = majority foreign (>=50%),web,0.0067048378289695084,0.03509173823139923,0.19106599350414005,0.8485973710937368,-0.06233983095003784,0.07574950660797686,M1 Morocco,D3_female,female_share,ols,418,314,True,0.08894048235149965,264.0,418,0,,,,,,,,,,,,1.0,
R10c,T2,Foreign ownership = majority foreign (>=50%),prod_innov,0.11189230271171763,0.05210181021394886,2.1475703483669264,0.03195282857701686,0.00966888294702288,0.21411572247641236,M2 Korea,D3_female,female_share,ols,1485,1170,True,0.08604363408148608,116.0,0,1485,,,,,,,,,,,,0.6071037429633204,
R10c,T2,Foreign ownership = majority foreign (>=50%),proc_innov,0.01648078888318464,0.06107123020126428,0.2698617471577224,0.7873142054638681,-0.10334057576373451,0.13630215353010378,M2 Korea,D3_female,female_share,ols,1485,1170,True,0.08604363408148608,48.0,0,1485,,,,,,,,,,,,1.0,
R10c,T2,Foreign ownership = majority foreign (>=50%),web,0.0059437746714706835,0.023268197566414472,0.2554462869117968,0.7984233225981545,-0.0397082807414263,0.05159583008436767,M2 Korea,D3_female,female_share,ols,1485,1170,True,0.08604363408148608,601.0,0,1485,,,,,,,,,,,,1.0,
R10c,T2,Foreign ownership = majority foreign (>=50%),prod_innov,0.045923765083999306,0.03728275040627423,1.2317697751255738,0.21823024141327912,-0.027208729688370202,0.1190562598563688,M3 Pooled,D3_female,female_share,ols,1903,1484,True,0.07370760513022956,184.0,418,1485,,,,,,,,,,,,1.0,
R10c,T2,Foreign ownership = majority foreign (>=50%),proc_innov,0.04669951079337907,0.04100330734250996,1.1389205851929802,0.25492009285782724,-0.03373109390179732,0.12713011548855546,M3 Pooled,D3_female,female_share,ols,1903,1484,True,0.07370760513022956,83.0,418,1485,,,,,,,,,,,,1.0,
R10c,T2,Foreign ownership = majority foreign (>=50%),web,0.016851116875670983,0.019500269206110338,0.8641479098345344,0.3876462943300636,-0.021399905922681,0.05510213967402297,M3 Pooled,D3_female,female_share,ols,1903,1484,True,0.07370760513022956,865.0,418,1485,,,,,,,,,,,,1.0,
R10c,T2,Foreign ownership = majority foreign (>=50%),Korea,0.09566963915689672,0.02131110832179932,4.489191163231778,7.70185127067938e-06,0.053866539842767076,0.13747273847102637,M3 Pooled,D3_female,female_share,ols,1903,1484,True,0.07370760513022956,,418,1485,,,,,,,,,,,,,
R10c,T2,Foreign ownership = majority foreign (>=50%),prod_innov,-0.06595640862967632,0.028025160755127745,-2.353471197042405,0.018728887914842028,-0.12092955036640507,-0.010983266892947562,M4 Pooled x Korea,D3_female,female_share,ols,1903,1484,True,0.08042473372489722,184.0,418,1485,2.938878016648252,0.0321661261446065,,,,,,,,,,0.31839109455231446,
R10c,T2,Foreign ownership = majority foreign (>=50%),proc_innov,0.1060169478294064,0.04074628268430876,2.60188024146392,0.009363679429281397,0.02609051340781332,0.1859433822509995,M4 Pooled x Korea,D3_female,female_share,ols,1903,1484,True,0.08042473372489722,83.0,418,1485,2.938878016648252,0.0321661261446065,,,,,,,,,,0.16854622972706515,
R10c,T2,Foreign ownership = majority foreign (>=50%),web,0.03090243839734681,0.033299542251253866,0.928013909746258,0.3535512641008676,-0.034416739320890774,0.0962216161155844,M4 Pooled x Korea,D3_female,female_share,ols,1903,1484,True,0.08042473372489722,865.0,418,1485,2.938878016648252,0.0321661261446065,,,,,,,,,,1.0,
R10c,T2,Foreign ownership = majority foreign (>=50%),Korea,0.09493471546911086,0.031354268030160455,3.027808379318273,0.0025058114192345014,0.033431317307228064,0.15643811363099366,M4 Pooled x Korea,D3_female,female_share,ols,1903,1484,True,0.08042473372489722,,418,1485,2.938878016648252,0.0321661261446065,,,,,,,,,,,
R10c,T2,Foreign ownership = majority foreign (>=50%),prod_innov:Korea,0.1727790932946478,0.059054634237832485,2.9257499521343138,0.0034885147579661524,0.05693965863331246,0.28861852795598314,M4 Pooled x Korea,D3_female,female_share,ols,1903,1484,True,0.08042473372489722,,418,1485,2.938878016648252,0.0321661261446065,,,,,,,,,,,0.06977029515932305
R10c,T2,Foreign ownership = majority foreign (>=50%),proc_innov:Korea,-0.09525735392101377,0.07386099997701491,-1.2896840545166903,0.19736133004290224,-0.2401404201068174,0.04962571226478989,M4 Pooled x Korea,D3_female,female_share,ols,1903,1484,True,0.08042473372489722,,418,1485,2.938878016648252,0.0321661261446065,,,,,,,,,,,1.0
R10c,T2,Foreign ownership = majority foreign (>=50%),web:Korea,-0.021063037446284016,0.040247818902348645,-0.5233336369701984,0.6008202300642514,-0.10001170334138237,0.05788562844881434,M4 Pooled x Korea,D3_female,female_share,ols,1903,1484,True,0.08042473372489722,,418,1485,2.938878016648252,0.0321661261446065,,,,,,,,,,,1.0
R10c,T2,Foreign ownership = majority foreign (>=50%),prod_innov,0.005622622192463518,0.04585507742564334,0.12261722164968372,0.9024904451883645,-0.08460738982799315,0.0958526342129202,M1 Morocco,D3_lowskill,lowskill_prod_share,ols,407,307,True,0.1448529524697587,69.0,407,0,,,,,,,,,,,,1.0,
R10c,T2,Foreign ownership = majority foreign (>=50%),proc_innov,-0.02964521054749858,0.04457544052284923,-0.6650570403741167,0.5065133007600354,-0.11735725379321792,0.05806683269822076,M1 Morocco,D3_lowskill,lowskill_prod_share,ols,407,307,True,0.1448529524697587,36.0,407,0,,,,,,,,,,,,1.0,
R10c,T2,Foreign ownership = majority foreign (>=50%),web,-0.06039521340014562,0.041453992200808976,-1.4569215217579696,0.14616007630202815,-0.1419651163327091,0.021174689532417877,M1 Morocco,D3_lowskill,lowskill_prod_share,ols,407,307,True,0.1448529524697587,254.0,407,0,,,,,,,,,,,,1.0,
R10c,T2,Foreign ownership = majority foreign (>=50%),prod_innov,0.044665533878881336,0.055187769374531084,0.8093375467988073,0.41848814114230126,-0.06361427009224445,0.15294533785000713,M2 Korea,D3_lowskill,lowskill_prod_share,ols,1465,1152,True,0.09806934691233726,113.0,0,1465,,,,,,,,,,,,1.0,
R10c,T2,Foreign ownership = majority foreign (>=50%),proc_innov,0.009509421442755593,0.07513733060624296,0.1265605440867962,0.8993103122044678,-0.13791192790992035,0.15693077079543155,M2 Korea,D3_lowskill,lowskill_prod_share,ols,1465,1152,True,0.09806934691233726,45.0,0,1465,,,,,,,,,,,,1.0,
R10c,T2,Foreign ownership = majority foreign (>=50%),web,0.04473024086578875,0.023972691878817984,1.8658831094939285,0.06231170697655351,-0.002304788937328127,0.09176527066890564,M2 Korea,D3_lowskill,lowskill_prod_share,ols,1465,1152,True,0.09806934691233726,588.0,0,1465,,,,,,,,,,,,0.9346756046483027,
R10c,T2,Foreign ownership = majority foreign (>=50%),prod_innov,0.03367948090652325,0.04042015810297532,0.8332347642164247,0.4048487201124742,-0.045608348290719324,0.11296731010376582,M3 Pooled,D3_lowskill,lowskill_prod_share,ols,1872,1459,True,0.11728368342336049,182.0,407,1465,,,,,,,,,,,,1.0,
R10c,T2,Foreign ownership = majority foreign (>=50%),proc_innov,-0.02703551773520806,0.0428562822729494,-0.6308414146383551,0.5282430245258035,-0.11110202683271458,0.05703099136229847,M3 Pooled,D3_lowskill,lowskill_prod_share,ols,1872,1459,True,0.11728368342336049,81.0,407,1465,,,,,,,,,,,,1.0,
R10c,T2,Foreign ownership = majority foreign (>=50%),web,0.019923845307602207,0.020740012072144556,0.9606477198902634,0.33688849853142483,-0.020759581277112225,0.06060727189231664,M3 Pooled,D3_lowskill,lowskill_prod_share,ols,1872,1459,True,0.11728368342336049,842.0,407,1465,,,,,,,,,,,,1.0,
R10c,T2,Foreign ownership = majority foreign (>=50%),Korea,-0.1013070168369031,0.02368173880735627,-4.277853820659235,2.009792093449219e-05,-0.14776090889907095,-0.054853124774735244,M3 Pooled,D3_lowskill,lowskill_prod_share,ols,1872,1459,True,0.11728368342336049,,407,1465,,,,,,,,,,,,,
R10c,T2,Foreign ownership = majority foreign (>=50%),prod_innov,0.006708261039949162,0.04761186247927057,0.14089474115552253,0.887972546135998,-0.08668675266587618,0.1001032747457745,M4 Pooled x Korea,D3_lowskill,lowskill_prod_share,ols,1872,1459,True,0.12770565517499266,182.0,407,1465,2.5970616083965474,0.05094096703377675,,,,,,,,,,1.0,
R10c,T2,Foreign ownership = majority foreign (>=50%),proc_innov,-0.030040595282937288,0.04271292202564651,-0.7033139822393732,0.48197231240521915,-0.11382589017111619,0.053744699605241614,M4 Pooled x Korea,D3_lowskill,lowskill_prod_share,ols,1872,1459,True,0.12770565517499266,81.0,407,1465,2.5970616083965474,0.05094096703377675,,,,,,,,,,1.0,
R10c,T2,Foreign ownership = majority foreign (>=50%),web,-0.06876717301882598,0.04031669477020159,-1.7056748677139175,0.08828147541397759,-0.14785204944591257,0.010317703408260617,M4 Pooled x Korea,D3_lowskill,lowskill_prod_share,ols,1872,1459,True,0.12770565517499266,842.0,407,1465,2.5970616083965474,0.05094096703377675,,,,,,,,,,1.0,
R10c,T2,Foreign ownership = majority foreign (>=50%),Korea,-0.17696228167886874,0.03662749202888645,-4.831405916061808,1.4985885827963747e-06,-0.24881045022168158,-0.1051141131360559,M4 Pooled x Korea,D3_lowskill,lowskill_prod_share,ols,1872,1459,True,0.12770565517499266,,407,1465,2.5970616083965474,0.05094096703377675,,,,,,,,,,,
R10c,T2,Foreign ownership = majority foreign (>=50%),prod_innov:Korea,0.03823178825689677,0.07378099099884093,0.5181793811565553,0.6044116873266796,-0.10649635945138197,0.1829599359651755,M4 Pooled x Korea,D3_lowskill,lowskill_prod_share,ols,1872,1459,True,0.12770565517499266,,407,1465,2.5970616083965474,0.05094096703377675,,,,,,,,,,,1.0
R10c,T2,Foreign ownership = majority foreign (>=50%),proc_innov:Korea,0.039855055424423094,0.08969114889533862,0.44435884605436715,0.6568490641029668,-0.13608231909056157,0.21579242993940773,M4 Pooled x Korea,D3_lowskill,lowskill_prod_share,ols,1872,1459,True,0.12770565517499266,,407,1465,2.5970616083965474,0.05094096703377675,,,,,,,,,,,1.0
R10c,T2,Foreign ownership = majority foreign (>=50%),web:Korea,0.1153992579567404,0.046365989787139635,2.488877267292766,0.012925487656445888,0.024448137245186033,0.20635037866829475,M4 Pooled x Korea,D3_lowskill,lowskill_prod_share,ols,1872,1459,True,0.12770565517499266,,407,1465,2.5970616083965474,0.05094096703377675,,,,,,,,,,,0.2197332901595801
R10c,T2,Foreign ownership = majority foreign (>=50%),prod_innov,-0.6869262231104347,1.2795658178601632,-0.5368432115975024,0.5916773999396425,-3.2025175717574537,1.8286651255365842,M1 Morocco,D4_energy,env_energy_mgmt,logit,502,396,True,0.19508627469878914,74.0,502,0,,,-0.04717998878824058,0.0719565721631099,0.5124152197567107,-0.1886446386602772,0.09428466108379602,0.503120173896643,23.0,60.0,False,1.0,
R10c,T2,Foreign ownership = majority foreign (>=50%),proc_innov,1.5326863499120023,1.2296473202458584,1.246443858069445,0.2133382983557891,-0.884766599769341,3.9501392995933458,M1 Morocco,D4_energy,env_energy_mgmt,logit,502,396,True,0.19508627469878914,39.0,502,0,,,0.1792398191877573,0.17795445154167597,0.3144426596432597,-0.17061375809839965,0.5290933964739143,4.63059953961207,10.0,73.0,False,1.0,
R10c,T2,Foreign ownership = majority foreign (>=50%),web,1.396519223554746,0.4249783964659765,3.286094623086447,0.0011064385359951794,0.5610233369113232,2.2320151101981685,M1 Morocco,D4_energy,env_energy_mgmt,logit,502,396,True,0.19508627469878914,317.0,502,0,,,0.08882348578873307,0.03251845270718335,0.006587061555601756,0.0248930984965981,0.15275387308086805,4.041109259846479,47.0,36.0,False,0.022128770719903587,
R10c,T2,Foreign ownership = majority foreign (>=50%),prod_innov,0.1987315894109467,0.4502160665479712,0.4414138103393775,0.6589956400622882,-0.6845965562182241,1.0820597350401175,M2 Korea,D4_energy,env_energy_mgmt,logit,1476,1161,True,0.14514735792986444,116.0,0,1476,,,0.018964842970361846,0.045179706925794136,0.6747350697943091,-0.06967816580724434,0.10760785174796803,1.2198545000892647,49.0,198.0,False,1.0,
R10c,T2,Foreign ownership = majority foreign (>=50%),proc_innov,0.5294436636093133,0.7133016649925036,0.7422436951901373,0.4580898329486004,-0.8700608939315987,1.9289482211502254,M2 Korea,D4_energy,env_energy_mgmt,logit,1476,1161,True,0.14514735792986444,47.0,0,1476,,,0.056172810821049614,0.08756376073269466,0.5213196203412523,-0.11562810909144774,0.22797373073354696,1.6979873936196246,21.0,226.0,False,1.0,
R10c,T2,Foreign ownership = majority foreign (>=50%),web,0.5861364288307968,0.29805050706877245,1.9665674606470342,0.049471005571859836,0.0013585382247085498,1.170914319436885,M2 Korea,D4_energy,env_energy_mgmt,logit,1476,1161,True,0.14514735792986444,598.0,0,1476,,,0.05660089940450881,0.030744399487765976,0.0658743880661586,-0.003719900775369017,0.11692169958438664,1.797032024675142,157.0,90.0,False,0.8410070947216172,
R10c,T2,Foreign ownership = majority foreign (>=50%),prod_innov,-0.07168228390035414,0.47781023249477966,-0.15002249643353402,0.8807662973611984,-1.0089016873205867,0.8655371195198784,M3 Pooled,D4_energy,env_energy_mgmt,logit,1978,1557,True,0.14426555993782753,190.0,502,1476,,,-0.006239979973570424,0.04081568628338722,0.8785112132906495,-0.08629949010371708,0.07381953015657623,0.9308265874285292,72.0,258.0,False,1.0,
R10c,T2,Foreign ownership = majority foreign (>=50%),proc_innov,0.9622172819591002,0.7172881071911463,1.3414655454515767,0.1799649728413617,-0.4447352824346704,2.3691698463528708,M3 Pooled,D4_energy,env_energy_mgmt,logit,1978,1557,True,0.14426555993782753,86.0,502,1476,,,0.11287840532429141,0.10592878423862312,0.2867667544174704,-0.09489971497839081,0.32065652562697367,2.617493765636882,31.0,299.0,False,1.0,
R10c,T2,Foreign ownership = majority foreign (>=50%),web,0.7118827121512065,0.2595415779067889,2.742846513813175,0.006160721330897763,0.20279482272178928,1.2209706015806236,M3 Pooled,D4_energy,env_energy_mgmt,logit,1978,1557,True,0.14426555993782753,915.0,502,1476,,,0.06536661770595702,0.025313247312651325,0.009904773391113005,0.01571496746581471,0.11501826794609932,2.0378242858160522,204.0,126.0,False,0.12937514794885302,
R10c,T2,Foreign ownership = majority foreign (>=50%),Korea,0.22625222785889915,0.2824483955871492,0.8010391681941391,0.42323118896536643,-0.32776712712023887,0.7802715828380371,M3 Pooled,D4_energy,env_energy_mgmt,logit,1978,1557,True,0.14426555993782753,,502,1476,,,,,,,,1.2538918918631088,,,,,
R10c,T2,Foreign ownership = majority foreign (>=50%),prod_innov,-0.8872509887704667,1.315357427104613,-0.6745322377686335,0.500073136261116,-3.4673098055912766,1.6928078280503431,M4 Pooled x Korea,D4_energy,env_energy_mgmt,logit,1978,1557,True,0.14815071193600127,190.0,502,1476,0.9475172897643381,0.41681579945657676,-0.062041655204432486,0.07067798135875356,0.38018367610561715,-0.20067572165825426,0.0765924112493893,0.41178620312661385,72.0,258.0,False,1.0,
R10c,T2,Foreign ownership = majority foreign (>=50%),proc_innov,1.6058193007960126,1.3026961867684848,1.2326890314920365,0.2178778978494138,-0.9494046353391565,4.161043236931182,M4 Pooled x Korea,D4_energy,env_energy_mgmt,logit,1978,1557,True,0.14815071193600127,86.0,502,1476,0.9475172897643381,0.41681579945657676,0.21881764355639344,0.23563835610101777,0.3532318508294322,-0.243384344824701,0.6810196319374879,4.981939638234585,31.0,299.0,False,1.0,
R10c,T2,Foreign ownership = majority foreign (>=50%),web,1.3291771577979812,0.41608472542127156,3.194486787401856,0.0014288481299615313,0.5130316430912488,2.1453226725047134,M4 Pooled x Korea,D4_energy,env_energy_mgmt,logit,1978,1557,True,0.14815071193600127,915.0,502,1476,0.9475172897643381,0.41681579945657676,0.1287978210013857,0.049215654957242026,0.00895627623534786,0.03226186668092998,0.22533377532184143,3.7779334651649936,204.0,126.0,False,0.028576962599230624,
R10c,T2,Foreign ownership = majority foreign (>=50%),Korea,0.7836232898527443,0.34784803586007346,2.252774801258235,0.02441208625344647,0.10132327516388029,1.4659233045416085,M4 Pooled x Korea,D4_energy,env_energy_mgmt,logit,1978,1557,True,0.14815071193600127,,502,1476,0.9475172897643381,0.41681579945657676,,,,,,2.1893907085661066,,,,,
R10c,T2,Foreign ownership = majority foreign (>=50%),prod_innov:Korea,1.103352723576981,1.3899678118360792,0.7937973197519634,0.42743439086374824,-1.6230535247374456,3.829758971891408,M4 Pooled x Korea,D4_energy,env_energy_mgmt,logit,1978,1557,True,0.14815071193600127,,502,1476,0.9475172897643381,0.41681579945657676,,,,,,3.0142550656373546,,,,,1.0
R10c,T2,Foreign ownership = majority foreign (>=50%),proc_innov:Korea,-1.013669667715713,1.488380160307951,-0.6810556165341396,0.4959375725245048,-3.933110632014376,1.9057712965829499,M4 Pooled x Korea,D4_energy,env_energy_mgmt,logit,1978,1557,True,0.14815071193600127,,502,1476,0.9475172897643381,0.41681579945657676,,,,,,0.3628848663140631,,,,,1.0
R10c,T2,Foreign ownership = majority foreign (>=50%),web:Korea,-0.738197784695291,0.48702210454475536,-1.5157377412783397,0.1297886610425697,-1.6934861716573444,0.21709060226676236,M4 Pooled x Korea,D4_energy,env_energy_mgmt,logit,1978,1557,True,0.14815071193600127,,502,1476,0.9475172897643381,0.41681579945657676,,,,,,0.4779745528155837,,,,,1.0
R10c,T2,Foreign ownership = majority foreign (>=50%),prod_innov,2.2954923273200016,0.9167123924939452,2.504048539231636,0.012678419215244307,0.4932747899872918,4.097709864652711,M1 Morocco,D4_co2,env_co2_monitor,logit,504,397,True,0.25552347332631986,74.0,504,0,,,0.1834321442391805,0.10501164446490695,0.08144899764544337,-0.023016278219614494,0.3898805666979755,9.929323286240333,8.0,32.0,False,0.22821154587439751,
R10c,T2,Foreign ownership = majority foreign (>=50%),proc_innov,-5.544197966765202,1.3239840591144074,-4.187511117372237,3.4768859366449316e-05,-8.147094262290837,-2.9413016712395663,M1 Morocco,D4_co2,env_co2_monitor,logit,504,397,True,0.25552347332631986,39.0,504,0,,,-0.0695978602762218,0.021530283245971105,0.001329354051870777,-0.11192548054986837,-0.027270240002575254,0.003910077959216055,1.0,39.0,True,0.0007301460466954356,
R10c,T2,Foreign ownership = majority foreign (>=50%),web,0.19981561166897505,0.6856584932678756,0.29142147822984865,0.7708811929224973,-1.1481597962195453,1.5477910195574955,M1 Morocco,D4_co2,env_co2_monitor,logit,504,397,True,0.25552347332631986,318.0,504,0,,,0.008330313942590624,0.02723834161194273,0.7598940559834156,-0.045219106074906014,0.06187973396008726,1.221177566506078,26.0,14.0,False,1.0,
R10c,T2,Foreign ownership = majority foreign (>=50%),prod_innov,-0.3656442934376346,0.4115713376916445,-0.8884104891472808,0.37450104231090386,-1.1731375500574148,0.4418489631821457,M2 Korea,D4_co2,env_co2_monitor,logit,1495,1180,True,0.1894118639818726,116.0,0,1495,,,-0.018043699651907576,0.018399783723154678,0.32696767432096263,-0.0541436413121828,0.018056242008367644,0.6937495285858368,30.0,146.0,False,1.0,
R10c,T2,Foreign ownership = majority foreign (>=50%),proc_innov,-0.5975049301623112,0.5271254159924772,-1.1335156910188493,0.2572279969996916,-1.6317125627786657,0.4367027024540433,M2 Korea,D4_co2,env_co2_monitor,logit,1495,1180,True,0.1894118639818726,48.0,0,1495,,,-0.026794649991649957,0.0194334165679106,0.1682200319876989,-0.06492255491254091,0.011333254929240994,0.5501826691541687,11.0,165.0,False,1.0,
R10c,T2,Foreign ownership = majority foreign (>=50%),web,-0.23659100822625095,0.3383219475098181,-0.6993073017214915,0.48449782360265664,-0.900370689077908,0.4271886726254061,M2 Korea,D4_co2,env_co2_monitor,logit,1495,1180,True,0.1894118639818726,606.0,0,1495,,,-0.01276073351728485,0.01789119947713082,0.4758377879059272,-0.04786284488308264,0.022341377848512943,0.789314044961937,109.0,67.0,False,1.0,
R10c,T2,Foreign ownership = majority foreign (>=50%),prod_innov,0.6299954381199627,0.502695748215797,1.2532340692277322,0.21030631079594625,-0.35602689648621,1.6160177727261353,M3 Pooled,D4_co2,env_co2_monitor,logit,1999,1577,True,0.17033611847941132,190.0,504,1495,,,0.04139376424882782,0.04041432803091489,0.3058814337039416,-0.03787770406579147,0.1206652325634471,1.877602013849661,38.0,178.0,False,1.0,
R10c,T2,Foreign ownership = majority foreign (>=50%),proc_innov,-1.6910029379260183,0.6297132257111736,-2.685354013354675,0.007321261552985166,-2.926166169665887,-0.45583970618614944,M3 Pooled,D4_co2,env_co2_monitor,logit,1999,1577,True,0.17033611847941132,87.0,504,1495,,,-0.0510988155386645,0.012267335199227434,3.2758617171931454e-05,-0.07516081832160072,-0.02703681275572828,0.18433455513593155,12.0,204.0,False,0.14642523105970331,
R10c,T2,Foreign ownership = majority foreign (>=50%),web,-0.17190753566084044,0.27986132923194473,-0.6142596983035342,0.5391323336732675,-0.7208469730734071,0.37703190175172624,M3 Pooled,D4_co2,env_co2_monitor,logit,1999,1577,True,0.17033611847941132,924.0,504,1495,,,-0.0091503462848848,0.014892422823449998,0.5390200741183917,-0.03836137815145385,0.02006068558168425,0.8420570298157593,135.0,81.0,False,1.0,
R10c,T2,Foreign ownership = majority foreign (>=50%),Korea,-0.1007025670499564,0.36622212973398033,-0.2749767391804139,0.7833701292100624,-0.8190360732043187,0.6176309391044059,M3 Pooled,D4_co2,env_co2_monitor,logit,1999,1577,True,0.17033611847941132,,504,1495,,,,,,,,0.9042019323422741,,,,,
R10c,T2,Foreign ownership = majority foreign (>=50%),prod_innov,2.392421587792924,0.8879624779601066,2.6942823004064005,0.007128881248066279,0.6507103466128006,4.134132828973047,M4 Pooled x Korea,D4_co2,env_co2_monitor,logit,1999,1577,True,0.1888117971674934,190.0,504,1495,4.65379522359258,0.003038282859356647,0.2596429903390823,0.1453178169345965,0.07417396107035748,-0.02539346286802391,0.5446794435461885,10.939953951438945,38.0,178.0,False,0.13544874371325932,
R10c,T2,Foreign ownership = majority foreign (>=50%),proc_innov,-5.609420219058401,1.307368623269572,-4.290618666547093,1.8900575212295257e-05,-8.173783786250816,-3.045056651865986,M4 Pooled x Korea,D4_co2,env_co2_monitor,logit,1999,1577,True,0.1888117971674934,87.0,504,1495,4.65379522359258,0.003038282859356647,-0.07672971186345959,0.009314042076588959,3.634500648532048e-16,-0.09499892051615727,-0.05846050321076191,0.0036631925914162276,12.0,204.0,False,0.0003969120794582004,
R10c,T2,Foreign ownership = majority foreign (>=50%),web,0.46096963765709886,0.9075774674806644,0.5079121663704368,0.6115859730023261,-1.3192158055209162,2.2411550808351137,M4 Pooled x Korea,D4_co2,env_co2_monitor,logit,1999,1577,True,0.1888117971674934,924.0,504,1495,4.65379522359258,0.003038282859356647,0.025437700115460562,0.052352905506614096,0.6271133821516294,-0.07725092276282185,0.12812632299374296,1.58561070769366,135.0,81.0,False,1.0,
R10c,T2,Foreign ownership = majority foreign (>=50%),Korea,0.7358127600624006,0.9611577985889633,0.765548342990732,0.4440596486967392,-1.1494688637693988,2.6210943838942002,M4 Pooled x Korea,D4_co2,env_co2_monitor,logit,1999,1577,True,0.1888117971674934,,504,1495,4.65379522359258,0.003038282859356647,,,,,,2.0871776779787625,,,,,
R10c,T2,Foreign ownership = majority foreign (>=50%),prod_innov:Korea,-2.7044780817926837,1.0008282337478707,-2.7022399954336196,0.0069612563081314135,-4.667572050823466,-0.7413841127619012,M4 Pooled x Korea,D4_co2,env_co2_monitor,logit,1999,1577,True,0.1888117971674934,,504,1495,4.65379522359258,0.003038282859356647,,,,,,0.06690523379541499,,,,,0.13226386985449687
R10c,T2,Foreign ownership = majority foreign (>=50%),proc_innov:Korea,4.984761378427335,1.4046973938691265,3.5486371656867735,0.00039857976826000827,2.229490404614635,7.740032352240034,M4 Pooled x Korea,D4_co2,env_co2_monitor,logit,1999,1577,True,0.1888117971674934,,504,1495,4.65379522359258,0.003038282859356647,,,,,,146.16869186125848,,,,,0.008370175133460174
R10c,T2,Foreign ownership = majority foreign (>=50%),web:Korea,-0.7258014740325505,0.9942107555513251,-0.7300277833245405,0.46548162787510816,-2.6759154619838785,1.2243125139187774,M4 Pooled x Korea,D4_co2,env_co2_monitor,logit,1999,1577,True,0.1888117971674934,,504,1495,4.65379522359258,0.003038282859356647,,,,,,0.48393655090398535,,,,,1.0
R10d,T2,Exporter = any export share (>0) instead of >=10%,prod_innov,0.9551103857079762,0.9900613009642882,0.9646982310870338,0.3352984053582153,-0.991461785365919,2.9016825567818714,M1 Morocco,D1_sales,g_sales,ols,494,387,True,0.03479475185227976,72.0,494,0,,,,,,,,,,,,1.0,
R10d,T2,Exporter = any export share (>0) instead of >=10%,proc_innov,0.916431215654478,1.4943091295243156,0.6132808784660281,0.540050894835119,-2.021549052517432,3.854411483826388,M1 Morocco,D1_sales,g_sales,ols,494,387,True,0.03479475185227976,37.0,494,0,,,,,,,,,,,,1.0,
R10d,T2,Exporter = any export share (>0) instead of >=10%,web,0.33320238123403423,1.2148816339357502,0.2742673622899265,0.7840255026722716,-2.0553919183965252,2.7217966808645935,M1 Morocco,D1_sales,g_sales,ols,494,387,True,0.03479475185227976,314.0,494,0,,,,,,,,,,,,1.0,
R10d,T2,Exporter = any export share (>0) instead of >=10%,prod_innov,8.34713901641671,3.2071970055648076,2.6026274662683924,0.009373533078838779,2.0543419264656277,14.639936106367792,M2 Korea,D1_sales,g_sales,ols,1431,1119,True,0.07245863385054507,111.0,0,1431,,,,,,,,,,,,0.19684419465561437,
R10d,T2,Exporter = any export share (>0) instead of >=10%,proc_innov,-10.674918659725954,4.33691487524028,-2.4614083897910324,0.013989316525834383,-19.184319628523447,-2.165517690928459,M2 Korea,D1_sales,g_sales,ols,1431,1119,True,0.07245863385054507,47.0,0,1431,,,,,,,,,,,,0.27978633051668766,
R10d,T2,Exporter = any export share (>0) instead of >=10%,web,2.0929671215071153,1.1913497966995328,1.7568031885390727,0.0792248425926979,-0.2445639128436663,4.430498155857897,M2 Korea,D1_sales,g_sales,ols,1431,1119,True,0.07245863385054507,593.0,0,1431,,,,,,,,,,,,1.0,
R10d,T2,Exporter = any export share (>0) instead of >=10%,prod_innov,5.463622155373387,2.1445929319615558,2.547626672618041,0.010944499225539375,1.2569163854363063,9.670327925310467,M3 Pooled,D1_sales,g_sales,ols,1925,1506,True,0.06390117691131048,183.0,494,1431,,,,,,,,,,,,0.20826021512509754,
R10d,T2,Exporter = any export share (>0) instead of >=10%,proc_innov,-4.906796434507114,2.3276851980468747,-2.1080154819149652,0.03519450510210536,-9.472645089181526,-0.3409477798327014,M3 Pooled,D1_sales,g_sales,ols,1925,1506,True,0.06390117691131048,84.0,494,1431,,,,,,,,,,,,0.5983065867357911,
R10d,T2,Exporter = any export share (>0) instead of >=10%,web,1.8546398963225186,0.9466846914542124,1.9590893494576178,0.05028660034651844,-0.0023204127879887793,3.711600205433026,M3 Pooled,D1_sales,g_sales,ols,1925,1506,True,0.06390117691131048,907.0,494,1431,,,,,,,,,,,,0.7542990051977766,
R10d,T2,Exporter = any export share (>0) instead of >=10%,Korea,-1.3491503669390414,0.9721173253369888,-1.387847260587967,0.1653888496748642,-3.25599781598408,0.5576970821059972,M3 Pooled,D1_sales,g_sales,ols,1925,1506,True,0.06390117691131048,,494,1431,,,,,,,,,,,,,
R10d,T2,Exporter = any export share (>0) instead of >=10%,prod_innov,0.9623892972060313,1.0445790096648984,0.9213178594453726,0.357032060803051,-1.0865946762202419,3.0113732706323044,M4 Pooled x Korea,D1_sales,g_sales,ols,1925,1506,True,0.07600809505560846,183.0,494,1431,3.2529657223521853,0.021000177449635546,,,,,,,,,,1.0,
R10d,T2,Exporter = any export share (>0) instead of >=10%,proc_innov,0.5132262736548074,1.4715557516952467,0.3487644100901823,0.7273149356700969,-2.3732898475087687,3.399742394818384,M4 Pooled x Korea,D1_sales,g_sales,ols,1925,1506,True,0.07600809505560846,84.0,494,1431,3.2529657223521853,0.021000177449635546,,,,,,,,,,1.0,
R10d,T2,Exporter = any export share (>0) instead of >=10%,web,0.2699135544274097,1.1842820480971377,0.22791323642969782,0.8197446309094528,-2.0531035789016667,2.592930687756486,M4 Pooled x Korea,D1_sales,g_sales,ols,1925,1506,True,0.07600809505560846,907.0,494,1431,3.2529657223521853,0.021000177449635546,,,,,,,,,,1.0,
R10d,T2,Exporter = any export share (>0) instead of >=10%,Korea,-2.789573397872935,1.1308743488103847,-2.4667403596229827,0.013745544094680371,-5.007829169080411,-0.5713176266654583,M4 Pooled x Korea,D1_sales,g_sales,ols,1925,1506,True,0.07600809505560846,,494,1431,3.2529657223521853,0.021000177449635546,,,,,,,,,,,
R10d,T2,Exporter = any export share (>0) instead of >=10%,prod_innov:Korea,7.237014124596848,3.3580663566388234,2.155113495684631,0.0313110314945785,0.6500311555802556,13.823997093613439,M4 Pooled x Korea,D1_sales,g_sales,ols,1925,1506,True,0.07600809505560846,,494,1431,3.2529657223521853,0.021000177449635546,,,,,,,,,,,0.500976503913256
R10d,T2,Exporter = any export share (>0) instead of >=10%,proc_innov:Korea,-11.224439095245172,4.466817613687397,-2.5128492063008814,0.012079796449273652,-19.986282496252983,-2.4625956942373612,M4 Pooled x Korea,D1_sales,g_sales,ols,1925,1506,True,0.07600809505560846,,494,1431,3.2529657223521853,0.021000177449635546,,,,,,,,,,,0.21743633608692572
R10d,T2,Exporter = any export share (>0) instead of >=10%,web:Korea,2.070029901496215,1.6390550572239149,1.2629410417745495,0.20680586934497414,-1.1450428816458285,5.285102684638258,M4 Pooled x Korea,D1_sales,g_sales,ols,1925,1506,True,0.07600809505560846,,494,1431,3.2529657223521853,0.021000177449635546,,,,,,,,,,,1.0
R10d,T2,Exporter = any export share (>0) instead of >=10%,prod_innov,2.188241527784741,1.8089045742386534,1.2097053426412756,0.2271304081492919,-1.368268862947363,5.744751918516845,M1 Morocco,D1_lp,g_lp,ols,494,387,True,0.02355443504556387,72.0,494,0,,,,,,,,,,,,1.0,
R10d,T2,Exporter = any export share (>0) instead of >=10%,proc_innov,-2.497940681226611,3.258960679834236,-0.7664838353783594,0.4438557529489763,-8.905424904487054,3.9095435420338323,M1 Morocco,D1_lp,g_lp,ols,494,387,True,0.02355443504556387,37.0,494,0,,,,,,,,,,,,1.0,
R10d,T2,Exporter = any export share (>0) instead of >=10%,web,-1.159430271102805,1.7370761840641729,-0.6674608066930772,0.504875639849303,-4.574717946362138,2.2558574041565276,M1 Morocco,D1_lp,g_lp,ols,494,387,True,0.02355443504556387,314.0,494,0,,,,,,,,,,,,1.0,
R10d,T2,Exporter = any export share (>0) instead of >=10%,prod_innov,6.742854528900869,3.351943612388267,2.0116252862907116,0.044498826247232934,0.16605211448155988,13.31965694332018,M2 Korea,D1_lp,g_lp,ols,1431,1119,True,0.10823525875618834,111.0,0,1431,,,,,,,,,,,,0.7564800462029598,
R10d,T2,Exporter = any export share (>0) instead of >=10%,proc_innov,-7.536892616817286,3.9347445525458675,-1.9154718981542902,0.055687000298414134,-15.257200732283682,0.18341549864911055,M2 Korea,D1_lp,g_lp,ols,1431,1119,True,0.10823525875618834,47.0,0,1431,,,,,,,,,,,,0.8909920047746261,
R10d,T2,Exporter = any export share (>0) instead of >=10%,web,0.946177676498187,1.3925163289964024,0.6794733079935261,0.4969785385120557,-1.7860594413382143,3.678414794334588,M2 Korea,D1_lp,g_lp,ols,1431,1119,True,0.10823525875618834,593.0,0,1431,,,,,,,,,,,,1.0,
R10d,T2,Exporter = any export share (>0) instead of >=10%,prod_innov,4.959679579473094,2.221887135011163,2.2321924013697374,0.025748819848249983,0.6013581042403384,9.31800105470585,M3 Pooled,D1_lp,g_lp,ols,1925,1506,True,0.07483452495926946,183.0,494,1431,,,,,,,,,,,,0.4634787572684997,
R10d,T2,Exporter = any export share (>0) instead of >=10%,proc_innov,-5.131798021576449,2.4767863252394218,-2.071958315209277,0.03843919750893837,-9.990114567344449,-0.27348147580844895,M3 Pooled,D1_lp,g_lp,ols,1925,1506,True,0.07483452495926946,84.0,494,1431,,,,,,,,,,,,0.615027160143014,
R10d,T2,Exporter = any export share (>0) instead of >=10%,web,0.8799780731616537,1.131562006618731,0.7776666837649966,0.43688768344731677,-1.3396265666478784,3.0995827129711855,M3 Pooled,D1_lp,g_lp,ols,1925,1506,True,0.07483452495926946,907.0,494,1431,,,,,,,,,,,,1.0,
R10d,T2,Exporter = any export share (>0) instead of >=10%,Korea,0.4623281341289301,1.1570405481421675,0.3995781607405889,0.6895239046617936,-1.8072536953089329,2.731909963566793,M3 Pooled,D1_lp,g_lp,ols,1925,1506,True,0.07483452495926946,,494,1431,,,,,,,,,,,,,
R10d,T2,Exporter = any export share (>0) instead of >=10%,prod_innov,2.263345323594523,1.8082142978274942,1.2517019284239996,0.21087287492542098,-1.2835401513082747,5.8102307984973205,M4 Pooled x Korea,D1_lp,g_lp,ols,1925,1506,True,0.07863146382070807,183.0,494,1431,1.1374393194269574,0.33267880967557334,,,,,,,,,,1.0,
R10d,T2,Exporter = any export share (>0) instead of >=10%,proc_innov,-2.471816580262183,3.1738088975445446,-0.7788170806927077,0.4362098276607098,-8.697371091330401,3.7537379308060355,M4 Pooled x Korea,D1_lp,g_lp,ols,1925,1506,True,0.07863146382070807,84.0,494,1431,1.1374393194269574,0.33267880967557334,,,,,,,,,,1.0,
R10d,T2,Exporter = any export share (>0) instead of >=10%,web,-1.1994343892052632,1.6529137228099207,-0.7256485154991928,0.4681670164809869,-4.441691505381061,2.0428227269705346,M4 Pooled x Korea,D1_lp,g_lp,ols,1925,1506,True,0.07863146382070807,907.0,494,1431,1.1374393194269574,0.33267880967557334,,,,,,,,,,1.0,
R10d,T2,Exporter = any export share (>0) instead of >=10%,Korea,-1.3769758282501132,1.468785725094078,-0.9374926544591219,0.3486555170751032,-4.258058430207154,1.5041067737069267,M4 Pooled x Korea,D1_lp,g_lp,ols,1925,1506,True,0.07863146382070807,,494,1431,1.1374393194269574,0.33267880967557334,,,,,,,,,,,
R10d,T2,Exporter = any export share (>0) instead of >=10%,prod_innov:Korea,4.218694412211102,3.761548468350553,1.1215313182076339,0.2622405597349228,-3.159735036978147,11.597123861400352,M4 Pooled x Korea,D1_lp,g_lp,ols,1925,1506,True,0.07863146382070807,,494,1431,1.1374393194269574,0.33267880967557334,,,,,,,,,,,1.0
R10d,T2,Exporter = any export share (>0) instead of >=10%,proc_innov:Korea,-5.164505714479185,4.914133406899747,-1.0509494323511648,0.2934504210125404,-14.803777134691208,4.474765705732837,M4 Pooled x Korea,D1_lp,g_lp,ols,1925,1506,True,0.07863146382070807,,494,1431,1.1374393194269574,0.33267880967557334,,,,,,,,,,,1.0
R10d,T2,Exporter = any export share (>0) instead of >=10%,web:Korea,2.776266298622278,2.0760380407502663,1.3372906681512222,0.181329714401804,-1.295966279634475,6.848498876879031,M4 Pooled x Korea,D1_lp,g_lp,ols,1925,1506,True,0.07863146382070807,,494,1431,1.1374393194269574,0.33267880967557334,,,,,,,,,,,1.0
R10d,T2,Exporter = any export share (>0) instead of >=10%,prod_innov,-1.2931734009406177,1.5101997439856767,-0.8562929546840677,0.39236427457383943,-4.262372402955412,1.676025601074177,M1 Morocco,D2_emp,g_emp,ols,495,388,True,0.07197333145069706,72.0,495,0,,,,,,,,,,,,1.0,
R10d,T2,Exporter = any export share (>0) instead of >=10%,proc_innov,3.4680946446941117,2.758332048587504,1.2573158646617855,0.20939555596345955,-1.9550533849013152,8.891242674289538,M1 Morocco,D2_emp,g_emp,ols,495,388,True,0.07197333145069706,38.0,495,0,,,,,,,,,,,,1.0,
R10d,T2,Exporter = any export share (>0) instead of >=10%,web,1.425162685472288,1.0444521086384715,1.3645074519789173,0.17319875793914305,-0.6283313446862882,3.4786567156308643,M1 Morocco,D2_emp,g_emp,ols,495,388,True,0.07197333145069706,315.0,495,0,,,,,,,,,,,,1.0,
R10d,T2,Exporter = any export share (>0) instead of >=10%,prod_innov,1.7134754174340179,2.144439443035053,0.7990318509572432,0.4244383824582896,-2.494015768101102,5.920966602969138,M2 Korea,D2_emp,g_emp,ols,1456,1140,True,0.10944729790682373,112.0,0,1456,,,,,,,,,,,,1.0,
R10d,T2,Exporter = any export share (>0) instead of >=10%,proc_innov,-3.427918609883758,1.8744459857516989,-1.828763611189937,0.06769617825405054,-7.105669916141114,0.24983269637359706,M2 Korea,D2_emp,g_emp,ols,1456,1140,True,0.10944729790682373,48.0,0,1456,,,,,,,,,,,,1.0,
R10d,T2,Exporter = any export share (>0) instead of >=10%,web,1.0899477244280276,0.7807186544364557,1.396082594202622,0.16296142227347404,-0.441859045678342,2.621754494534397,M2 Korea,D2_emp,g_emp,ols,1456,1140,True,0.10944729790682373,597.0,0,1456,,,,,,,,,,,,1.0,
R10d,T2,Exporter = any export share (>0) instead of >=10%,prod_innov,0.5479521115844928,1.470946488753781,0.3725166862111552,0.7095598519827057,-2.3373355025675253,3.433239725736511,M3 Pooled,D2_emp,g_emp,ols,1951,1528,True,0.09567180579958456,184.0,495,1456,,,,,,,,,,,,1.0,
R10d,T2,Exporter = any export share (>0) instead of >=10%,proc_innov,0.11982996283039103,1.9965560851615822,0.06001833042455861,0.952148883898121,-3.796450192511696,4.036110118172478,M3 Pooled,D2_emp,g_emp,ols,1951,1528,True,0.09567180579958456,86.0,495,1456,,,,,,,,,,,,1.0,
R10d,T2,Exporter = any export share (>0) instead of >=10%,web,0.930184443716293,0.609107099255912,1.5271278972985385,0.12693617147430336,-0.26458992952694926,2.1249588169595355,M3 Pooled,D2_emp,g_emp,ols,1951,1528,True,0.09567180579958456,912.0,495,1456,,,,,,,,,,,,1.0,
R10d,T2,Exporter = any export share (>0) instead of >=10%,Korea,-1.9131786480416977,0.5889696311834021,-3.2483485510069428,0.0011859773914242666,-3.06845302067022,-0.7579042754131753,M3 Pooled,D2_emp,g_emp,ols,1951,1528,True,0.09567180579958456,,495,1456,,,,,,,,,,,,,
R10d,T2,Exporter = any export share (>0) instead of >=10%,prod_innov,-1.4034540569142604,1.5088677105208421,-0.9301372460477703,0.3524469498102488,-4.363124819817468,1.5562167059889478,M4 Pooled x Korea,D2_emp,g_emp,ols,1951,1528,True,0.10134752103603717,184.0,495,1456,1.3222128895875498,0.2655097688297287,,,,,,,,,,1.0,
R10d,T2,Exporter = any export share (>0) instead of >=10%,proc_innov,2.9852032824080075,2.662255479852841,1.121306089892251,0.2623337815809953,-2.236858036923583,8.207264601739599,M4 Pooled x Korea,D2_emp,g_emp,ols,1951,1528,True,0.10134752103603717,86.0,495,1456,1.3222128895875498,0.2655097688297287,,,,,,,,,,1.0,
R10d,T2,Exporter = any export share (>0) instead of >=10%,web,1.2471762525523442,1.011590719244716,1.2328862145784842,0.2178078636231503,-0.7370768763977948,3.2314293815024833,M4 Pooled x Korea,D2_emp,g_emp,ols,1951,1528,True,0.10134752103603717,912.0,495,1456,1.3222128895875498,0.2655097688297287,,,,,,,,,,1.0,
R10d,T2,Exporter = any export share (>0) instead of >=10%,Korea,-1.6653754816571713,0.9076219877007139,-1.8348778502778238,0.06671809343536744,-3.4456921005598544,0.1149411372455118,M4 Pooled x Korea,D2_emp,g_emp,ols,1951,1528,True,0.10134752103603717,,495,1456,1.3222128895875498,0.2655097688297287,,,,,,,,,,,
R10d,T2,Exporter = any export share (>0) instead of >=10%,prod_innov:Korea,3.2069125697716125,2.6465599734800733,1.2117286598099297,0.22580361162490936,-1.9843617355649559,8.39818687510818,M4 Pooled x Korea,D2_emp,g_emp,ols,1951,1528,True,0.10134752103603717,,495,1456,1.3222128895875498,0.2655097688297287,,,,,,,,,,,1.0
R10d,T2,Exporter = any export share (>0) instead of >=10%,proc_innov:Korea,-6.137535973951717,3.1357932300273403,-1.957251490685247,0.05049974272696753,-12.288449984973981,0.013378037070546966,M4 Pooled x Korea,D2_emp,g_emp,ols,1951,1528,True,0.10134752103603717,,495,1456,1.3222128895875498,0.2655097688297287,,,,,,,,,,,0.7574961409045129
R10d,T2,Exporter = any export share (>0) instead of >=10%,web:Korea,-0.462587389941751,1.2619703985382762,-0.36655962016031435,0.7139982832174369,-2.9379646984758203,2.0127899185923184,M4 Pooled x Korea,D2_emp,g_emp,ols,1951,1528,True,0.10134752103603717,,495,1456,1.3222128895875498,0.2655097688297287,,,,,,,,,,,1.0
R10d,T2,Exporter = any export share (>0) instead of >=10%,prod_innov,-0.052650946408274966,0.02845403244891826,-1.8503861096945013,0.06519711775752249,-0.1086356124543933,0.0033337196378433534,M1 Morocco,D3_female,female_share,ols,418,314,True,0.09867864791441594,68.0,418,0,,,,,,,,,,,,1.0,
R10d,T2,Exporter = any export share (>0) instead of >=10%,proc_innov,0.13422876881373297,0.0400971167712902,3.347591538298376,0.0009142890161250948,0.05533577901051674,0.2131217586169492,M1 Morocco,D3_female,female_share,ols,418,314,True,0.09867864791441594,35.0,418,0,,,,,,,,,,,,0.018183381687175385,
R10d,T2,Exporter = any export share (>0) instead of >=10%,web,0.011889293477604798,0.034767349332615355,0.34196721078334885,0.7326043290179484,-0.05651712467031586,0.08029571162552546,M1 Morocco,D3_female,female_share,ols,418,314,True,0.09867864791441594,264.0,418,0,,,,,,,,,,,,1.0,
R10d,T2,Exporter = any export share (>0) instead of >=10%,prod_innov,0.1116120454835091,0.05195195465225938,2.1483704748085954,0.03188911197625386,0.00968264137630788,0.2135414495907103,M2 Korea,D3_female,female_share,ols,1485,1170,True,0.08558688369300282,116.0,0,1485,,,,,,,,,,,,0.6058931275488233,
R10d,T2,Exporter = any export share (>0) instead of >=10%,proc_innov,0.009110155846904956,0.05970322277436209,0.15259068813312138,0.8787473784472295,-0.10802718694228602,0.12624749863609594,M2 Korea,D3_female,female_share,ols,1485,1170,True,0.08558688369300282,48.0,0,1485,,,,,,,,,,,,1.0,
R10d,T2,Exporter = any export share (>0) instead of >=10%,web,0.00625548842789821,0.023309337362444997,0.2683683508728474,0.7884631072467938,-0.039477283002760793,0.051988259858557206,M2 Korea,D3_female,female_share,ols,1485,1170,True,0.08558688369300282,601.0,0,1485,,,,,,,,,,,,1.0,
R10d,T2,Exporter = any export share (>0) instead of >=10%,prod_innov,0.04744406627903567,0.037508978676291715,1.2648722506812382,0.2061157162196414,-0.02613218968568492,0.12102032224375625,M3 Pooled,D3_female,female_share,ols,1903,1484,True,0.0721618777572901,184.0,418,1485,,,,,,,,,,,,1.0,
R10d,T2,Exporter = any export share (>0) instead of >=10%,proc_innov,0.044791886317417456,0.04208147096065634,1.064408759838628,0.2873167250235233,-0.0377536051366119,0.12733737777144682,M3 Pooled,D3_female,female_share,ols,1903,1484,True,0.0721618777572901,83.0,418,1485,,,,,,,,,,,,1.0,
R10d,T2,Exporter = any export share (>0) instead of >=10%,web,0.01806111197559129,0.01953845071464914,0.924388132885572,0.35543455267198815,-0.02026480628897998,0.05638703024016256,M3 Pooled,D3_female,female_share,ols,1903,1484,True,0.0721618777572901,865.0,418,1485,,,,,,,,,,,,1.0,
R10d,T2,Exporter = any export share (>0) instead of >=10%,Korea,0.09662726209833371,0.021505483587070485,4.493145281161122,7.562053160681811e-06,0.05444288329391922,0.1388116409027482,M3 Pooled,D3_female,female_share,ols,1903,1484,True,0.0721618777572901,,418,1485,,,,,,,,,,,,,
R10d,T2,Exporter = any export share (>0) instead of >=10%,prod_innov,-0.06130514982828787,0.030168156344714838,-2.032114562381202,0.042319855925544415,-0.12048191420671729,-0.0021283854498584526,M4 Pooled x Korea,D3_female,female_share,ols,1903,1484,True,0.07842943665378554,184.0,418,1485,2.688440784519424,0.045066628283854576,,,,,,,,,,0.7194375507342551,
R10d,T2,Exporter = any export share (>0) instead of >=10%,proc_innov,0.09891359226963434,0.04360893283509146,2.268195661739286,0.023460454215704814,0.013371886847219197,0.1844552976920495,M4 Pooled x Korea,D3_female,female_share,ols,1903,1484,True,0.07842943665378554,83.0,418,1485,2.688440784519424,0.045066628283854576,,,,,,,,,,0.42228817588268663,
R10d,T2,Exporter = any export share (>0) instead of >=10%,web,0.028799572676249878,0.03361582979462694,0.8567265140321814,0.3917343667612617,-0.03714002324773264,0.0947391686002324,M4 Pooled x Korea,D3_female,female_share,ols,1903,1484,True,0.07842943665378554,865.0,418,1485,2.688440784519424,0.045066628283854576,,,,,,,,,,1.0,
R10d,T2,Exporter = any export share (>0) instead of >=10%,Korea,0.09404860630552617,0.03136550902412054,2.9984721827151413,0.0027585049427451282,0.032523158216450125,0.1555740543946022,M4 Pooled x Korea,D3_female,female_share,ols,1903,1484,True,0.07842943665378554,,418,1485,2.688440784519424,0.045066628283854576,,,,,,,,,,,
R10d,T2,Exporter = any export share (>0) instead of >=10%,prod_innov:Korea,0.16764386871502276,0.0599598511352201,2.795935372437068,0.0052416770003752425,0.05002879332722107,0.2852589441028245,M4 Pooled x Korea,D3_female,female_share,ols,1903,1484,True,0.07842943665378554,,418,1485,2.688440784519424,0.045066628283854576,,,,,,,,,,,0.10483354000750485
R10d,T2,Exporter = any export share (>0) instead of >=10%,proc_innov:Korea,-0.08817439186423527,0.07481800793452618,-1.1785183045958316,0.23877897143349708,-0.23493469024688968,0.05858590651841915,M4 Pooled x Korea,D3_female,female_share,ols,1903,1484,True,0.07842943665378554,,418,1485,2.688440784519424,0.045066628283854576,,,,,,,,,,,1.0
R10d,T2,Exporter = any export share (>0) instead of >=10%,web:Korea,-0.016769631611843548,0.040683128813394226,-0.41220112859958874,0.6802515447031396,-0.09657218568436951,0.0630329224606824,M4 Pooled x Korea,D3_female,female_share,ols,1903,1484,True,0.07842943665378554,,418,1485,2.688440784519424,0.045066628283854576,,,,,,,,,,,1.0
R10d,T2,Exporter = any export share (>0) instead of >=10%,prod_innov,0.005103048391408145,0.04532708315249814,0.11258276589824857,0.9104349277086562,-0.08408801805775654,0.09429411484057282,M1 Morocco,D3_lowskill,lowskill_prod_share,ols,407,307,True,0.14203386089453518,69.0,407,0,,,,,,,,,,,,1.0,
R10d,T2,Exporter = any export share (>0) instead of >=10%,proc_innov,-0.02634067465091484,0.04310769188111066,-0.6110434936660817,0.5416229350746948,-0.1111645976486239,0.058483248346794206,M1 Morocco,D3_lowskill,lowskill_prod_share,ols,407,307,True,0.14203386089453518,36.0,407,0,,,,,,,,,,,,1.0,
R10d,T2,Exporter = any export share (>0) instead of >=10%,web,-0.05668612685153899,0.04204830272095022,-1.3481192624523128,0.17861385955209888,-0.13942546724635918,0.026053213543281196,M1 Morocco,D3_lowskill,lowskill_prod_share,ols,407,307,True,0.14203386089453518,254.0,407,0,,,,,,,,,,,,1.0,
R10d,T2,Exporter = any export share (>0) instead of >=10%,prod_innov,0.044428800507059565,0.05518794092633651,0.8050454458223404,0.420959573888454,-0.06385134005306181,0.15270894106718094,M2 Korea,D3_lowskill,lowskill_prod_share,ols,1465,1152,True,0.10009035686054435,113.0,0,1465,,,,,,,,,,,,1.0,
R10d,T2,Exporter = any export share (>0) instead of >=10%,proc_innov,0.0021279457591322146,0.07640446031528465,0.027851067206694485,0.9777857598126332,-0.14777954423767606,0.1520354357559405,M2 Korea,D3_lowskill,lowskill_prod_share,ols,1465,1152,True,0.10009035686054435,45.0,0,1465,,,,,,,,,,,,1.0,
R10d,T2,Exporter = any export share (>0) instead of >=10%,web,0.043944769059046346,0.023990794883189705,1.8317345995833738,0.06724906199620627,-0.0031257792980340995,0.09101531741612678,M2 Korea,D3_lowskill,lowskill_prod_share,ols,1465,1152,True,0.10009035686054435,588.0,0,1465,,,,,,,,,,,,1.0,
R10d,T2,Exporter = any export share (>0) instead of >=10%,prod_innov,0.033226889173477214,0.0404347463238244,0.8217410072856011,0.4113585751585177,-0.04608955615040264,0.11254333449735707,M3 Pooled,D3_lowskill,lowskill_prod_share,ols,1872,1459,True,0.11710838629548703,182.0,407,1465,,,,,,,,,,,,1.0,
R10d,T2,Exporter = any export share (>0) instead of >=10%,proc_innov,-0.0269978050007568,0.04359719787942049,-0.6192555098478192,0.5358447300700022,-0.11251768768244846,0.05852207768093487,M3 Pooled,D3_lowskill,lowskill_prod_share,ols,1872,1459,True,0.11710838629548703,81.0,407,1465,,,,,,,,,,,,1.0,
R10d,T2,Exporter = any export share (>0) instead of >=10%,web,0.020297880619911245,0.020920015885263134,0.970261243167117,0.3320771080534981,-0.020738639872873464,0.06133440111269595,M3 Pooled,D3_lowskill,lowskill_prod_share,ols,1872,1459,True,0.11710838629548703,842.0,407,1465,,,,,,,,,,,,1.0,
R10d,T2,Exporter = any export share (>0) instead of >=10%,Korea,-0.10081757536928865,0.023833081359915388,-4.230152779944463,2.4807267667180306e-05,-0.1475683396610755,-0.05406681107750181,M3 Pooled,D3_lowskill,lowskill_prod_share,ols,1872,1459,True,0.11710838629548703,,407,1465,,,,,,,,,,,,,
R10d,T2,Exporter = any export share (>0) instead of >=10%,prod_innov,0.003597527859305144,0.04852152103183081,0.07414293251328859,0.9409068175668563,-0.09158186412033743,0.09877691983894772,M4 Pooled x Korea,D3_lowskill,lowskill_prod_share,ols,1872,1459,True,0.12772509984314107,182.0,407,1465,2.642945956935674,0.047907118406581815,,,,,,,,,,1.0,
R10d,T2,Exporter = any export share (>0) instead of >=10%,proc_innov,-0.03496584427419962,0.043960664374203345,-0.7953893502737416,0.42651642984620786,-0.12119869965836921,0.05126701110996998,M4 Pooled x Korea,D3_lowskill,lowskill_prod_share,ols,1872,1459,True,0.12772509984314107,81.0,407,1465,2.642945956935674,0.047907118406581815,,,,,,,,,,1.0,
R10d,T2,Exporter = any export share (>0) instead of >=10%,web,-0.0702826868587755,0.041179480961302396,-1.70674047409248,0.08808308875843836,-0.15105999714471693,0.010494623427165922,M4 Pooled x Korea,D3_lowskill,lowskill_prod_share,ols,1872,1459,True,0.12772509984314107,842.0,407,1465,2.642945956935674,0.047907118406581815,,,,,,,,,,1.0,
R10d,T2,Exporter = any export share (>0) instead of >=10%,Korea,-0.17692760077904093,0.03654703297415649,-4.841093418011574,1.4284403251943892e-06,-0.24861794154264152,-0.10523726001544034,M4 Pooled x Korea,D3_lowskill,lowskill_prod_share,ols,1872,1459,True,0.12772509984314107,,407,1465,2.642945956935674,0.047907118406581815,,,,,,,,,,,
R10d,T2,Exporter = any export share (>0) instead of >=10%,prod_innov:Korea,0.040773945378327126,0.07434955394121379,0.5484087424460676,0.5834951760184757,-0.10506949043317707,0.18661738118983132,M4 Pooled x Korea,D3_lowskill,lowskill_prod_share,ols,1872,1459,True,0.12772509984314107,,407,1465,2.642945956935674,0.047907118406581815,,,,,,,,,,,1.0
R10d,T2,Exporter = any export share (>0) instead of >=10%,proc_innov:Korea,0.04286207645362029,0.0902365970285206,0.4749965963374384,0.6348604933911982,-0.1341452443567131,0.21986939726395366,M4 Pooled x Korea,D3_lowskill,lowskill_prod_share,ols,1872,1459,True,0.12772509984314107,,407,1465,2.642945956935674,0.047907118406581815,,,,,,,,,,,1.0
R10d,T2,Exporter = any export share (>0) instead of >=10%,web:Korea,0.11707870953699212,0.04689012831263899,2.4968733025504255,0.012638909266129348,0.02509944327044973,0.20905797580353452,M4 Pooled x Korea,D3_lowskill,lowskill_prod_share,ols,1872,1459,True,0.12772509984314107,,407,1465,2.642945956935674,0.047907118406581815,,,,,,,,,,,0.21743633608692572
R10d,T2,Exporter = any export share (>0) instead of >=10%,prod_innov,-0.6245416269594413,1.2388495065909741,-0.504130343223072,0.6144501468447532,-3.0600858229333143,1.811002569014432,M1 Morocco,D4_energy,env_energy_mgmt,logit,502,396,True,0.1992853532545733,74.0,502,0,,,-0.04335664424205315,0.0718420888011009,0.5465221527593758,-0.1845962229602546,0.09788293447614829,0.5355068341668441,23.0,60.0,False,1.0,
R10d,T2,Exporter = any export share (>0) instead of >=10%,proc_innov,1.626272660040582,1.1553378977671145,1.4076164758237641,0.16002913072545744,-0.6450900004963591,3.897635320577523,M1 Morocco,D4_energy,env_energy_mgmt,logit,502,396,True,0.1992853532545733,39.0,502,0,,,0.19232040815565174,0.16899274342105103,0.25579206544239363,-0.13991469644025742,0.5245555127515609,5.084886252568437,10.0,73.0,False,1.0,
R10d,T2,Exporter = any export share (>0) instead of >=10%,web,1.440158359473009,0.4308580077321409,3.342535901916758,0.0009091690843587691,0.5931033181318581,2.28721340081416,M1 Morocco,D4_energy,env_energy_mgmt,logit,502,396,True,0.1992853532545733,317.0,502,0,,,0.09099548923233892,0.03272396733165113,0.005683165348094449,0.026661065817860388,0.15532991264681745,4.221364257087377,47.0,36.0,False,0.018183381687175385,
R10d,T2,Exporter = any export share (>0) instead of >=10%,prod_innov,0.19436987806152728,0.4485943233991324,0.4332865306647864,0.6648871085006431,-0.6857763922975438,1.0745161484205985,M2 Korea,D4_energy,env_energy_mgmt,logit,1476,1161,True,0.14840804417515796,116.0,0,1476,,,0.018461054089768877,0.044745728090427074,0.6799927969728295,-0.06933048414209159,0.10625259232162934,1.2145454335962438,49.0,198.0,False,1.0,
R10d,T2,Exporter = any export share (>0) instead of >=10%,proc_innov,0.653042171474836,0.7152975302280832,0.9129657853936723,0.36145007771906923,-0.7503782923796558,2.0564626353293276,M2 Korea,D4_energy,env_energy_mgmt,logit,1476,1161,True,0.14840804417515796,47.0,0,1476,,,0.07152074492487459,0.09311480526400069,0.4425886724697228,-0.11117137642727873,0.2542128662770279,1.9213771056588362,21.0,226.0,False,1.0,
R10d,T2,Exporter = any export share (>0) instead of >=10%,web,0.6156827273818853,0.29843061470153615,2.0630682545677717,0.03932808685251329,0.030159062034875284,1.2012063927288954,M2 Korea,D4_energy,env_energy_mgmt,logit,1476,1161,True,0.14840804417515796,598.0,0,1476,,,0.059477158366499056,0.030905902698893054,0.054541175783231435,-0.0011605126285228959,0.12011482936152101,1.850919841941945,157.0,90.0,False,0.7079055633452391,
R10d,T2,Exporter = any export share (>0) instead of >=10%,prod_innov,-0.05629598879653932,0.47215428741586446,-0.11923218807278327,0.9051067874506724,-0.9824213194821608,0.8698293418890822,M3 Pooled,D4_energy,env_energy_mgmt,logit,1978,1557,True,0.14791533197715534,190.0,502,1476,,,-0.004902750263156585,0.040513408140590984,0.903694374367443,-0.08436934521193663,0.07456384468562345,0.9452593083144399,72.0,258.0,False,1.0,
R10d,T2,Exporter = any export share (>0) instead of >=10%,proc_innov,1.107025651536577,0.7173936476295067,1.5431216253371305,0.12300447669062489,-0.3001339292414187,2.514185232314573,M3 Pooled,D4_energy,env_energy_mgmt,logit,1978,1557,True,0.14791533197715534,86.0,502,1476,,,0.13430112723797635,0.11193387254121158,0.23038961064681046,-0.08525590631035149,0.35385816078630417,3.025346564013478,31.0,299.0,False,1.0,
R10d,T2,Exporter = any export share (>0) instead of >=10%,web,0.7344291234669493,0.2593787026847349,2.8314935492588242,0.004692695867478002,0.22566071195588555,1.243197534978013,M3 Pooled,D4_energy,env_energy_mgmt,logit,1978,1557,True,0.14791533197715534,915.0,502,1476,,,0.06734882554184562,0.025315347692772,0.007885052420391043,0.01769305542969183,0.11700459565399943,2.084291779540057,204.0,126.0,False,0.09854661321703805,
R10d,T2,Exporter = any export share (>0) instead of >=10%,Korea,0.19284803904711179,0.27744757557791083,0.6950792006216597,0.48710938391391057,-0.3513622636620509,0.7370583417562745,M3 Pooled,D4_energy,env_energy_mgmt,logit,1978,1557,True,0.14791533197715534,,502,1476,,,,,,,,1.2126984966973895,,,,,
R10d,T2,Exporter = any export share (>0) instead of >=10%,prod_innov,-0.8116959249593756,1.2889149144804253,-0.6297513636007374,0.5289496691128962,-3.3398880503173904,1.7164962003986393,M4 Pooled x Korea,D4_energy,env_energy_mgmt,logit,1978,1557,True,0.15200966003182192,190.0,502,1476,1.0586277544884182,0.3656163699098244,-0.05767625490030212,0.07199423735360891,0.423182550332047,-0.19889214270149347,0.08353963290088923,0.4441042597053704,72.0,258.0,False,1.0,
R10d,T2,Exporter = any export share (>0) instead of >=10%,proc_innov,1.7960438852389196,1.2586459063643536,1.4269651823099798,0.15379043023446737,-0.6727759207350044,4.2648636912128435,M4 Pooled x Korea,D4_energy,env_energy_mgmt,logit,1978,1557,True,0.15200966003182192,86.0,502,1476,1.0586277544884182,0.3656163699098244,0.25278408118167656,0.23563201080402088,0.2835307973443374,-0.20940546097064022,0.7149736233339934,6.025761643456845,31.0,299.0,False,1.0,
R10d,T2,Exporter = any export share (>0) instead of >=10%,web,1.3832520268401984,0.41897289542115734,3.3015310583510047,0.0009833563792346163,0.5614413991237761,2.2050626545566208,M4 Pooled x Korea,D4_energy,env_energy_mgmt,logit,1978,1557,True,0.15200966003182192,915.0,502,1476,1.0586277544884182,0.3656163699098244,0.13433287480010977,0.04999896259522546,0.007292652050640944,0.03626047134726053,0.23240527825295904,3.987849155718419,204.0,126.0,False,0.019667127584692325,
R10d,T2,Exporter = any export share (>0) instead of >=10%,Korea,0.7925329426147577,0.34891005444781253,2.2714534376747206,0.023255511724746776,0.10814979039653383,1.4769160948329816,M4 Pooled x Korea,D4_energy,env_energy_mgmt,logit,1978,1557,True,0.15200966003182192,,502,1476,1.0586277544884182,0.3656163699098244,,,,,,2.2089845772063414,,,,,
R10d,T2,Exporter = any export share (>0) instead of >=10%,prod_innov:Korea,1.0202417373374626,1.365437088701963,0.747190585182759,0.45506134594221775,-1.6580477731223087,3.698531247797234,M4 Pooled x Korea,D4_energy,env_energy_mgmt,logit,1978,1557,True,0.15200966003182192,,502,1476,1.0586277544884182,0.3656163699098244,,,,,,2.773865229717842,,,,,1.0
R10d,T2,Exporter = any export share (>0) instead of >=10%,proc_innov:Korea,-1.1198211800391462,1.443064723202318,-0.77600204761027,0.4378656314775315,-3.9503764235190686,1.7107340634407762,M4 Pooled x Korea,D4_energy,env_energy_mgmt,logit,1978,1557,True,0.15200966003182192,,502,1476,1.0586277544884182,0.3656163699098244,,,,,,0.326338145180108,,,,,1.0
R10d,T2,Exporter = any export share (>0) instead of >=10%,web:Korea,-0.7703197827973886,0.48905323296073067,-1.5751246099200056,0.1154308379309017,-1.729592205330114,0.18895263973533682,M4 Pooled x Korea,D4_energy,env_energy_mgmt,logit,1978,1557,True,0.15200966003182192,,502,1476,1.0586277544884182,0.3656163699098244,,,,,,0.4628650283685911,,,,,1.0
R10d,T2,Exporter = any export share (>0) instead of >=10%,prod_innov,2.29433816676059,0.8523473359768872,2.691787807526866,0.007407619198693113,0.6186595903890948,3.970016743132085,M1 Morocco,D4_co2,env_co2_monitor,logit,504,397,True,0.27630338110428365,74.0,504,0,,,0.17776946641813418,0.09718359610622865,0.06811767143966119,-0.013289346223433723,0.36882827905970206,9.91786986373738,8.0,32.0,False,0.13333714557647602,
R10d,T2,Exporter = any export share (>0) instead of >=10%,proc_innov,-6.52916979737691,1.4315751820083136,-4.560829133833778,6.798464587490255e-06,-9.343585660139112,-3.7147539346147083,M1 Morocco,D4_co2,env_co2_monitor,logit,504,397,True,0.27630338110428365,39.0,504,0,,,-0.07747328119591149,0.021117485014445853,0.0002770552491443926,-0.11898935772003941,-0.03595720467178357,0.001460217623209593,1.0,39.0,True,0.00014276775633729536,
R10d,T2,Exporter = any export share (>0) instead of >=10%,web,-0.0007919848285617148,0.6993477003687317,-0.001132462190329846,0.9990969949177424,-1.3756797910999865,1.374095821442863,M1 Morocco,D4_co2,env_co2_monitor,logit,504,397,True,0.27630338110428365,318.0,504,0,,,-3.30493576556327e-05,0.029188364884265613,0.9990971413987038,-0.057416132112083615,0.057350033396772346,0.999208328708645,26.0,14.0,False,1.0,
R10d,T2,Exporter = any export share (>0) instead of >=10%,prod_innov,-0.3784852092252248,0.4141800358729614,-0.9138180898253505,0.3609991164663153,-1.1910966701441295,0.4341262516936798,M2 Korea,D4_co2,env_co2_monitor,logit,1495,1180,True,0.19099564094870836,116.0,0,1495,,,-0.018588385207801216,0.018353953688424934,0.3113763097350605,-0.05459840942095176,0.01742163900534933,0.6848981011537181,30.0,146.0,False,1.0,
R10d,T2,Exporter = any export share (>0) instead of >=10%,proc_innov,-0.5251707992354905,0.5336227240119266,-0.9841612352770659,0.325237986975664,-1.5721259969308732,0.5217843984598923,M2 Korea,D4_co2,env_co2_monitor,logit,1495,1180,True,0.19099564094870836,48.0,0,1495,,,-0.024141477133666957,0.0205853344319538,0.24113225380113004,-0.06452941773296961,0.01624646346563569,0.5914543357908784,11.0,165.0,False,1.0,
R10d,T2,Exporter = any export share (>0) instead of >=10%,web,-0.21344569494273832,0.335846818229716,-0.6355447881502438,0.5251963940393015,-0.8723692305289008,0.4454778406434241,M2 Korea,D4_co2,env_co2_monitor,logit,1495,1180,True,0.19099564094870836,606.0,0,1495,,,-0.011527181006011135,0.017817742317890836,0.5177903953313617,-0.04648517115804945,0.02343080914602718,0.807796026368941,109.0,67.0,False,1.0,
R10d,T2,Exporter = any export share (>0) instead of >=10%,prod_innov,0.6188333184503686,0.48657159748283474,1.271823759651733,0.20362326665814334,-0.33556198766852074,1.573228624569258,M3 Pooled,D4_co2,env_co2_monitor,logit,1999,1577,True,0.17348991502543565,190.0,504,1495,,,0.040354987436557514,0.03856443464930018,0.2955228348426103,-0.03528797159110989,0.11599794646422493,1.8567605294420513,38.0,178.0,False,1.0,
R10d,T2,Exporter = any export share (>0) instead of >=10%,proc_innov,-1.864222721500863,0.7268268415961258,-2.5648787507723214,0.010413010756254877,-3.289871340469075,-0.4385741025326515,M3 Pooled,D4_co2,env_co2_monitor,logit,1999,1577,True,0.17348991502543565,87.0,504,1495,,,-0.053526751423015856,0.012576851807051924,2.2039792384441302e-05,-0.07819586156528362,-0.02885764128074809,0.15501665418176555,12.0,204.0,False,0.20826021512509754,
R10d,T2,Exporter = any export share (>0) instead of >=10%,web,-0.17650742682535026,0.28510719084691666,-0.6190914592544348,0.5359455298367453,-0.7357364613450623,0.3827216076943618,M3 Pooled,D4_co2,env_co2_monitor,logit,1999,1577,True,0.17348991502543565,924.0,504,1495,,,-0.009357787717643786,0.015117811546234124,0.536011759657059,-0.0390109126701844,0.020295337234896828,0.8381925540223593,135.0,81.0,False,1.0,
R10d,T2,Exporter = any export share (>0) instead of >=10%,Korea,-0.04248194841663808,0.36775294474076364,-0.11551762949603149,0.9080495546038384,-0.7638181013850941,0.6788542045518179,M3 Pooled,D4_co2,env_co2_monitor,logit,1999,1577,True,0.17348991502543565,,504,1495,,,,,,,,0.9584077661424799,,,,,
R10d,T2,Exporter = any export share (>0) instead of >=10%,prod_innov,2.343794284112801,0.8484925691574405,2.7623038424958826,0.005806125602366075,0.6795020618172194,4.008086506408383,M4 Pooled x Korea,D4_co2,env_co2_monitor,logit,1999,1577,True,0.19108861405690847,190.0,504,1495,4.789887409016881,0.002513203202047135,0.2510146876777475,0.13680795139827354,0.0667241875854851,-0.01732992456374205,0.519359299919237,10.420700745508116,38.0,178.0,False,0.11031638644495542,
R10d,T2,Exporter = any export share (>0) instead of >=10%,proc_innov,-5.779373459946185,1.342210032708533,-4.305863701736465,1.7658662058974717e-05,-8.412077386089132,-3.1466695338032378,M4 Pooled x Korea,D4_co2,env_co2_monitor,logit,1999,1577,True,0.19108861405690847,87.0,504,1495,4.789887409016881,0.002513203202047135,-0.07736705883395606,0.009215838880793512,1.0227884609118334e-16,-0.095443644921757,-0.05929047274615513,0.003090651218522881,12.0,204.0,False,0.00037083190323846906,
R10d,T2,Exporter = any export share (>0) instead of >=10%,web,0.40113811160964197,0.9080495040240641,0.4417579766653465,0.6587249182626513,-1.3799732168104792,2.1822494400297634,M4 Pooled x Korea,D4_co2,env_co2_monitor,logit,1999,1577,True,0.19108861405690847,924.0,504,1495,4.789887409016881,0.002513203202047135,0.021935804916350266,0.05155270133176454,0.6705284350091899,-0.07918324194811623,0.12305485178081675,1.493523527194651,135.0,81.0,False,1.0,
R10d,T2,Exporter = any export share (>0) instead of >=10%,Korea,0.7260686160257235,0.9513764400308333,0.7631769985834337,0.44547199282076533,-1.1400271721682398,2.5921644042196865,M4 Pooled x Korea,D4_co2,env_co2_monitor,logit,1999,1577,True,0.19108861405690847,,504,1495,4.789887409016881,0.002513203202047135,,,,,,2.0669386840284965,,,,,
R10d,T2,Exporter = any export share (>0) instead of >=10%,prod_innov:Korea,-2.655189980506995,0.9631106171875253,-2.7568899492154686,0.0059026552219896495,-4.544301998290704,-0.7660779627232861,M4 Pooled x Korea,D4_co2,env_co2_monitor,logit,1999,1577,True,0.19108861405690847,,504,1495,4.789887409016881,0.002513203202047135,,,,,,0.07028548452477101,,,,,0.11215044921780334
R10d,T2,Exporter = any export share (>0) instead of >=10%,proc_innov:Korea,5.057300697241771,1.415862359242679,3.57188724188334,0.0003650654889039692,2.280129985341966,7.8344714091415755,M4 Pooled x Korea,D4_co2,env_co2_monitor,logit,1999,1577,True,0.19108861405690847,,504,1495,4.789887409016881,0.002513203202047135,,,,,,157.16570541255547,,,,,0.007666375266983353
R10d,T2,Exporter = any export share (>0) instead of >=10%,web:Korea,-0.656936929998013,0.9942336401556875,-0.6607470351688592,0.5088710621104346,-2.607095805400846,1.2932219454048202,M4 Pooled x Korea,D4_co2,env_co2_monitor,logit,1999,1577,True,0.19108861405690847,,504,1495,4.789887409016881,0.002513203202047135,,,,,,0.5184369134398127,,,,,1.0
R10e,T2,Low-skilled = l4b / ALL permanent FT employees (not only production workers),prod_innov,0.004999526501441658,0.045745593337942564,0.10928979463678577,0.9130440419587532,-0.08501505134893192,0.09501410435181523,M1 Morocco,D3_lowskill,lowskill_prod_share,ols,407,307,True,0.12899657260504094,69.0,407,0,,,,,,,,,,,,1.0,
R10e,T2,Low-skilled = l4b / ALL permanent FT employees (not only production workers),proc_innov,-0.03000289004962374,0.04450188332142576,-0.6741937151944899,0.5006954921578536,-0.11757019322420498,0.0575644131249575,M1 Morocco,D3_lowskill,lowskill_prod_share,ols,407,307,True,0.12899657260504094,36.0,407,0,,,,,,,,,,,,1.0,
R10e,T2,Low-skilled = l4b / ALL permanent FT employees (not only production workers),web,-0.06521084694195223,0.04167936029767821,-1.5645836806565592,0.11871073475437424,-0.14722421147639642,0.016802517592491947,M1 Morocco,D3_lowskill,lowskill_prod_share,ols,407,307,True,0.12899657260504094,254.0,407,0,,,,,,,,,,,,0.35613220426312275,
R10e,T2,Low-skilled = l4b / ALL permanent FT employees (not only production workers),prod_innov,0.005769008102032548,0.03026359058017736,0.19062536835306138,0.8488524401826523,-0.053608440491131115,0.06514645669519621,M2 Korea,D3_lowskill,lowskill_prod_share,ols,1475,1161,True,0.11294181469564168,113.0,0,1475,,,,,,,,,,,,0.939197491091721,
R10e,T2,Low-skilled = l4b / ALL permanent FT employees (not only production workers),proc_innov,0.05046730351880405,0.06976699817846482,0.7233692839945339,0.4695987455458605,-0.08641620132726435,0.18735080836487245,M2 Korea,D3_lowskill,lowskill_prod_share,ols,1475,1161,True,0.11294181469564168,45.0,0,1475,,,,,,,,,,,,0.939197491091721,
R10e,T2,Low-skilled = l4b / ALL permanent FT employees (not only production workers),web,0.025427292999948135,0.020657733121757584,1.2308849596457925,0.21861519304776733,-0.015103373156098797,0.06595795915599506,M2 Korea,D3_lowskill,lowskill_prod_share,ols,1475,1161,True,0.11294181469564168,594.0,0,1475,,,,,,,,,,,,0.655845579143302,
R10e,T2,Low-skilled = l4b / ALL permanent FT employees (not only production workers),prod_innov,0.00882490225529834,0.025793298904905594,0.34213933967244275,0.732295008067868,-0.041770750120266556,0.05942055463086324,M3 Pooled,D3_lowskill,lowskill_prod_share,ols,1882,1468,True,0.14624894795021437,182.0,407,1475,,,,,,,,,,,,1.0,
R10e,T2,Low-skilled = l4b / ALL permanent FT employees (not only production workers),proc_innov,-0.0019218945232758657,0.03967119391394693,-0.048445593229302794,0.9613677137096809,-0.07974016600509627,0.07589637695854455,M3 Pooled,D3_lowskill,lowskill_prod_share,ols,1882,1468,True,0.14624894795021437,81.0,407,1475,,,,,,,,,,,,1.0,
R10e,T2,Low-skilled = l4b / ALL permanent FT employees (not only production workers),web,0.003156793260686748,0.018262186050279013,0.17285954989153765,0.8627856565719196,-0.03266596909415401,0.0389795556155275,M3 Pooled,D3_lowskill,lowskill_prod_share,ols,1882,1468,True,0.14624894795021437,848.0,407,1475,,,,,,,,,,,,1.0,
R10e,T2,Low-skilled = l4b / ALL permanent FT employees (not only production workers),Korea,-0.11165130583959305,0.021606648975839842,-5.167451276893492,2.699444110425936e-07,-0.15403450407308977,-0.06926810760609632,M3 Pooled,D3_lowskill,lowskill_prod_share,ols,1882,1468,True,0.14624894795021437,,407,1475,,,,,,,,,,,,,
R10e,T2,Low-skilled = l4b / ALL permanent FT employees (not only production workers),prod_innov,0.004862429836348825,0.0476111746708065,0.10212791156632177,0.9186690943142343,-0.08853075929070296,0.09825561896340061,M4 Pooled x Korea,D3_lowskill,lowskill_prod_share,ols,1882,1468,True,0.1559223867887758,182.0,407,1475,2.3995829378743925,0.06627044015540287,,,,,,,,,,0.9186690943142343,
R10e,T2,Low-skilled = l4b / ALL permanent FT employees (not only production workers),proc_innov,-0.03408094730051538,0.0451055803757842,-0.7555816157685976,0.45002129649494155,-0.12255920955402033,0.05439731495298958,M4 Pooled x Korea,D3_lowskill,lowskill_prod_share,ols,1882,1468,True,0.1559223867887758,81.0,407,1475,2.3995829378743925,0.06627044015540287,,,,,,,,,,0.9000425929898831,
R10e,T2,Low-skilled = l4b / ALL permanent FT employees (not only production workers),web,-0.07420671276810308,0.04057075150187457,-1.8290692191066353,0.06759200712713696,-0.1537895395779716,0.00537611404176544,M4 Pooled x Korea,D3_lowskill,lowskill_prod_share,ols,1882,1468,True,0.1559223867887758,848.0,407,1475,2.3995829378743925,0.06627044015540287,,,,,,,,,,0.20277602138141088,
R10e,T2,Low-skilled = l4b / ALL permanent FT employees (not only production workers),Korea,-0.17579654235647363,0.03620183737370743,-4.856011603547799,1.325737963201704e-06,-0.24680938898263644,-0.10478369573031082,M4 Pooled x Korea,D3_lowskill,lowskill_prod_share,ols,1882,1468,True,0.1559223867887758,,407,1475,2.3995829378743925,0.06627044015540287,,,,,,,,,,,
R10e,T2,Low-skilled = l4b / ALL permanent FT employees (not only production workers),prod_innov:Korea,0.0014393441859384404,0.05678031284139248,0.02534935286388855,0.9797797539397164,-0.10993985476377545,0.11281854313565233,M4 Pooled x Korea,D3_lowskill,lowskill_prod_share,ols,1882,1468,True,0.1559223867887758,,407,1475,2.3995829378743925,0.06627044015540287,,,,,,,,,,,0.9797797539397164
R10e,T2,Low-skilled = l4b / ALL permanent FT employees (not only production workers),proc_innov:Korea,0.09025463509976892,0.08476898760444007,1.064712905631558,0.28718095933053395,-0.07602662441942781,0.25653589461896564,M4 Pooled x Korea,D3_lowskill,lowskill_prod_share,ols,1882,1468,True,0.1559223867887758,,407,1475,2.3995829378743925,0.06627044015540287,,,,,,,,,,,0.5743619186610679
R10e,T2,Low-skilled = l4b / ALL permanent FT employees (not only production workers),web:Korea,0.09968932623591756,0.0452465352975008,2.203247731134541,0.027732142881861172,0.010934569446134357,0.18844408302570076,M4 Pooled x Korea,D3_lowskill,lowskill_prod_share,ols,1882,1468,True,0.1559223867887758,,407,1475,2.3995829378743925,0.06627044015540287,,,,,,,,,,,0.08319642864558352
R10f,T2,Female share from route l5 only (half-sample),prod_innov,-0.044872932566365285,0.029321007432193777,-1.5304021415408755,0.12806635250534606,-0.10281808410423407,0.0130722189715035,M1 Morocco,D3_female,female_share,ols,216,147,True,0.10881251930492575,31.0,216,0,,,,,,,,,,,,0.25613270501069213,
R10f,T2,Female share from route l5 only (half-sample),proc_innov,0.15465990644924035,0.04143040588080121,3.7330048586588798,0.00026984222431711237,0.07278375834654816,0.23653605455193255,M1 Morocco,D3_female,female_share,ols,216,147,True,0.10881251930492575,16.0,216,0,,,,,,,,,,,,0.0008095266729513371,
R10f,T2,Female share from route l5 only (half-sample),web,0.006018183573493881,0.040904991315657564,0.14712589784098665,0.8832342410163216,-0.07481962276458268,0.08685598991157045,M1 Morocco,D3_female,female_share,ols,216,147,True,0.10881251930492575,140.0,216,0,,,,,,,,,,,,0.8832342410163216,
R10f,T2,Female share from route l5 only (half-sample),prod_innov,-0.006479984051866271,0.09482402279275912,-0.06833694522777714,0.9455461713415783,-0.19280641744924262,0.17984644934551006,M2 Korea,D3_female,female_share,ols,634,475,True,0.06785197533226062,24.0,0,634,,,,,,,,,,,,1.0,
R10f,T2,Female share from route l5 only (half-sample),proc_innov,0.06603564297175124,0.11342727045190609,0.5821848900062423,0.5607183699922692,-0.15684562836487392,0.2889169143083764,M2 Korea,D3_female,female_share,ols,634,475,True,0.06785197533226062,10.0,0,634,,,,,,,,,,,,1.0,
R10f,T2,Female share from route l5 only (half-sample),web,0.019577154771368885,0.035617280912280405,0.5496532657724279,0.5828155459654027,-0.05040976124675671,0.08956407078949448,M2 Korea,D3_female,female_share,ols,634,475,True,0.06785197533226062,210.0,0,634,,,,,,,,,,,,1.0,
R10f,T2,Female share from route l5 only (half-sample),prod_innov,-0.029012165277265103,0.04361201245953007,-0.665233352948045,0.5061478361454254,-0.11465679126220911,0.0566324607076789,M3 Pooled,D3_female,female_share,ols,850,622,True,0.09844038947281486,55.0,216,634,,,,,,,,,,,,0.783040852709596,
R10f,T2,Female share from route l5 only (half-sample),proc_innov,0.10703726489209815,0.05030236958483219,2.127877190985718,0.03373986964323576,0.008254214390883183,0.20582031539331314,M3 Pooled,D3_female,female_share,ols,850,622,True,0.09844038947281486,26.0,216,634,,,,,,,,,,,,0.10121960892970729,
R10f,T2,Female share from route l5 only (half-sample),web,0.023122202986208543,0.026965895166663315,0.8574609833384449,0.391520426354798,-0.029833023696833955,0.07607742966925105,M3 Pooled,D3_female,female_share,ols,850,622,True,0.09844038947281486,350.0,216,634,,,,,,,,,,,,0.783040852709596,
R10f,T2,Female share from route l5 only (half-sample),Korea,0.1171995149757341,0.02665983068606253,4.396108750870828,1.2960204522292724e-05,0.06484533319958863,0.16955369675187956,M3 Pooled,D3_female,female_share,ols,850,622,True,0.09844038947281486,,216,634,,,,,,,,,,,,,
R10f,T2,Female share from route l5 only (half-sample),prod_innov,-0.046392111976275976,0.03304172011702418,-1.4040465148899206,0.1608040954808057,-0.1112789539661452,0.018494730013593252,M4 Pooled x Korea,D3_female,female_share,ols,850,622,True,0.09905688418197112,55.0,216,634,0.14837994168080434,0.930725387412423,,,,,,,,,,0.3216081909616114,
R10f,T2,Female share from route l5 only (half-sample),proc_innov,0.12789797666918146,0.048572411697252654,2.6331403403717673,0.008670186277497728,0.03251219191874881,0.2232837614196141,M4 Pooled x Korea,D3_female,female_share,ols,850,622,True,0.09905688418197112,26.0,216,634,0.14837994168080434,0.930725387412423,,,,,,,,,,0.02601055883249318,
R10f,T2,Female share from route l5 only (half-sample),web,0.02622802580401209,0.039210810248466545,0.6688978278646465,0.503808832167393,-0.050773584277906875,0.10322963588593106,M4 Pooled x Korea,D3_female,female_share,ols,850,622,True,0.09905688418197112,350.0,216,634,0.14837994168080434,0.930725387412423,,,,,,,,,,0.503808832167393,
R10f,T2,Female share from route l5 only (half-sample),Korea,0.11895848254001692,0.039098055346060145,3.04256775655734,0.0024445590018498777,0.04217829887022527,0.19573866620980857,M4 Pooled x Korea,D3_female,female_share,ols,850,622,True,0.09905688418197112,,216,634,0.14837994168080434,0.930725387412423,,,,,,,,,,,
R10f,T2,Female share from route l5 only (half-sample),prod_innov:Korea,0.044749855187939364,0.09921669491490147,0.45103150459024544,0.6521240381056673,-0.1500904250062893,0.23959013538216803,M4 Pooled x Korea,D3_female,female_share,ols,850,622,True,0.09905688418197112,,216,634,0.14837994168080434,0.930725387412423,,,,,,,,,,,1.0
R10f,T2,Female share from route l5 only (half-sample),proc_innov:Korea,-0.07414768454005322,0.1204032525710645,-0.6158279195679511,0.5382333756211124,-0.3105938137662274,0.16229844468612098,M4 Pooled x Korea,D3_female,female_share,ols,850,622,True,0.09905688418197112,,216,634,0.14837994168080434,0.930725387412423,,,,,,,,,,,1.0
R10f,T2,Female share from route l5 only (half-sample),web:Korea,-0.004017320169680751,0.052380472098577636,-0.07669499736696414,0.9388908469351399,-0.10688131769697612,0.09884667735761463,M4 Pooled x Korea,D3_female,female_share,ols,850,622,True,0.09905688418197112,,216,634,0.14837994168080434,0.930725387412423,,,,,,,,,,,1.0
R10g,T2,Female share from route l5a+l5b only (other half-sample),prod_innov,-0.1741737012335628,0.05475384528064461,-3.181031402284597,0.0018324083979291918,-0.2824898681387914,-0.06585753432833417,M1 Morocco,D3_female,female_share,ols,202,131,True,0.11885564472199162,37.0,202,0,,,,,,,,,,,,0.005497225193787575,
R10g,T2,Female share from route l5a+l5b only (other half-sample),proc_innov,0.04027331844888898,0.11131921372625193,0.36178227550121017,0.7180976321191007,-0.1799426403012061,0.26048927719898407,M1 Morocco,D3_female,female_share,ols,202,131,True,0.11885564472199162,19.0,202,0,,,,,,,,,,,,0.7180976321191007,
R10g,T2,Female share from route l5a+l5b only (other half-sample),web,0.08130826587447292,0.06440363554582289,1.262479442121283,0.2090191243000639,-0.046097488028821534,0.20871401977776738,M1 Morocco,D3_female,female_share,ols,202,131,True,0.11885564472199162,124.0,202,0,,,,,,,,,,,,0.4180382486001278,
R10g,T2,Female share from route l5a+l5b only (other half-sample),prod_innov,0.1754940305904697,0.05837995701173151,3.006066457966113,0.002749496085103924,0.060855968176908484,0.2901320930040309,M2 Korea,D3_female,female_share,ols,851,644,True,0.09327761989621985,92.0,0,851,,,,,,,,,,,,0.008248488255311772,
R10g,T2,Female share from route l5a+l5b only (other half-sample),proc_innov,0.029756401822106485,0.07683461086310982,0.38727861686084575,0.6986779056569473,-0.12112022376151396,0.18063302740572693,M2 Korea,D3_female,female_share,ols,851,644,True,0.09327761989621985,38.0,0,851,,,,,,,,,,,,0.8081661375648607,
R10g,T2,Female share from route l5a+l5b only (other half-sample),web,-0.021771557526885785,0.026076813734260393,-0.8349009870896056,0.40408306878243033,-0.07297740887436505,0.029434293820593472,M2 Korea,D3_female,female_share,ols,851,644,True,0.09327761989621985,391.0,0,851,,,,,,,,,,,,0.8081661375648607,
R10g,T2,Female share from route l5a+l5b only (other half-sample),prod_innov,0.1295289425937051,0.05570884920208546,2.325105336924752,0.020323700535835838,0.020170817924000176,0.23888706726341002,M3 Pooled,D3_female,female_share,ols,1053,775,True,0.06062282648076711,129.0,202,851,,,,,,,,,,,,0.060971101607507516,
R10g,T2,Female share from route l5a+l5b only (other half-sample),proc_innov,0.020816465656421257,0.07046016846000608,0.2954359336826862,0.7677400192332207,-0.11749893660123845,0.15913186791408096,M3 Pooled,D3_female,female_share,ols,1053,775,True,0.06062282648076711,57.0,202,851,,,,,,,,,,,,1.0,
R10g,T2,Female share from route l5a+l5b only (other half-sample),web,0.0030135388510665606,0.02616164295260162,0.11518920491829746,0.908324992464757,-0.048342542858620136,0.05436962056075326,M3 Pooled,D3_female,female_share,ols,1053,775,True,0.06062282648076711,515.0,202,851,,,,,,,,,,,,1.0,
R10g,T2,Female share from route l5a+l5b only (other half-sample),Korea,-0.005183474111829404,0.04395152819147284,-0.11793615205477802,0.9061488065066585,-0.09146162862820752,0.08109468040454872,M3 Pooled,D3_female,female_share,ols,1053,775,True,0.06062282648076711,,202,851,,,,,,,,,,,,,
R10g,T2,Female share from route l5a+l5b only (other half-sample),prod_innov,-0.1942620419120065,0.07380528008985318,-2.632088675437651,0.008655018148958292,-0.3391439975968227,-0.049380086227190284,M4 Pooled x Korea,D3_female,female_share,ols,1053,775,True,0.08038961535360567,129.0,202,851,5.656975237132818,0.000777449185944047,,,,,,,,,,0.02596505444687488,
R10g,T2,Female share from route l5a+l5b only (other half-sample),proc_innov,0.034760390194381915,0.15785386347035163,0.2202061414918151,0.825768606068223,-0.2751114296015127,0.34463220999027655,M4 Pooled x Korea,D3_female,female_share,ols,1053,775,True,0.08038961535360567,57.0,202,851,5.656975237132818,0.000777449185944047,,,,,,,,,,0.825768606068223,
R10g,T2,Female share from route l5a+l5b only (other half-sample),web,0.08785333170628613,0.0678641489176105,1.294547019412904,0.19586210973443904,-0.04536600712826379,0.22107267054083607,M4 Pooled x Korea,D3_female,female_share,ols,1053,775,True,0.08038961535360567,515.0,202,851,5.656975237132818,0.000777449185944047,,,,,,,,,,0.3917242194688781,
R10g,T2,Female share from route l5a+l5b only (other half-sample),Korea,0.01395706384323581,0.05324550626098567,0.2621266060430438,0.7932934905743557,-0.09056544551013362,0.11847957319660524,M4 Pooled x Korea,D3_female,female_share,ols,1053,775,True,0.08038961535360567,,202,851,5.656975237132818,0.000777449185944047,,,,,,,,,,,
R10g,T2,Female share from route l5a+l5b only (other half-sample),prod_innov:Korea,0.36883723998619133,0.09282008881404173,3.973679024646591,7.737577103830624e-05,0.18662865033183765,0.551045829640545,M4 Pooled x Korea,D3_female,female_share,ols,1053,775,True,0.08038961535360567,,202,851,5.656975237132818,0.000777449185944047,,,,,,,,,,,0.0002321273131149187
R10g,T2,Female share from route l5a+l5b only (other half-sample),proc_innov:Korea,-0.017242873883126633,0.17307849228321845,-0.0996245902980892,0.9206681344079087,-0.35700109197326463,0.3225153442070114,M4 Pooled x Korea,D3_female,female_share,ols,1053,775,True,0.08038961535360567,,202,851,5.656975237132818,0.000777449185944047,,,,,,,,,,,0.9206681344079087
R10g,T2,Female share from route l5a+l5b only (other half-sample),web:Korea,-0.10167293761658064,0.06990812067610251,-1.454379500310851,0.1462459820502665,-0.23890465368720812,0.03555877845404684,M4 Pooled x Korea,D3_female,female_share,ols,1053,775,True,0.08038961535360567,,202,851,5.656975237132818,0.000777449185944047,,,,,,,,,,,0.292491964100533
R10h,T3,EXPLORATORY: digitalization proxy = e-filing of taxes (j36) instead of website,prod_innov,1.3401893074300932,1.0532330723516548,1.2724527387254596,0.20398425462351977,-0.730653536388975,3.4110321512491613,M1 Morocco,D1_sales,g_sales,ols,490,383,True,0.03678723356760372,72.0,490,0,,,,,,,,,,,,1.0,
R10h,T3,EXPLORATORY: digitalization proxy = e-filing of taxes (j36) instead of website,proc_innov,0.9602763942938167,1.5077319950842138,0.6369012512997583,0.524569657299761,-2.004191864802705,3.9247446533903383,M1 Morocco,D1_sales,g_sales,ols,490,383,True,0.03678723356760372,37.0,490,0,,,,,,,,,,,,1.0,
R10h,T3,EXPLORATORY: digitalization proxy = e-filing of taxes (j36) instead of website,web,0.7175605510461752,0.9665373408828157,0.7424033409726001,0.4582980573366478,-1.1828231229890922,2.617944225081443,M1 Morocco,D1_sales,g_sales,ols,490,383,True,0.03678723356760372,220.0,490,0,,,,,,,,,,,,1.0,
R10h,T3,EXPLORATORY: digitalization proxy = e-filing of taxes (j36) instead of website,prod_innov,8.916183657297205,3.203278165348965,2.783455946394801,0.005470264838718408,2.6309706848338967,15.201396629760513,M2 Korea,D1_sales,g_sales,ols,1414,1102,True,0.06974535477918586,110.0,0,1414,,,,,,,,,,,,0.11487556161308657,
R10h,T3,EXPLORATORY: digitalization proxy = e-filing of taxes (j36) instead of website,proc_innov,-10.285789103879246,4.130983934787712,-2.489912637340679,0.012923967937871064,-18.39127119932403,-2.180307008434463,M2 Korea,D1_sales,g_sales,ols,1414,1102,True,0.06974535477918586,47.0,0,1414,,,,,,,,,,,,0.2584793587574213,
R10h,T3,EXPLORATORY: digitalization proxy = e-filing of taxes (j36) instead of website,web,-3.3621095023062533,2.2016390039282228,-1.5270939042719938,0.12702461370392357,-7.68198723813922,0.9577682335267128,M2 Korea,D1_sales,g_sales,ols,1414,1102,True,0.06974535477918586,1375.0,0,1414,,,,,,,,,,,,1.0,
R10h,T3,EXPLORATORY: digitalization proxy = e-filing of taxes (j36) instead of website,prod_innov,5.9526427744787025,2.21125611089599,2.691973464831589,0.007182856085250756,1.6151251471734218,10.290160401783982,M3 Pooled,D1_sales,g_sales,ols,1904,1485,True,0.05826564295815928,182.0,490,1414,,,,,,,,,,,,0.15083997779026587,
R10h,T3,EXPLORATORY: digitalization proxy = e-filing of taxes (j36) instead of website,proc_innov,-4.603834764045931,2.2702307002048943,-2.0279149443404245,0.04274716147209745,-9.057034749188457,-0.15063477890340682,M3 Pooled,D1_sales,g_sales,ols,1904,1485,True,0.05826564295815928,84.0,490,1414,,,,,,,,,,,,0.7267017450256567,
R10h,T3,EXPLORATORY: digitalization proxy = e-filing of taxes (j36) instead of website,web,0.30274089509943725,0.9727194127807374,0.3112314724283997,0.7556683422250884,-1.6053092753753417,2.2107910655742162,M3 Pooled,D1_sales,g_sales,ols,1904,1485,True,0.05826564295815928,1595.0,490,1414,,,,,,,,,,,,1.0,
R10h,T3,EXPLORATORY: digitalization proxy = e-filing of taxes (j36) instead of website,Korea,-1.9070970822288238,0.9891956156286787,-1.9279271481776403,0.05405468096843154,-3.847466358542069,0.033272194084421614,M3 Pooled,D1_sales,g_sales,ols,1904,1485,True,0.05826564295815928,,490,1414,,,,,,,,,,,,,
R10h,T3,EXPLORATORY: digitalization proxy = e-filing of taxes (j36) instead of website,prod_innov,1.302786355511999,1.1056180464871013,1.1783331139097846,0.23885261332261803,-0.8659528249357435,3.4715255359597412,M4 Pooled x Korea,D1_sales,g_sales,ols,1904,1485,True,0.07143523173478628,182.0,490,1414,4.383385151653252,0.004432134275430694,,,,,,,,,,1.0,
R10h,T3,EXPLORATORY: digitalization proxy = e-filing of taxes (j36) instead of website,proc_innov,0.527291500894498,1.488436518665955,0.3542586427314314,0.7231953540999786,-2.3923701362292533,3.44695313801825,M4 Pooled x Korea,D1_sales,g_sales,ols,1904,1485,True,0.07143523173478628,84.0,490,1414,4.383385151653252,0.004432134275430694,,,,,,,,,,1.0,
R10h,T3,EXPLORATORY: digitalization proxy = e-filing of taxes (j36) instead of website,web,0.6611725903244621,0.9996716775404928,0.6613897394304047,0.508465006954747,-1.299746138846518,2.622091319495442,M4 Pooled x Korea,D1_sales,g_sales,ols,1904,1485,True,0.07143523173478628,1595.0,490,1414,4.383385151653252,0.004432134275430694,,,,,,,,,,1.0,
R10h,T3,EXPLORATORY: digitalization proxy = e-filing of taxes (j36) instead of website,Korea,1.7567538407329093,2.2342611000968504,0.786279562696033,0.4318291709072575,-2.625889516551369,6.139397198017187,M4 Pooled x Korea,D1_sales,g_sales,ols,1904,1485,True,0.07143523173478628,,490,1414,4.383385151653252,0.004432134275430694,,,,,,,,,,,
R10h,T3,EXPLORATORY: digitalization proxy = e-filing of taxes (j36) instead of website,prod_innov:Korea,7.515715550176296,3.363190495705309,2.2346981414741847,0.025585431663066004,0.9186063382558274,14.112824762096764,M4 Pooled x Korea,D1_sales,g_sales,ols,1904,1485,True,0.07143523173478628,,490,1414,4.383385151653252,0.004432134275430694,,,,,,,,,,,0.43495233827212204
R10h,T3,EXPLORATORY: digitalization proxy = e-filing of taxes (j36) instead of website,proc_innov:Korea,-10.80458233030329,4.261906670486392,-2.535152260636015,0.011341737784506669,-19.164579717342377,-2.4445849432642053,M4 Pooled x Korea,D1_sales,g_sales,ols,1904,1485,True,0.07143523173478628,,490,1414,4.383385151653252,0.004432134275430694,,,,,,,,,,,0.20415128012112005
R10h,T3,EXPLORATORY: digitalization proxy = e-filing of taxes (j36) instead of website,web:Korea,-4.170760298040275,2.39480330725214,-1.7415878312051916,0.0817876582656219,-8.868317269370104,0.5267966732895548,M4 Pooled x Korea,D1_sales,g_sales,ols,1904,1485,True,0.07143523173478628,,490,1414,4.383385151653252,0.004432134275430694,,,,,,,,,,,1.0
R10h,T3,EXPLORATORY: digitalization proxy = e-filing of taxes (j36) instead of website,prod_innov,1.6077560324610292,1.748443476023474,0.9195356066743355,0.35839425196590036,-1.8299936501053824,5.04550571502744,M1 Morocco,D1_lp,g_lp,ols,490,383,True,0.02714061989735883,72.0,490,0,,,,,,,,,,,,1.0,
R10h,T3,EXPLORATORY: digitalization proxy = e-filing of taxes (j36) instead of website,proc_innov,-2.5359895410533984,3.2663869106316166,-0.7763898186093997,0.4379980467313264,-8.958284982197053,3.8863059000902567,M1 Morocco,D1_lp,g_lp,ols,490,383,True,0.02714061989735883,37.0,490,0,,,,,,,,,,,,1.0,
R10h,T3,EXPLORATORY: digitalization proxy = e-filing of taxes (j36) instead of website,web,-1.1831824026260291,1.4829326205237552,-0.7978665963987914,0.42544231071955696,-4.098890697107076,1.732525891855018,M1 Morocco,D1_lp,g_lp,ols,490,383,True,0.02714061989735883,220.0,490,0,,,,,,,,,,,,1.0,
R10h,T3,EXPLORATORY: digitalization proxy = e-filing of taxes (j36) instead of website,prod_innov,7.079505370392289,3.3794432978689937,2.094873251714706,0.03641011654989882,0.4486354430669355,13.710375297717643,M2 Korea,D1_lp,g_lp,ols,1414,1102,True,0.10480207208693959,110.0,0,1414,,,,,,,,,,,,0.6553820978981788,
R10h,T3,EXPLORATORY: digitalization proxy = e-filing of taxes (j36) instead of website,proc_innov,-7.336641256734433,3.8157432957212345,-1.9227292530295055,0.05477156128879231,-14.823583702534897,0.15030118906603107,M2 Korea,D1_lp,g_lp,ols,1414,1102,True,0.10480207208693959,47.0,0,1414,,,,,,,,,,,,0.9311165419094694,
R10h,T3,EXPLORATORY: digitalization proxy = e-filing of taxes (j36) instead of website,web,-1.677739934011441,2.494472177749101,-0.6725831416269223,0.5013535294853197,-6.572191206034974,3.2167113380120917,M2 Korea,D1_lp,g_lp,ols,1414,1102,True,0.10480207208693959,1375.0,0,1414,,,,,,,,,,,,1.0,
R10h,T3,EXPLORATORY: digitalization proxy = e-filing of taxes (j36) instead of website,prod_innov,5.013897376503539,2.2853175491505935,2.193960912944944,0.028392706301625024,0.5311035903896979,9.49669116261738,M3 Pooled,D1_lp,g_lp,ols,1904,1485,True,0.07181449683716823,182.0,490,1414,,,,,,,,,,,,0.5394614197308755,
R10h,T3,EXPLORATORY: digitalization proxy = e-filing of taxes (j36) instead of website,proc_innov,-4.979024434748325,2.386430472214389,-2.0863899001961057,0.03711357643105581,-9.66015756472038,-0.2978913047762699,M3 Pooled,D1_lp,g_lp,ols,1904,1485,True,0.07181449683716823,84.0,490,1414,,,,,,,,,,,,0.6680443757590047,
R10h,T3,EXPLORATORY: digitalization proxy = e-filing of taxes (j36) instead of website,web,-1.2271926301163094,1.3548461344378235,-0.90578007267631,0.36519920653460475,-3.884808345208345,1.4304230849757262,M3 Pooled,D1_lp,g_lp,ols,1904,1485,True,0.07181449683716823,1595.0,490,1414,,,,,,,,,,,,1.0,
R10h,T3,EXPLORATORY: digitalization proxy = e-filing of taxes (j36) instead of website,Korea,1.1102638544786037,1.2558352674090685,0.8840839903860995,0.37679398432146544,-1.3531358315809614,3.5736635405381687,M3 Pooled,D1_lp,g_lp,ols,1904,1485,True,0.07181449683716823,,490,1414,,,,,,,,,,,,,
R10h,T3,EXPLORATORY: digitalization proxy = e-filing of taxes (j36) instead of website,prod_innov,1.7240565699592856,1.7009256836236915,1.013598998803002,0.31093925133992084,-1.612415898833396,5.060529038751968,M4 Pooled x Korea,D1_lp,g_lp,ols,1904,1485,True,0.07449583824857742,182.0,490,1414,0.750369860161267,0.5221356896498996,,,,,,,,,,1.0,
R10h,T3,EXPLORATORY: digitalization proxy = e-filing of taxes (j36) instead of website,proc_innov,-2.459761887197542,3.1215264472167323,-0.7879996946336162,0.4308226468311267,-8.582831902554558,3.6633081281594744,M4 Pooled x Korea,D1_lp,g_lp,ols,1904,1485,True,0.07449583824857742,84.0,490,1414,0.750369860161267,0.5221356896498996,,,,,,,,,,1.0,
R10h,T3,EXPLORATORY: digitalization proxy = e-filing of taxes (j36) instead of website,web,-1.4071405144842006,1.5402952702770945,-0.9135524477920784,0.36110035835119314,-4.428526347251767,1.6142453182833654,M4 Pooled x Korea,D1_lp,g_lp,ols,1904,1485,True,0.07449583824857742,1595.0,490,1414,0.750369860161267,0.5221356896498996,,,,,,,,,,1.0,
R10h,T3,EXPLORATORY: digitalization proxy = e-filing of taxes (j36) instead of website,Korea,1.6966775056195416,2.6194531693321985,0.6477220228571947,0.5172648810150634,-3.4415442679204316,6.834899279159515,M4 Pooled x Korea,D1_lp,g_lp,ols,1904,1485,True,0.07449583824857742,,490,1414,0.750369860161267,0.5221356896498996,,,,,,,,,,,
R10h,T3,EXPLORATORY: digitalization proxy = e-filing of taxes (j36) instead of website,prod_innov:Korea,5.27539097496937,3.7423558696052517,1.4096443948089374,0.158854098567638,-2.0654749121054756,12.616256862044215,M4 Pooled x Korea,D1_lp,g_lp,ols,1904,1485,True,0.07449583824857742,,490,1414,0.750369860161267,0.5221356896498996,,,,,,,,,,,1.0
R10h,T3,EXPLORATORY: digitalization proxy = e-filing of taxes (j36) instead of website,proc_innov:Korea,-4.883018720056169,4.77226806606133,-1.0232071318001723,0.3063765726166237,-14.244122011876875,4.478084571764537,M4 Pooled x Korea,D1_lp,g_lp,ols,1904,1485,True,0.07449583824857742,,490,1414,0.750369860161267,0.5221356896498996,,,,,,,,,,,1.0
R10h,T3,EXPLORATORY: digitalization proxy = e-filing of taxes (j36) instead of website,web:Korea,-0.7529917018246179,2.9401597499484122,-0.2561057105274058,0.7979046843345073,-6.520299558953512,5.014316155304277,M4 Pooled x Korea,D1_lp,g_lp,ols,1904,1485,True,0.07449583824857742,,490,1414,0.750369860161267,0.5221356896498996,,,,,,,,,,,1.0
R10h,T3,EXPLORATORY: digitalization proxy = e-filing of taxes (j36) instead of website,prod_innov,-0.4100210769673881,1.4946389550029735,-0.274327840576437,0.7839802070776619,-3.3487218406464283,2.5286796867116523,M1 Morocco,D2_emp,g_emp,ols,491,384,True,0.088624058891139,72.0,491,0,,,,,,,,,,,,1.0,
R10h,T3,EXPLORATORY: digitalization proxy = e-filing of taxes (j36) instead of website,proc_innov,3.583637197766614,2.7335828630705894,1.310967099691711,0.19065230725767324,-1.7910267104609732,8.958301105994202,M1 Morocco,D2_emp,g_emp,ols,491,384,True,0.088624058891139,38.0,491,0,,,,,,,,,,,,1.0,
R10h,T3,EXPLORATORY: digitalization proxy = e-filing of taxes (j36) instead of website,web,1.7420626288082448,0.943200788883567,1.8469690116250455,0.06552077280039668,-0.11242194040285103,3.5965471980193406,M1 Morocco,D2_emp,g_emp,ols,491,384,True,0.088624058891139,220.0,491,0,,,,,,,,,,,,1.0,
R10h,T3,EXPLORATORY: digitalization proxy = e-filing of taxes (j36) instead of website,prod_innov,1.9452046736652577,2.0857354204027287,0.9326229274514903,0.35121515448496193,-2.1471722963912376,6.037581643721753,M2 Korea,D2_emp,g_emp,ols,1438,1123,True,0.09925168127287876,111.0,0,1438,,,,,,,,,,,,1.0,
R10h,T3,EXPLORATORY: digitalization proxy = e-filing of taxes (j36) instead of website,proc_innov,-3.2035815061516932,1.812642505045302,-1.767354289240629,0.0774404590794228,-6.760128693311504,0.3529656810081172,M2 Korea,D2_emp,g_emp,ols,1438,1123,True,0.09925168127287876,48.0,0,1438,,,,,,,,,,,,1.0,
R10h,T3,EXPLORATORY: digitalization proxy = e-filing of taxes (j36) instead of website,web,-1.028841169910982,1.6462072030399901,-0.6249767149670218,0.5321133046681052,-4.258829201835551,2.201146862013587,M2 Korea,D2_emp,g_emp,ols,1438,1123,True,0.09925168127287876,1398.0,0,1438,,,,,,,,,,,,1.0,
R10h,T3,EXPLORATORY: digitalization proxy = e-filing of taxes (j36) instead of website,prod_innov,0.9537087025156886,1.4474601890319898,0.6588842371916945,0.5100707652082012,-1.8855414826152668,3.792958887646644,M3 Pooled,D2_emp,g_emp,ols,1929,1507,True,0.09091684555228441,183.0,491,1438,,,,,,,,,,,,1.0,
R10h,T3,EXPLORATORY: digitalization proxy = e-filing of taxes (j36) instead of website,proc_innov,0.2804154896579212,1.9602458850042417,0.14305118138651998,0.8862688837741722,-3.564684039899836,4.125515019215679,M3 Pooled,D2_emp,g_emp,ols,1929,1507,True,0.09091684555228441,86.0,491,1438,,,,,,,,,,,,1.0,
R10h,T3,EXPLORATORY: digitalization proxy = e-filing of taxes (j36) instead of website,web,1.4866566006687594,0.8380289694344172,1.7739918963327708,0.07626637405691973,-0.15717023798371765,3.130483439321236,M3 Pooled,D2_emp,g_emp,ols,1929,1507,True,0.09091684555228441,1618.0,491,1438,,,,,,,,,,,,1.0,
R10h,T3,EXPLORATORY: digitalization proxy = e-filing of taxes (j36) instead of website,Korea,-3.0550919663236153,0.7064784806872347,-4.324394938897135,1.62992962145705e-05,-4.440877338716981,-1.6693065939302498,M3 Pooled,D2_emp,g_emp,ols,1929,1507,True,0.09091684555228441,,491,1438,,,,,,,,,,,,,
R10h,T3,EXPLORATORY: digitalization proxy = e-filing of taxes (j36) instead of website,prod_innov,-0.6208467595693893,1.4394085664404905,-0.4313207341155955,0.6662968678993196,-3.4443033697842655,2.2026098506454868,M4 Pooled x Korea,D2_emp,g_emp,ols,1929,1507,True,0.09767070785223964,183.0,491,1438,1.9513774125107055,0.11941380070217437,,,,,,,,,,1.0,
R10h,T3,EXPLORATORY: digitalization proxy = e-filing of taxes (j36) instead of website,proc_innov,2.9962859537425195,2.611622922891572,1.1472888859564194,0.2514443530982198,-2.126515297372419,8.119087204857458,M4 Pooled x Korea,D2_emp,g_emp,ols,1929,1507,True,0.09767070785223964,86.0,491,1438,1.9513774125107055,0.11941380070217437,,,,,,,,,,1.0,
R10h,T3,EXPLORATORY: digitalization proxy = e-filing of taxes (j36) instead of website,web,1.8700620779482613,0.9258683360446401,2.0197926693737775,0.04358157672036892,0.05393486115781965,3.686189294738703,M4 Pooled x Korea,D2_emp,g_emp,ols,1929,1507,True,0.09767070785223964,1618.0,491,1438,1.9513774125107055,0.11941380070217437,,,,,,,,,,0.7844683809666406,
R10h,T3,EXPLORATORY: digitalization proxy = e-filing of taxes (j36) instead of website,Korea,-0.7105722512999043,1.7604370598886807,-0.4036339994710385,0.6865391445959801,-4.1637388986969786,2.7425943960971697,M4 Pooled x Korea,D2_emp,g_emp,ols,1929,1507,True,0.09767070785223964,,491,1438,1.9513774125107055,0.11941380070217437,,,,,,,,,,,
R10h,T3,EXPLORATORY: digitalization proxy = e-filing of taxes (j36) instead of website,prod_innov:Korea,2.552886107437206,2.5676099365865355,0.9942655506432164,0.3202532172560409,-2.483581937098619,7.589354151973031,M4 Pooled x Korea,D2_emp,g_emp,ols,1929,1507,True,0.09767070785223964,,491,1438,1.9513774125107055,0.11941380070217437,,,,,,,,,,,1.0
R10h,T3,EXPLORATORY: digitalization proxy = e-filing of taxes (j36) instead of website,proc_innov:Korea,-5.966111787853117,3.0737340686188945,-1.9409980351793543,0.05244475968472184,-11.995362256707736,0.06313868100150266,M4 Pooled x Korea,D2_emp,g_emp,ols,1929,1507,True,0.09767070785223964,,491,1438,1.9513774125107055,0.11941380070217437,,,,,,,,,,,0.8391161549555495
R10h,T3,EXPLORATORY: digitalization proxy = e-filing of taxes (j36) instead of website,web:Korea,-2.5973842936484854,1.8976118307008685,-1.368764808284928,0.17127679445260835,-6.319624658150184,1.1248560708532138,M4 Pooled x Korea,D2_emp,g_emp,ols,1929,1507,True,0.09767070785223964,,491,1438,1.9513774125107055,0.11941380070217437,,,,,,,,,,,1.0
R10h,T3,EXPLORATORY: digitalization proxy = e-filing of taxes (j36) instead of website,prod_innov,-0.044267911456407356,0.030661497755146743,-1.4437622000698476,0.149806024619655,-0.10459661651496144,0.016060793602146718,M1 Morocco,D3_female,female_share,ols,417,313,True,0.10118569884920159,68.0,417,0,,,,,,,,,,,,1.0,
R10h,T3,EXPLORATORY: digitalization proxy = e-filing of taxes (j36) instead of website,proc_innov,0.13311477154512172,0.03961945499430819,3.359833484944335,0.0008763939517877929,0.05516064047104312,0.2110689026192003,M1 Morocco,D3_female,female_share,ols,417,313,True,0.10118569884920159,35.0,417,0,,,,,,,,,,,,0.01752787903575586,
R10h,T3,EXPLORATORY: digitalization proxy = e-filing of taxes (j36) instead of website,web,0.022667971531324042,0.03360568351069716,0.67452791204525,0.5004736430691709,-0.043453631040019765,0.08878957410266786,M1 Morocco,D3_female,female_share,ols,417,313,True,0.10118569884920159,189.0,417,0,,,,,,,,,,,,1.0,
R10h,T3,EXPLORATORY: digitalization proxy = e-filing of taxes (j36) instead of website,prod_innov,0.11146441437994452,0.04983929113550815,2.2364767202824716,0.025510870410063002,0.013678727565838308,0.20925010119405074,M2 Korea,D3_female,female_share,ols,1469,1155,True,0.08907021359425649,115.0,0,1469,,,,,,,,,,,,0.48470653779119705,
R10h,T3,EXPLORATORY: digitalization proxy = e-filing of taxes (j36) instead of website,proc_innov,0.006613012593932948,0.05918223573171386,0.1117398238199583,0.9110491171492647,-0.10950371853061724,0.12272974371848314,M2 Korea,D3_female,female_share,ols,1469,1155,True,0.08907021359425649,48.0,0,1469,,,,,,,,,,,,1.0,
R10h,T3,EXPLORATORY: digitalization proxy = e-filing of taxes (j36) instead of website,web,-0.06788082033631979,0.07829061344465053,-0.8670365111433159,0.3861020921923795,-0.22148857101575356,0.08572693034311399,M2 Korea,D3_female,female_share,ols,1469,1155,True,0.08907021359425649,1428.0,0,1469,,,,,,,,,,,,1.0,
R10h,T3,EXPLORATORY: digitalization proxy = e-filing of taxes (j36) instead of website,prod_innov,0.052627200431106205,0.03745502368981424,1.4050772165288468,0.16020989039649505,-0.020843873017663467,0.12609827387987588,M3 Pooled,D3_female,female_share,ols,1886,1468,True,0.07433412204866163,183.0,417,1469,,,,,,,,,,,,1.0,
R10h,T3,EXPLORATORY: digitalization proxy = e-filing of taxes (j36) instead of website,proc_innov,0.04674122878618489,0.041224733713703415,1.1338151778200025,0.25705720366413526,-0.03412443729024996,0.12760689486261972,M3 Pooled,D3_female,female_share,ols,1886,1468,True,0.07433412204866163,83.0,417,1469,,,,,,,,,,,,1.0,
R10h,T3,EXPLORATORY: digitalization proxy = e-filing of taxes (j36) instead of website,web,0.014892183247947825,0.03217016064758147,0.4629191445790125,0.6434909371766363,-0.0482122017705015,0.07799656826639714,M3 Pooled,D3_female,female_share,ols,1886,1468,True,0.07433412204866163,1617.0,417,1469,,,,,,,,,,,,1.0,
R10h,T3,EXPLORATORY: digitalization proxy = e-filing of taxes (j36) instead of website,Korea,0.08419738272162072,0.03040587979874451,2.769115160584741,0.005691606673252354,0.024553777995359787,0.14384098744788165,M3 Pooled,D3_female,female_share,ols,1886,1468,True,0.07433412204866163,,417,1469,,,,,,,,,,,,,
R10h,T3,EXPLORATORY: digitalization proxy = e-filing of taxes (j36) instead of website,prod_innov,-0.05127451567786739,0.03342708053026374,-1.5339214452618795,0.12526445478778758,-0.11684445121323925,0.01429541985750448,M4 Pooled x Korea,D3_female,female_share,ols,1886,1468,True,0.08188023811282263,183.0,417,1469,2.6116748689274982,0.049952475043562,,,,,,,,,,1.0,
R10h,T3,EXPLORATORY: digitalization proxy = e-filing of taxes (j36) instead of website,proc_innov,0.09950919351003074,0.043084981787598405,2.309602775291726,0.02104835529568858,0.014994499628889435,0.18402388739117204,M4 Pooled x Korea,D3_female,female_share,ols,1886,1468,True,0.08188023811282263,83.0,417,1469,2.6116748689274982,0.049952475043562,,,,,,,,,,0.399918750618083,
R10h,T3,EXPLORATORY: digitalization proxy = e-filing of taxes (j36) instead of website,web,0.023470308504010086,0.03470270983196718,0.6763249503469577,0.49894089473573366,-0.044601877594464316,0.09154249460248448,M4 Pooled x Korea,D3_female,female_share,ols,1886,1468,True,0.08188023811282263,1617.0,417,1469,2.6116748689274982,0.049952475043562,,,,,,,,,,1.0,
R10h,T3,EXPLORATORY: digitalization proxy = e-filing of taxes (j36) instead of website,Korea,0.15170671158727192,0.0788538122415189,1.9238982526629675,0.05456049387242101,-0.002971450650485319,0.30638487382502916,M4 Pooled x Korea,D3_female,female_share,ols,1886,1468,True,0.08188023811282263,,417,1469,2.6116748689274982,0.049952475043562,,,,,,,,,,,
R10h,T3,EXPLORATORY: digitalization proxy = e-filing of taxes (j36) instead of website,prod_innov:Korea,0.15834731232211435,0.06021668327296339,2.6296252751803504,0.00863721309540783,0.04022739345012778,0.27646723119410094,M4 Pooled x Korea,D3_female,female_share,ols,1886,1468,True,0.08188023811282263,,417,1469,2.6116748689274982,0.049952475043562,,,,,,,,,,,0.1641070488127488
R10h,T3,EXPLORATORY: digitalization proxy = e-filing of taxes (j36) instead of website,proc_innov:Korea,-0.08944052308941597,0.073676660481472,-1.2139600587883352,0.22495823787997185,-0.2339632813320271,0.05508223515319516,M4 Pooled x Korea,D3_female,female_share,ols,1886,1468,True,0.08188023811282263,,417,1469,2.6116748689274982,0.049952475043562,,,,,,,,,,,1.0
R10h,T3,EXPLORATORY: digitalization proxy = e-filing of taxes (j36) instead of website,web:Korea,-0.08544743178040903,0.08422147340146192,-1.0145563634716206,0.3104845320226745,-0.2506546976865089,0.07975983412569082,M4 Pooled x Korea,D3_female,female_share,ols,1886,1468,True,0.08188023811282263,,417,1469,2.6116748689274982,0.049952475043562,,,,,,,,,,,1.0
R10h,T3,EXPLORATORY: digitalization proxy = e-filing of taxes (j36) instead of website,prod_innov,-0.006758817615382942,0.04622697146833923,-0.14620939682393091,0.8838526745941561,-0.09772297410566538,0.0842053388748995,M1 Morocco,D3_lowskill,lowskill_prod_share,ols,405,305,True,0.1377361673451375,69.0,405,0,,,,,,,,,,,,1.0,
R10h,T3,EXPLORATORY: digitalization proxy = e-filing of taxes (j36) instead of website,proc_innov,-0.028465987932445553,0.046446786931891526,-0.6128731353190783,0.5404169342356955,-0.1198626912150103,0.0629307153501192,M1 Morocco,D3_lowskill,lowskill_prod_share,ols,405,305,True,0.1377361673451375,36.0,405,0,,,,,,,,,,,,1.0,
R10h,T3,EXPLORATORY: digitalization proxy = e-filing of taxes (j36) instead of website,web,-0.035563038047120084,0.037343467647671644,-0.9523228636036276,0.3416873459391073,-0.10904648130749342,0.03792040521325326,M1 Morocco,D3_lowskill,lowskill_prod_share,ols,405,305,True,0.1377361673451375,182.0,405,0,,,,,,,,,,,,1.0,
R10h,T3,EXPLORATORY: digitalization proxy = e-filing of taxes (j36) instead of website,prod_innov,0.05651110675867094,0.05682282749364117,0.9945141636078367,0.32018310093704955,-0.05497764601016471,0.16799985952750657,M2 Korea,D3_lowskill,lowskill_prod_share,ols,1456,1143,True,0.0955231202139607,113.0,0,1456,,,,,,,,,,,,1.0,
R10h,T3,EXPLORATORY: digitalization proxy = e-filing of taxes (j36) instead of website,proc_innov,0.016201414701414715,0.07202663616937319,0.22493643411746336,0.8220689313885992,-0.12511784354135308,0.15752067294418254,M2 Korea,D3_lowskill,lowskill_prod_share,ols,1456,1143,True,0.0955231202139607,45.0,0,1456,,,,,,,,,,,,1.0,
R10h,T3,EXPLORATORY: digitalization proxy = e-filing of taxes (j36) instead of website,web,0.05650949505022222,0.056194345586878684,1.0056082059511895,0.3148169100373795,-0.05374615005725021,0.16676514015769467,M2 Korea,D3_lowskill,lowskill_prod_share,ols,1456,1143,True,0.0955231202139607,1414.0,0,1456,,,,,,,,,,,,1.0,
R10h,T3,EXPLORATORY: digitalization proxy = e-filing of taxes (j36) instead of website,prod_innov,0.037986802495157485,0.04212972152058375,0.9016627958624859,0.36738597085109725,-0.04465501260877364,0.1206286175990886,M3 Pooled,D3_lowskill,lowskill_prod_share,ols,1861,1448,True,0.1149576652990918,182.0,405,1456,,,,,,,,,,,,1.0,
R10h,T3,EXPLORATORY: digitalization proxy = e-filing of taxes (j36) instead of website,proc_innov,-0.02170108773233785,0.04237566485006705,-0.5121120296075664,0.6086507019314283,-0.1048253461667162,0.061423170702040494,M3 Pooled,D3_lowskill,lowskill_prod_share,ols,1861,1448,True,0.1149576652990918,81.0,405,1456,,,,,,,,,,,,1.0,
R10h,T3,EXPLORATORY: digitalization proxy = e-filing of taxes (j36) instead of website,web,-0.002614744314349861,0.03245753524688481,-0.08055893013628684,0.9358038613739397,-0.06628356361313964,0.06105407498443991,M3 Pooled,D3_lowskill,lowskill_prod_share,ols,1861,1448,True,0.1149576652990918,1596.0,405,1456,,,,,,,,,,,,1.0,
R10h,T3,EXPLORATORY: digitalization proxy = e-filing of taxes (j36) instead of website,Korea,-0.10086960197057604,0.028785665868057333,-3.504160801175292,0.00047200098335408206,-0.15733566892877446,-0.044403535012377614,M3 Pooled,D3_lowskill,lowskill_prod_share,ols,1861,1448,True,0.1149576652990918,,405,1456,,,,,,,,,,,,,
R10h,T3,EXPLORATORY: digitalization proxy = e-filing of taxes (j36) instead of website,prod_innov,-0.008399270002853272,0.049164470861211604,-0.17084024002951062,0.8643732554067838,-0.10484047502268083,0.08804193501697428,M4 Pooled x Korea,D3_lowskill,lowskill_prod_share,ols,1861,1448,True,0.11921212731873676,182.0,405,1456,1.3049285798789854,0.27125274274324335,,,,,,,,,,1.0,
R10h,T3,EXPLORATORY: digitalization proxy = e-filing of taxes (j36) instead of website,proc_innov,-0.03961081831835669,0.04467904033949328,-0.8865637672021209,0.3754610249171265,-0.12725338649800796,0.0480317498612946,M4 Pooled x Korea,D3_lowskill,lowskill_prod_share,ols,1861,1448,True,0.11921212731873676,81.0,405,1456,1.3049285798789854,0.27125274274324335,,,,,,,,,,1.0,
R10h,T3,EXPLORATORY: digitalization proxy = e-filing of taxes (j36) instead of website,web,-0.03172489651317761,0.038892861377561205,-0.8156997297062059,0.41480604808625277,-0.10801727497708113,0.04456748195072593,M4 Pooled x Korea,D3_lowskill,lowskill_prod_share,ols,1861,1448,True,0.11921212731873676,1596.0,405,1456,1.3049285798789854,0.27125274274324335,,,,,,,,,,1.0,
R10h,T3,EXPLORATORY: digitalization proxy = e-filing of taxes (j36) instead of website,Korea,-0.18947856462498888,0.061612349960553266,-3.075334161840942,0.0021420186266373335,-0.31033757460137834,-0.06861955464859942,M4 Pooled x Korea,D3_lowskill,lowskill_prod_share,ols,1861,1448,True,0.11921212731873676,,405,1456,1.3049285798789854,0.27125274274324335,,,,,,,,,,,
R10h,T3,EXPLORATORY: digitalization proxy = e-filing of taxes (j36) instead of website,prod_innov:Korea,0.06696570572457392,0.07574411380317779,0.8841044189728763,0.3767866174212493,-0.08161422365081974,0.21554563509996758,M4 Pooled x Korea,D3_lowskill,lowskill_prod_share,ols,1861,1448,True,0.11921212731873676,,405,1456,1.3049285798789854,0.27125274274324335,,,,,,,,,,,1.0
R10h,T3,EXPLORATORY: digitalization proxy = e-filing of taxes (j36) instead of website,proc_innov:Korea,0.06486691306824832,0.0858768200409928,0.7553483354097704,0.4501628487630171,-0.10358936975037492,0.23332319588687156,M4 Pooled x Korea,D3_lowskill,lowskill_prod_share,ols,1861,1448,True,0.11921212731873676,,405,1456,1.3049285798789854,0.27125274274324335,,,,,,,,,,,1.0
R10h,T3,EXPLORATORY: digitalization proxy = e-filing of taxes (j36) instead of website,web:Korea,0.09769095530198961,0.06817069335447434,1.4330344975958458,0.15206384217669994,-0.03603292495092676,0.231414835554906,M4 Pooled x Korea,D3_lowskill,lowskill_prod_share,ols,1861,1448,True,0.11921212731873676,,405,1456,1.3049285798789854,0.27125274274324335,,,,,,,,,,,1.0
R10h,T3,EXPLORATORY: digitalization proxy = e-filing of taxes (j36) instead of website,prod_innov,0.04021441270685155,1.1326894595702812,0.035503475702959274,0.9716963466209713,-2.1866916978427327,2.2671205232564358,M1 Morocco,D4_energy,env_energy_mgmt,logit,498,392,True,0.18665357286913975,74.0,498,0,,,0.003302465476535487,0.09401111639884462,0.971995190447319,-0.18152659583352546,0.18813152678659642,1.0410339611740105,23.0,59.0,False,1.0,
R10h,T3,EXPLORATORY: digitalization proxy = e-filing of taxes (j36) instead of website,proc_innov,1.4963102204376415,1.0219773569820367,1.4641324587232925,0.14395921279213292,-0.5129321203271615,3.5055525612024443,M1 Morocco,D4_energy,env_energy_mgmt,logit,498,392,True,0.18665357286913975,39.0,498,0,,,0.17619329082382454,0.1503706363773103,0.2420184670756156,-0.11944050903770262,0.47182709068535167,4.465183096031487,10.0,72.0,False,1.0,
R10h,T3,EXPLORATORY: digitalization proxy = e-filing of taxes (j36) instead of website,web,0.9427700662989108,0.5907699822511573,1.5958327176787832,0.11133198305216012,-0.21870386840467393,2.1042440010024954,M1 Morocco,D4_energy,env_energy_mgmt,logit,498,392,True,0.18665357286913975,224.0,498,0,,,0.08176447257323331,0.053635251901093764,0.12820168497436724,-0.023684262020558358,0.187213207167025,2.567082567368091,34.0,48.0,False,1.0,
R10h,T3,EXPLORATORY: digitalization proxy = e-filing of taxes (j36) instead of website,prod_innov,0.36105185854347777,0.48188772194313684,0.7492447765375566,0.4538637165000472,-0.5844310342067501,1.3065347512937056,M2 Korea,D4_energy,env_energy_mgmt,logit,1458,1144,True,0.13943677400722532,115.0,0,1458,,,0.03655870233586888,0.053565289936815655,0.49505638928045026,-0.06853852877067776,0.1416559334424155,1.4348378675511664,49.0,198.0,False,1.0,
R10h,T3,EXPLORATORY: digitalization proxy = e-filing of taxes (j36) instead of website,proc_innov,0.8324187290475659,0.72153019902699,1.1536852236678563,0.24887021201346807,-0.5832522430864485,2.24808970118158,M2 Korea,D4_energy,env_energy_mgmt,logit,1458,1144,True,0.13943677400722532,47.0,0,1458,,,0.09782564450460764,0.10452031689286007,0.34949717894114546,-0.10724737783459391,0.3028986668438092,2.29887237057255,21.0,226.0,False,1.0,
R10h,T3,EXPLORATORY: digitalization proxy = e-filing of taxes (j36) instead of website,web,0.3804473756554657,0.7265639609988023,0.5236254426003562,0.6006404982722261,-1.0451000378440476,1.8059947891549788,M2 Korea,D4_energy,env_energy_mgmt,logit,1458,1144,True,0.13943677400722532,1416.0,0,1458,,,0.030893534460177455,0.05208498725159486,0.5532066900635644,-0.07129928385219213,0.13308635277254705,1.4629389263171826,239.0,8.0,False,1.0,
R10h,T3,EXPLORATORY: digitalization proxy = e-filing of taxes (j36) instead of website,prod_innov,0.20173130627205038,0.45976786743472353,0.43876773598296664,0.6608915487476068,-0.7001077928022955,1.1035704053463964,M3 Pooled,D4_energy,env_energy_mgmt,logit,1956,1536,True,0.1378843625786248,189.0,498,1458,,,0.019171991532316395,0.04610295727460849,0.6775766414113729,-0.07125940308683676,0.10960338615146956,1.2235192120023193,72.0,257.0,False,1.0,
R10h,T3,EXPLORATORY: digitalization proxy = e-filing of taxes (j36) instead of website,proc_innov,1.2307501873953892,0.66256837511582,1.857544418989585,0.06342499837049669,-0.06888406025990146,2.5303844350506797,M3 Pooled,D4_energy,env_energy_mgmt,logit,1956,1536,True,0.1378843625786248,86.0,498,1458,,,0.15719341782509905,0.11004152103960821,0.1533536401672279,-0.05865408528302257,0.37304092093322067,3.4237970625070213,31.0,298.0,False,1.0,
R10h,T3,EXPLORATORY: digitalization proxy = e-filing of taxes (j36) instead of website,web,0.692114613470761,0.4980580851072859,1.389626298952006,0.16484376634180298,-0.28483111626451707,1.6690603432060391,M3 Pooled,D4_energy,env_energy_mgmt,logit,1956,1536,True,0.1378843625786248,1640.0,498,1458,,,0.05340908002675435,0.032710014396540074,0.10271494181005213,-0.010751928176527252,0.11757008823003595,1.997935931649547,273.0,56.0,False,1.0,
R10h,T3,EXPLORATORY: digitalization proxy = e-filing of taxes (j36) instead of website,Korea,-0.3429553646738025,0.3656479444870244,-0.9379387190455621,0.3484233589810648,-1.0601773286062477,0.3742665992586427,M3 Pooled,D4_energy,env_energy_mgmt,logit,1956,1536,True,0.1378843625786248,,498,1458,,,,,,,,0.7096698872001849,,,,,
R10h,T3,EXPLORATORY: digitalization proxy = e-filing of taxes (j36) instead of website,prod_innov,-0.2539680502873385,1.0963636293064118,-0.23164581850275834,0.8168439721996387,-2.4044958660485243,1.8965597654738475,M4 Pooled x Korea,D4_energy,env_energy_mgmt,logit,1956,1536,True,0.13949091693137194,189.0,498,1458,0.20285957598850327,0.8944479058234268,-0.02127032867270776,0.0853815656698128,0.8033006046228774,-0.18874709187246172,0.1462064345270462,0.7757165855725765,72.0,257.0,False,1.0,
R10h,T3,EXPLORATORY: digitalization proxy = e-filing of taxes (j36) instead of website,proc_innov,1.6927652480288253,1.1023774153288397,1.5355587156363075,0.12485259408007449,-0.46955866692205084,3.8550891629797013,M4 Pooled x Korea,D4_energy,env_energy_mgmt,logit,1956,1536,True,0.13949091693137194,86.0,498,1458,0.20285957598850327,0.8944479058234268,0.23967350332552545,0.20804350281839326,0.24948575395230774,-0.1684058307019855,0.6477528373530363,5.434487652871985,31.0,298.0,False,1.0,
R10h,T3,EXPLORATORY: digitalization proxy = e-filing of taxes (j36) instead of website,web,0.7263676693317628,0.5838949468387384,1.2440040340550726,0.213687884940111,-0.41894789121221787,1.8716832298757433,M4 Pooled x Korea,D4_energy,env_energy_mgmt,logit,1956,1536,True,0.13949091693137194,1640.0,498,1458,0.20285957598850327,0.8944479058234268,0.05556823728499364,0.03750780431090735,0.13867547199660993,-0.018003682033200262,0.12914015660318753,2.0675569013106894,273.0,56.0,False,1.0,
R10h,T3,EXPLORATORY: digitalization proxy = e-filing of taxes (j36) instead of website,Korea,0.024643160280495402,0.8525286329312861,0.028905962015332853,0.9769433457153204,-1.6475999622056423,1.6968862827666333,M4 Pooled x Korea,D4_energy,env_energy_mgmt,logit,1956,1536,True,0.13949091693137194,,498,1458,0.20285957598850327,0.8944479058234268,,,,,,1.024949312635691,,,,,
R10h,T3,EXPLORATORY: digitalization proxy = e-filing of taxes (j36) instead of website,prod_innov:Korea,0.6204901875647247,1.194632116261912,0.5193985488237853,0.603557675701985,-1.7227922115861536,2.9637725867156033,M4 Pooled x Korea,D4_energy,env_energy_mgmt,logit,1956,1536,True,0.13949091693137194,,498,1458,0.20285957598850327,0.8944479058234268,,,,,,1.8598394886278617,,,,,1.0
R10h,T3,EXPLORATORY: digitalization proxy = e-filing of taxes (j36) instead of website,proc_innov:Korea,-0.8471605191351678,1.308687766033476,-0.6473358589595752,0.5175113301258705,-3.4141641735539126,1.7198431352835768,M4 Pooled x Korea,D4_energy,env_energy_mgmt,logit,1956,1536,True,0.13949091693137194,,498,1458,0.20285957598850327,0.8944479058234268,,,,,,0.4286302931501903,,,,,1.0
R10h,T3,EXPLORATORY: digitalization proxy = e-filing of taxes (j36) instead of website,web:Korea,-0.3864358491123425,0.9353918968899716,-0.4131272148039553,0.679571075441637,-2.221216061743151,1.4483443635184658,M4 Pooled x Korea,D4_energy,env_energy_mgmt,logit,1956,1536,True,0.13949091693137194,,498,1458,0.20285957598850327,0.8944479058234268,,,,,,0.6794743128568439,,,,,1.0
R10h,T3,EXPLORATORY: digitalization proxy = e-filing of taxes (j36) instead of website,prod_innov,2.460201628712088,0.9478702526680058,2.5955046292330266,0.009798997717791923,0.5966710674482436,4.323732189975932,M1 Morocco,D4_co2,env_co2_monitor,logit,500,393,True,0.2805161152779593,74.0,500,0,,,0.19590018751247246,0.11157491464223435,0.07990621786439271,-0.023458171631048602,0.4152585466559935,11.707171803997392,8.0,31.0,False,0.18618095663804654,
R10h,T3,EXPLORATORY: digitalization proxy = e-filing of taxes (j36) instead of website,proc_innov,-6.3815215685221744,1.4716690782130053,-4.336247640856208,1.844163474862675e-05,-9.274850371274987,-3.488192765769363,M1 Morocco,D4_co2,env_co2_monitor,logit,500,393,True,0.2805161152779593,39.0,500,0,,,-0.07627003848243638,0.02126317581777568,0.00037676025660222684,-0.11807383795226734,-0.03446623901260543,0.0016925456721459415,1.0,38.0,True,0.00038727432972116173,
R10h,T3,EXPLORATORY: digitalization proxy = e-filing of taxes (j36) instead of website,web,0.6322880423092143,0.5420651509900033,1.1664428918819667,0.24414276253124764,-0.4334221350306171,1.6979982196490457,M1 Morocco,D4_co2,env_co2_monitor,logit,500,393,True,0.2805161152779593,225.0,500,0,,,0.026776787479584143,0.026505619214859954,0.31300639362037525,-0.025333753296521527,0.07888732825568981,1.8819115502353567,17.0,22.0,False,1.0,
R10h,T3,EXPLORATORY: digitalization proxy = e-filing of taxes (j36) instead of website,prod_innov,-0.4480855147821317,0.4222844716924465,-1.0610987256677447,0.28886533756544425,-1.2766101224204969,0.3804390928562334,M2 Korea,D4_co2,env_co2_monitor,logit,1477,1163,True,0.189634153654902,115.0,0,1477,,,-0.02173209744222846,0.01817830844929831,0.23213695126657263,-0.05739804512702339,0.013933850242566465,0.6388500505730758,30.0,146.0,False,1.0,
R10h,T3,EXPLORATORY: digitalization proxy = e-filing of taxes (j36) instead of website,proc_innov,-0.6017521393965134,0.5333944892770706,-1.1281558986709639,0.2594867592874212,-1.6482752525329416,0.4447709737399149,M2 Korea,D4_co2,env_co2_monitor,logit,1477,1163,True,0.189634153654902,48.0,0,1477,,,-0.027172401586275315,0.019754502488089548,0.16924004256700687,-0.06593085121014829,0.01158604803759766,0.5478508835371556,11.0,165.0,False,1.0,
R10h,T3,EXPLORATORY: digitalization proxy = e-filing of taxes (j36) instead of website,web,-0.2527738365658715,0.6894565582462066,-0.3666276483160312,0.713963471389262,-1.6054916433922353,1.099943970260492,M2 Korea,D4_co2,env_co2_monitor,logit,1477,1163,True,0.189634153654902,1435.0,0,1477,,,-0.015430283570372764,0.04565917416739325,0.7354657254493798,-0.10501385080531246,0.07415328366456693,0.7766435103260055,168.0,8.0,False,1.0,
R10h,T3,EXPLORATORY: digitalization proxy = e-filing of taxes (j36) instead of website,prod_innov,0.6057835503504303,0.4728616996593576,1.2811009028365536,0.2003491233223399,-0.3217298252329278,1.5332969259337883,M3 Pooled,D4_co2,env_co2_monitor,logit,1977,1556,True,0.17227017895025398,189.0,500,1477,,,0.03962011842793285,0.03748759473702072,0.29072762193361684,-0.033911414284661504,0.1131516511405272,1.8326876494923263,38.0,177.0,False,1.0,
R10h,T3,EXPLORATORY: digitalization proxy = e-filing of taxes (j36) instead of website,proc_innov,-1.8671387237737238,0.7155180746241634,-2.6094920449835826,0.009154624309505787,-3.2706200908703784,-0.4636573566770692,M3 Pooled,D4_co2,env_co2_monitor,logit,1977,1556,True,0.17227017895025398,87.0,500,1477,,,-0.05395669256751592,0.012532380045060526,1.7710799619326703e-05,-0.07853882753015155,-0.02937455760488028,0.15456528368437455,12.0,203.0,False,0.18309248619011576,
R10h,T3,EXPLORATORY: digitalization proxy = e-filing of taxes (j36) instead of website,web,0.2600082408213489,0.536157040103773,0.48494791893625866,0.6277815525202372,-0.791658296070251,1.3116747777129487,M3 Pooled,D4_co2,env_co2_monitor,logit,1977,1556,True,0.17227017895025398,1660.0,500,1477,,,0.013089483389315242,0.02544889325069102,0.6070846050865991,-0.036828259791858164,0.06300722657048866,1.296940774478956,185.0,30.0,False,1.0,
R10h,T3,EXPLORATORY: digitalization proxy = e-filing of taxes (j36) instead of website,Korea,-0.14047772888321114,0.5113982021931456,-0.2746934351367847,0.7835882413324176,-1.1435800590679657,0.8626246013015435,M3 Pooled,D4_co2,env_co2_monitor,logit,1977,1556,True,0.17227017895025398,,500,1477,,,,,,,,0.8689430170486946,,,,,
R10h,T3,EXPLORATORY: digitalization proxy = e-filing of taxes (j36) instead of website,prod_innov,2.5297222773392822,0.8051633044446198,3.141874776675543,0.0017103280163125625,0.9504027110913422,4.109041843587223,M4 Pooled x Korea,D4_co2,env_co2_monitor,logit,1977,1556,True,0.19129492911885193,189.0,500,1477,5.817504300981146,0.0005956506679752857,0.28342059268007636,0.13852129941306124,0.04091988874982675,0.01171248415414422,0.5551287012060084,12.550020227622992,38.0,177.0,False,0.03420656032625125,
R10h,T3,EXPLORATORY: digitalization proxy = e-filing of taxes (j36) instead of website,proc_innov,-5.612814204641823,1.323544970209673,-4.2407431035400736,2.358960581001355e-05,-8.208934093268661,-3.016694316014984,M4 Pooled x Korea,D4_co2,env_co2_monitor,logit,1977,1556,True,0.19129492911885193,87.0,500,1477,5.817504300981146,0.0005956506679752857,-0.07705404302736675,0.00938773403221451,4.668427281759087e-16,-0.09546798707817615,-0.05864009897655735,0.003650780843133416,12.0,203.0,False,0.0004953817220102846,
R10h,T3,EXPLORATORY: digitalization proxy = e-filing of taxes (j36) instead of website,web,0.7702822761816535,0.5758429289245107,1.3376603887804837,0.18120264631698554,-0.3592277247284217,1.8997922770917286,M4 Pooled x Korea,D4_co2,env_co2_monitor,logit,1977,1556,True,0.19129492911885193,1660.0,500,1477,5.817504300981146,0.0005956506679752857,0.03352112807328335,0.021786881963460167,0.12410718648712386,-0.009213617514956057,0.07625587366152276,2.1603759904093116,185.0,30.0,False,1.0,
R10h,T3,EXPLORATORY: digitalization proxy = e-filing of taxes (j36) instead of website,Korea,1.0053299649923988,0.7526726063580115,1.335680289810109,0.181849128164611,-0.47102963515105545,2.481689565135853,M4 Pooled x Korea,D4_co2,env_co2_monitor,logit,1977,1556,True,0.19129492911885193,,500,1477,5.817504300981146,0.0005956506679752857,,,,,,2.7328088553255907,,,,,
R10h,T3,EXPLORATORY: digitalization proxy = e-filing of taxes (j36) instead of website,prod_innov:Korea,-2.931548741542009,0.9266346231333662,-3.1636512044295637,0.0015881508681629887,-4.749133053940302,-1.1139644291437165,M4 Pooled x Korea,D4_co2,env_co2_monitor,logit,1977,1556,True,0.19129492911885193,,500,1477,5.817504300981146,0.0005956506679752857,,,,,,0.05331440394003175,,,,,0.031763017363259774
R10h,T3,EXPLORATORY: digitalization proxy = e-filing of taxes (j36) instead of website,proc_innov:Korea,4.793198222464081,1.3912303871273977,3.4452943716684064,0.000585598009925827,2.0643140825385,7.522082362389662,M4 Pooled x Korea,D4_co2,env_co2_monitor,logit,1977,1556,True,0.19129492911885193,,500,1477,5.817504300981146,0.0005956506679752857,,,,,,120.68673511827987,,,,,0.012297558208442366
R10h,T3,EXPLORATORY: digitalization proxy = e-filing of taxes (j36) instead of website,web:Korea,-1.0644284322330324,0.8861629403093375,-1.2011655913544148,0.2298697780094748,-2.8026279537322187,0.6737710892661541,M4 Pooled x Korea,D4_co2,env_co2_monitor,logit,1977,1556,True,0.19129492911885193,,500,1477,5.817504300981146,0.0005956506679752857,,,,,,0.3449249464176326,,,,,1.0
R10i,T2,Single 'any innovation' indicator (product or process) + website,any_innov,1.0868762501472093,1.0630544222550353,1.0224088507544526,0.30722611102448755,-1.0032086291256652,3.176961129420084,M1 Morocco,D1_sales,g_sales,ols,494,387,True,0.03619399781278432,,494,0,,,,,,,,,,,,,
R10i,T2,Single 'any innovation' indicator (product or process) + website,web,0.4157369643814679,1.230030868837365,0.33798904963614923,0.7355547088369394,-2.0026424395086186,2.8341163682715544,M1 Morocco,D1_sales,g_sales,ols,494,387,True,0.03619399781278432,314.0,494,0,,,,,,,,,,,,0.7355547088369394,
R10i,T2,Single 'any innovation' indicator (product or process) + website,any_innov,4.5759949560109545,3.018897853625823,1.5157833016824311,0.1298565746436056,-1.3473429603047293,10.499332872326638,M2 Korea,D1_sales,g_sales,ols,1431,1119,True,0.05144615844962008,,0,1431,,,,,,,,,,,,,
R10i,T2,Single 'any innovation' indicator (product or process) + website,web,1.9872421590784388,1.2134923903893153,1.637622266787258,0.10178166547893003,-0.3937345535057861,4.3682188716626635,M2 Korea,D1_sales,g_sales,ols,1431,1119,True,0.05144615844962008,593.0,0,1431,,,,,,,,,,,,0.10178166547893003,
R10i,T2,Single 'any innovation' indicator (product or process) + website,any_innov,2.994265405819989,1.818429897383263,1.646621302327224,0.09984454579167348,-0.572658380761526,6.561189192401504,M3 Pooled,D1_sales,g_sales,ols,1925,1506,True,0.052781335496545956,,494,1431,,,,,,,,,,,,,
R10i,T2,Single 'any innovation' indicator (product or process) + website,web,1.7926905100839934,0.9524292159780445,1.8822296502560445,0.05999750922878421,-0.07553791620614425,3.660918936374131,M3 Pooled,D1_sales,g_sales,ols,1925,1506,True,0.052781335496545956,907.0,494,1431,,,,,,,,,,,,0.05999750922878421,
R10i,T2,Single 'any innovation' indicator (product or process) + website,Korea,-1.2164401600778436,0.994254041912643,-1.2234701683865241,0.2213435575612517,-3.1667096739625213,0.7338293538068341,M3 Pooled,D1_sales,g_sales,ols,1925,1506,True,0.052781335496545956,,494,1431,,,,,,,,,,,,,
R10i,T2,Single 'any innovation' indicator (product or process) + website,any_innov,0.9545207954460163,1.1010585637915948,0.8669119217047253,0.3861283698847051,-1.2052501076056066,3.114291698497639,M4 Pooled x Korea,D1_sales,g_sales,ols,1925,1506,True,0.05657023542652362,,494,1431,1.3384127755026856,0.2625733759716221,,,,,,,,,,,
R10i,T2,Single 'any innovation' indicator (product or process) + website,web,0.3349131148180299,1.1908646801127607,0.28123524058696375,0.7785686109598912,-2.0010161174314534,2.6708423470675133,M4 Pooled x Korea,D1_sales,g_sales,ols,1925,1506,True,0.05657023542652362,907.0,494,1431,1.3384127755026856,0.2625733759716221,,,,,,,,,,0.7785686109598912,
R10i,T2,Single 'any innovation' indicator (product or process) + website,Korea,-2.7243402662980603,1.1453101481155195,-2.3786921566884387,0.017498232574784583,-4.970912441670414,-0.4777680909257058,M4 Pooled x Korea,D1_sales,g_sales,ols,1925,1506,True,0.05657023542652362,,494,1431,1.3384127755026856,0.2625733759716221,,,,,,,,,,,
R10i,T2,Single 'any innovation' indicator (product or process) + website,any_innov:Korea,3.449116824142468,3.194382776469234,1.0797443717608548,0.2804289181651669,-2.8167941825070892,9.715027830792025,M4 Pooled x Korea,D1_sales,g_sales,ols,1925,1506,True,0.05657023542652362,,494,1431,1.3384127755026856,0.2625733759716221,,,,,,,,,,,0.513158305871375
R10i,T2,Single 'any innovation' indicator (product or process) + website,web:Korea,1.8777649588811993,1.6544992944780865,1.134944550987882,0.2565791529356875,-1.3676023202470717,5.12313223800947,M4 Pooled x Korea,D1_sales,g_sales,ols,1925,1506,True,0.05657023542652362,,494,1431,1.3384127755026856,0.2625733759716221,,,,,,,,,,,0.513158305871375
R10i,T2,Single 'any innovation' indicator (product or process) + website,any_innov,-0.7924681097447158,1.755403583838424,-0.4514449651583134,0.6519217575569426,-4.243789519818202,2.6588533003287704,M1 Morocco,D1_lp,g_lp,ols,494,387,True,0.016296465537708138,,494,0,,,,,,,,,,,,,
R10i,T2,Single 'any innovation' indicator (product or process) + website,web,-1.1267959848510498,1.7349878966915755,-0.6494546659372792,0.516429806026121,-4.537977851630903,2.284385881928804,M1 Morocco,D1_lp,g_lp,ols,494,387,True,0.016296465537708138,314.0,494,0,,,,,,,,,,,,0.516429806026121,
R10i,T2,Single 'any innovation' indicator (product or process) + website,any_innov,4.092355347075701,2.9737689150835473,1.3761510944305257,0.1690501908312731,-1.7424357002329751,9.927146394384376,M2 Korea,D1_lp,g_lp,ols,1431,1119,True,0.10075323714775808,,0,1431,,,,,,,,,,,,,
R10i,T2,Single 'any innovation' indicator (product or process) + website,web,0.8236069138306862,1.3969500237242587,0.5895750741568808,0.5555945823591095,-1.9173294953909261,3.5645433230522983,M2 Korea,D1_lp,g_lp,ols,1431,1119,True,0.10075323714775808,593.0,0,1431,,,,,,,,,,,,0.5555945823591095,
R10i,T2,Single 'any innovation' indicator (product or process) + website,any_innov,1.9625410102701704,1.9011617341840992,1.0322851417543457,0.30210430250374626,-1.7666646201245877,5.691746640664928,M3 Pooled,D1_lp,g_lp,ols,1925,1506,True,0.06647898689401632,,494,1431,,,,,,,,,,,,,
R10i,T2,Single 'any innovation' indicator (product or process) + website,web,0.8432378044518375,1.1284642139628467,0.7472437264896732,0.45503310320963514,-1.370290389778972,3.0567659986826468,M3 Pooled,D1_lp,g_lp,ols,1925,1506,True,0.06647898689401632,907.0,494,1431,,,,,,,,,,,,0.45503310320963514,
R10i,T2,Single 'any innovation' indicator (product or process) + website,Korea,0.5489271471089593,1.1899634198103268,0.4612974970242825,0.6446517955609601,-1.7852342266075785,2.883088520825497,M3 Pooled,D1_lp,g_lp,ols,1925,1506,True,0.06647898689401632,,494,1431,,,,,,,,,,,,,
R10i,T2,Single 'any innovation' indicator (product or process) + website,any_innov,-0.732999841042735,1.747731495433782,-0.41940071627581815,0.6749831165703322,-4.161245852940833,2.6952461708553628,M4 Pooled x Korea,D1_lp,g_lp,ols,1925,1506,True,0.07103208069370204,,494,1431,1.7541237586787848,0.17341221058014136,,,,,,,,,,,
R10i,T2,Single 'any innovation' indicator (product or process) + website,web,-1.1891494863192562,1.6343438728163968,-0.7276005411701054,0.4669712473424681,-4.394981090711253,2.0166821180727403,M4 Pooled x Korea,D1_lp,g_lp,ols,1925,1506,True,0.07103208069370204,907.0,494,1431,1.7541237586787848,0.17341221058014136,,,,,,,,,,0.4669712473424681,
R10i,T2,Single 'any innovation' indicator (product or process) + website,Korea,-1.5307069219383898,1.474306215114565,-1.0382557614189003,0.2993176643492616,-4.422618188336108,1.3612043444593287,M4 Pooled x Korea,D1_lp,g_lp,ols,1925,1506,True,0.07103208069370204,,494,1431,1.7541237586787848,0.17341221058014136,,,,,,,,,,,
R10i,T2,Single 'any innovation' indicator (product or process) + website,any_innov:Korea,4.549419398946624,3.392206063590885,1.3411388676461324,0.18007759346579646,-2.104529985970556,11.203368783863803,M4 Pooled x Korea,D1_lp,g_lp,ols,1925,1506,True,0.07103208069370204,,494,1431,1.7541237586787848,0.17341221058014136,,,,,,,,,,,0.36015518693159293
R10i,T2,Single 'any innovation' indicator (product or process) + website,web:Korea,2.627026422118253,2.06082838115751,1.2747429364509846,0.20259688227661002,-1.4153717937221764,6.669424637958683,M4 Pooled x Korea,D1_lp,g_lp,ols,1925,1506,True,0.07103208069370204,,494,1431,1.7541237586787848,0.17341221058014136,,,,,,,,,,,0.36015518693159293
R10i,T2,Single 'any innovation' indicator (product or process) + website,any_innov,1.8179246267409028,1.4829687110485739,1.2258684982338495,0.22099168149130782,-1.0977355264277855,4.733584779909592,M1 Morocco,D2_emp,g_emp,ols,495,388,True,0.06416128910545416,,495,0,,,,,,,,,,,,,
R10i,T2,Single 'any innovation' indicator (product or process) + website,web,1.487785823582311,1.031273189104351,1.4426689642483927,0.14992051277799678,-0.5397971740230014,3.5153688211876233,M1 Morocco,D2_emp,g_emp,ols,495,388,True,0.06416128910545416,315.0,495,0,,,,,,,,,,,,0.14992051277799678,
R10i,T2,Single 'any innovation' indicator (product or process) + website,any_innov,0.48411122546668883,1.8347046938775085,0.2638632947755514,0.7919329488642446,-3.115665794407565,4.083888245340942,M2 Korea,D2_emp,g_emp,ols,1456,1140,True,0.10543027657358117,,0,1456,,,,,,,,,,,,,
R10i,T2,Single 'any innovation' indicator (product or process) + website,web,1.086690700445863,0.7904170591057171,1.3748320433207144,0.16945367391539354,-0.4641447963947607,2.637526197286487,M2 Korea,D2_emp,g_emp,ols,1456,1140,True,0.10543027657358117,597.0,0,1456,,,,,,,,,,,,0.16945367391539354,
R10i,T2,Single 'any innovation' indicator (product or process) + website,any_innov,1.0156777367906908,1.1940229566972118,0.8506350159298094,0.395105405786057,-1.3264194600219565,3.3577749336033382,M3 Pooled,D2_emp,g_emp,ols,1951,1528,True,0.09694396528736349,,495,1456,,,,,,,,,,,,,
R10i,T2,Single 'any innovation' indicator (product or process) + website,web,0.9023622016623082,0.6079492529958187,1.484272243473773,0.13794295787063057,-0.2901410356158388,2.094865438940455,M3 Pooled,D2_emp,g_emp,ols,1951,1528,True,0.09694396528736349,912.0,495,1456,,,,,,,,,,,,0.13794295787063057,
R10i,T2,Single 'any innovation' indicator (product or process) + website,Korea,-1.859082132307897,0.5936302123893634,-3.1317175128689723,0.0017708208356826075,-3.023498317593182,-0.694665947022612,M3 Pooled,D2_emp,g_emp,ols,1951,1528,True,0.09694396528736349,,495,1456,,,,,,,,,,,,,
R10i,T2,Single 'any innovation' indicator (product or process) + website,any_innov,1.5799569293705524,1.4087636269588253,1.1215202459345799,0.26224269472827855,-1.1833578990130877,4.343271757754192,M4 Pooled x Korea,D2_emp,g_emp,ols,1951,1528,True,0.09752042124486926,,495,1456,0.22181991968631695,0.8010853972529669,,,,,,,,,,,
R10i,T2,Single 'any innovation' indicator (product or process) + website,web,1.3146297025263882,0.9917756228485864,1.3255313724595261,0.18519311480494918,-0.6307557635671512,3.260015168619928,M4 Pooled x Korea,D2_emp,g_emp,ols,1951,1528,True,0.09752042124486926,912.0,495,1456,0.22181991968631695,0.8010853972529669,,,,,,,,,,0.18519311480494918,
R10i,T2,Single 'any innovation' indicator (product or process) + website,Korea,-1.4333835322609287,0.89870236665291,-1.5949479888423608,0.11093066620090036,-3.1962041563542005,0.32943709183234304,M4 Pooled x Korea,D2_emp,g_emp,ols,1951,1528,True,0.09752042124486926,,495,1456,0.22181991968631695,0.8010853972529669,,,,,,,,,,,
R10i,T2,Single 'any innovation' indicator (product or process) + website,any_innov:Korea,-0.9514699770532477,2.3162797640071804,-0.41077506777816764,0.6812950730991325,-5.494893796408483,3.5919538423019883,M4 Pooled x Korea,D2_emp,g_emp,ols,1951,1528,True,0.09752042124486926,,495,1456,0.22181991968631695,0.8010853972529669,,,,,,,,,,,1.0
R10i,T2,Single 'any innovation' indicator (product or process) + website,web:Korea,-0.529971166429797,1.2575590291007668,-0.4214284611425036,0.673501515032352,-2.9966954956088676,1.9367531627492733,M4 Pooled x Korea,D2_emp,g_emp,ols,1951,1528,True,0.09752042124486926,,495,1456,0.22181991968631695,0.8010853972529669,,,,,,,,,,,1.0
R10i,T2,Single 'any innovation' indicator (product or process) + website,any_innov,0.02379533935394607,0.037746669824248485,0.6303957266889787,0.5288942129916235,-0.05047303396914621,0.09806371267703834,M1 Morocco,D3_female,female_share,ols,418,314,True,0.06770328265832426,,418,0,,,,,,,,,,,,,
R10i,T2,Single 'any innovation' indicator (product or process) + website,web,0.016009628610153842,0.03549460439873692,0.4510440074301419,0.6522691552717577,-0.053827698569035284,0.08584695578934297,M1 Morocco,D3_female,female_share,ols,418,314,True,0.06770328265832426,264.0,418,0,,,,,,,,,,,,0.6522691552717577,
R10i,T2,Single 'any innovation' indicator (product or process) + website,any_innov,0.11567490781994076,0.044666107776521906,2.589769146635687,0.009723308517128501,0.028040288873973834,0.2033095267659077,M2 Korea,D3_female,female_share,ols,1485,1170,True,0.08694403857418287,,0,1485,,,,,,,,,,,,,
R10i,T2,Single 'any innovation' indicator (product or process) + website,web,0.004813608726478806,0.023378261655059587,0.20590105447113224,0.8369040222205548,-0.04105439172726008,0.05068160918021769,M2 Korea,D3_female,female_share,ols,1485,1170,True,0.08694403857418287,601.0,0,1485,,,,,,,,,,,,0.8369040222205548,
R10i,T2,Single 'any innovation' indicator (product or process) + website,any_innov,0.06497117173900613,0.03177728962732068,2.044578769963655,0.041072535072000885,0.0026379897117754167,0.12730435376623683,M3 Pooled,D3_female,female_share,ols,1903,1484,True,0.07295132976940166,,418,1485,,,,,,,,,,,,,
R10i,T2,Single 'any innovation' indicator (product or process) + website,web,0.017671738299693963,0.01948395543429439,0.9069892588950045,0.3645597244559964,-0.02054728399389251,0.055890760593280436,M3 Pooled,D3_female,female_share,ols,1903,1484,True,0.07295132976940166,865.0,418,1485,,,,,,,,,,,,0.3645597244559964,
R10i,T2,Single 'any innovation' indicator (product or process) + website,Korea,0.09715525003687382,0.021644130200615248,4.48875741997302,7.717335974014129e-06,0.054698907049833934,0.1396115930239137,M3 Pooled,D3_female,female_share,ols,1903,1484,True,0.07295132976940166,,418,1485,,,,,,,,,,,,,
R10i,T2,Single 'any innovation' indicator (product or process) + website,any_innov,-0.0034864144785604766,0.03894153773222188,-0.08952945059680244,0.9286732303379311,-0.07987272647528701,0.07289989751816606,M4 Pooled x Korea,D3_female,female_share,ols,1903,1484,True,0.07684957811558202,,418,1485,1.8765543676675958,0.15347993885748784,,,,,,,,,,,
R10i,T2,Single 'any innovation' indicator (product or process) + website,web,0.03232146042666357,0.0341715518972475,0.9458587225962964,0.344374627952815,-0.03470821987472982,0.09935114072805695,M4 Pooled x Korea,D3_female,female_share,ols,1903,1484,True,0.07684957811558202,865.0,418,1485,1.8765543676675958,0.15347993885748784,,,,,,,,,,0.344374627952815,
R10i,T2,Single 'any innovation' indicator (product or process) + website,Korea,0.0966646147819622,0.03202119929313255,3.018769343929396,0.002581315305874922,0.033852988375882354,0.15947624118804204,M4 Pooled x Korea,D3_female,female_share,ols,1903,1484,True,0.07684957811558202,,418,1485,1.8765543676675958,0.15347993885748784,,,,,,,,,,,
R10i,T2,Single 'any innovation' indicator (product or process) + website,any_innov:Korea,0.11322939148931771,0.05884693234175165,1.9241341389172453,0.0545288181423706,-0.002202622644727717,0.22866140562336312,M4 Pooled x Korea,D3_female,female_share,ols,1903,1484,True,0.07684957811558202,,418,1485,1.8765543676675958,0.15347993885748784,,,,,,,,,,,0.1090576362847412
R10i,T2,Single 'any innovation' indicator (product or process) + website,web:Korea,-0.022575951975262534,0.04102186006904943,-0.5503395491394564,0.5821693281378225,-0.10304294902781268,0.05789104507728761,M4 Pooled x Korea,D3_female,female_share,ols,1903,1484,True,0.07684957811558202,,418,1485,1.8765543676675958,0.15347993885748784,,,,,,,,,,,0.5821693281378225
R10i,T2,Single 'any innovation' indicator (product or process) + website,any_innov,0.0036845739664990128,0.036965335162133704,0.09967646581149875,0.9206662416871133,-0.06905290295583418,0.07642205088883221,M1 Morocco,D3_lowskill,lowskill_prod_share,ols,407,307,True,0.1443321788328078,,407,0,,,,,,,,,,,,,
R10i,T2,Single 'any innovation' indicator (product or process) + website,web,-0.06107957522865926,0.04170863885805465,-1.4644346327514774,0.14409847417396796,-0.1431505518096427,0.020991401352324184,M1 Morocco,D3_lowskill,lowskill_prod_share,ols,407,307,True,0.1443321788328078,254.0,407,0,,,,,,,,,,,,0.14409847417396796,
R10i,T2,Single 'any innovation' indicator (product or process) + website,any_innov,0.033247679141549066,0.0491259558164199,0.6767843717034883,0.49867864272013934,-0.06313869280250327,0.1296340510856014,M2 Korea,D3_lowskill,lowskill_prod_share,ols,1465,1152,True,0.09924223732473958,,0,1465,,,,,,,,,,,,,
R10i,T2,Single 'any innovation' indicator (product or process) + website,web,0.04451517777985931,0.023570232482926567,1.8886185281415664,0.05919400264102309,-0.0017302164756108143,0.09076057203532945,M2 Korea,D3_lowskill,lowskill_prod_share,ols,1465,1152,True,0.09924223732473958,588.0,0,1465,,,,,,,,,,,,0.05919400264102309,
R10i,T2,Single 'any innovation' indicator (product or process) + website,any_innov,0.019151596761842176,0.03375791364490855,0.5673216942046022,0.5705829172574829,-0.047067631879318186,0.08537082540300255,M3 Pooled,D3_lowskill,lowskill_prod_share,ols,1872,1459,True,0.11647289442145603,,407,1465,,,,,,,,,,,,,
R10i,T2,Single 'any innovation' indicator (product or process) + website,web,0.01978092489878602,0.02062122777274113,0.9592505895761506,0.3375914525493865,-0.020669495441410047,0.06023134523898209,M3 Pooled,D3_lowskill,lowskill_prod_share,ols,1872,1459,True,0.11647289442145603,842.0,407,1465,,,,,,,,,,,,0.3375914525493865,
R10i,T2,Single 'any innovation' indicator (product or process) + website,Korea,-0.10010914697325649,0.024268218281450753,-4.125113175274768,3.914711611314702e-05,-0.1477134720508328,-0.05250482189568018,M3 Pooled,D3_lowskill,lowskill_prod_share,ols,1872,1459,True,0.11647289442145603,,407,1465,,,,,,,,,,,,,
R10i,T2,Single 'any innovation' indicator (product or process) + website,any_innov,-0.007830547615873228,0.037149432471340366,-0.21078512092787022,0.8330843840601596,-0.0807025499731652,0.06504145474141876,M4 Pooled x Korea,D3_lowskill,lowskill_prod_share,ols,1872,1459,True,0.12685051175671425,,407,1465,3.5508758053763447,0.02894778124136825,,,,,,,,,,,
R10i,T2,Single 'any innovation' indicator (product or process) + website,web,-0.07296152006953674,0.040655364095250474,-1.794634525928656,0.07291888758134026,-0.1527107272874731,0.006787687148399613,M4 Pooled x Korea,D3_lowskill,lowskill_prod_share,ols,1872,1459,True,0.12685051175671425,842.0,407,1465,3.5508758053763447,0.02894778124136825,,,,,,,,,,0.07291888758134026,
R10i,T2,Single 'any innovation' indicator (product or process) + website,Korea,-0.17753271707407678,0.03705153658283459,-4.791507544556869,1.824052526735034e-06,-0.2502126877112754,-0.10485274643687813,M4 Pooled x Korea,D3_lowskill,lowskill_prod_share,ols,1872,1459,True,0.12685051175671425,,407,1465,3.5508758053763447,0.02894778124136825,,,,,,,,,,,
R10i,T2,Single 'any innovation' indicator (product or process) + website,any_innov:Korea,0.041238157137680614,0.06247180110083543,0.6601083434607289,0.5092884987212257,-0.08130598241536438,0.1637822966907256,M4 Pooled x Korea,D3_lowskill,lowskill_prod_share,ols,1872,1459,True,0.12685051175671425,,407,1465,3.5508758053763447,0.02894778124136825,,,,,,,,,,,0.5092884987212257
R10i,T2,Single 'any innovation' indicator (product or process) + website,web:Korea,0.12027238999224904,0.046149820421379904,2.6061291007002545,0.009250420896153834,0.029745305221038312,0.21079947476345978,M4 Pooled x Korea,D3_lowskill,lowskill_prod_share,ols,1872,1459,True,0.12685051175671425,,407,1465,3.5508758053763447,0.02894778124136825,,,,,,,,,,,0.018500841792307668
R10i,T2,Single 'any innovation' indicator (product or process) + website,any_innov,1.3721479498752338,0.6988220532673531,1.9635155236726363,0.05028562952016377,-0.0017170650428317558,2.7460129647932994,M1 Morocco,D4_energy,env_energy_mgmt,logit,502,396,True,0.20527612182973987,,502,0,,,,,,,,3.9438127162506222,,,,,
R10i,T2,Single 'any innovation' indicator (product or process) + website,web,1.4516072345037434,0.4601994526831,3.154300219264583,0.0017316039689854108,0.5468677160960899,2.356346752911397,M1 Morocco,D4_energy,env_energy_mgmt,logit,502,396,True,0.20527612182973987,317.0,502,0,,,0.09080000115526835,0.033951027904860494,0.007795460696918993,0.024053210264927266,0.15754679204560942,4.269971849106703,47.0,36.0,False,0.0017316039689854108,
R10i,T2,Single 'any innovation' indicator (product or process) + website,any_innov,0.4587015960605907,0.388525229294158,1.1806224190226298,0.23799456878074884,-0.3035885482117018,1.2209917403328832,M2 Korea,D4_energy,env_energy_mgmt,logit,1476,1161,True,0.1468052816537091,,0,1476,,,,,,,,1.5820185517721088,,,,,
R10i,T2,Single 'any innovation' indicator (product or process) + website,web,0.5836490941155139,0.2937440791742376,1.9869305817371585,0.04716480591709636,0.007320455433134754,1.159977732797893,M2 Korea,D4_energy,env_energy_mgmt,logit,1476,1161,True,0.1468052816537091,598.0,0,1476,,,0.056230733795122785,0.030167238824706896,0.06257861200634189,-0.0029576717500207905,0.11541913934026636,1.792567758898953,157.0,90.0,False,0.04716480591709636,
R10i,T2,Single 'any innovation' indicator (product or process) + website,any_innov,0.7321200591556859,0.3584291140706073,2.0425797749550694,0.041262180914844064,0.029065378422436394,1.4351747398889354,M3 Pooled,D4_energy,env_energy_mgmt,logit,1978,1557,True,0.14592742493251687,,502,1476,,,,,,,,2.079484567993885,,,,,
R10i,T2,Single 'any innovation' indicator (product or process) + website,web,0.6872254692451422,0.25639277961614587,2.6803620221833477,0.007431831937868994,0.1843139122898927,1.1901370262003916,M3 Pooled,D4_energy,env_energy_mgmt,logit,1978,1557,True,0.14592742493251687,915.0,502,1476,,,0.06284978229760853,0.024762711619747958,0.011242958224222981,0.01427800163449558,0.11142156296072148,1.9881915749194188,204.0,126.0,False,0.007431831937868994,
R10i,T2,Single 'any innovation' indicator (product or process) + website,Korea,0.16216293424140354,0.28008542438980805,0.5789766982508656,0.5626886425333383,-0.3872214792792645,0.7115473477620715,M3 Pooled,D4_energy,env_energy_mgmt,logit,1978,1557,True,0.14592742493251687,,502,1476,,,,,,,,1.176051844826378,,,,,
R10i,T2,Single 'any innovation' indicator (product or process) + website,any_innov,1.2882797331057407,0.6734548262807138,1.9129415705883612,0.05593879849328702,-0.03269434319594855,2.60925380940743,M4 Pooled x Korea,D4_energy,env_energy_mgmt,logit,1978,1557,True,0.15042437601671566,,502,1476,1.8684250231294228,0.15471254007294283,,,,,,3.6265425655117167,,,,,
R10i,T2,Single 'any innovation' indicator (product or process) + website,web,1.3938108568256933,0.42715524019124457,3.2630077444482732,0.0011262528665832569,0.5559506517614614,2.231671061889925,M4 Pooled x Korea,D4_energy,env_energy_mgmt,logit,1978,1557,True,0.15042437601671566,915.0,502,1476,1.8684250231294228,0.15471254007294283,0.1355057903261298,0.05122792393761375,0.008247494476143147,0.03502279300607562,0.23598878764618397,4.030179261881252,204.0,126.0,False,0.0011262528665832569,
R10i,T2,Single 'any innovation' indicator (product or process) + website,Korea,0.9553173632748752,0.38633196085103283,2.472788845040029,0.013512449502147122,0.1975315620364525,1.713103164513298,M4 Pooled x Korea,D4_energy,env_energy_mgmt,logit,1978,1557,True,0.15042437601671566,,502,1476,1.8684250231294228,0.15471254007294283,,,,,,2.5994954364082177,,,,,
R10i,T2,Single 'any innovation' indicator (product or process) + website,any_innov:Korea,-0.8130871710257799,0.7699039490115807,-1.0560891031532424,0.29109134356368926,-2.3232451180751834,0.6970707760236239,M4 Pooled x Korea,D4_energy,env_energy_mgmt,logit,1978,1557,True,0.15042437601671566,,502,1476,1.8684250231294228,0.15471254007294283,,,,,,0.4434868309982014,,,,,0.29109134356368926
R10i,T2,Single 'any innovation' indicator (product or process) + website,web:Korea,-0.8067205589412598,0.49282188709487723,-1.6369414185250084,0.10184479432017915,-1.7733851542218566,0.15994403633933696,M4 Pooled x Korea,D4_energy,env_energy_mgmt,logit,1978,1557,True,0.15042437601671566,,502,1476,1.8684250231294228,0.15471254007294283,,,,,,0.44631934681276664,,,,,0.2036895886403583
R10i,T2,Single 'any innovation' indicator (product or process) + website,any_innov,0.9994728175421601,0.8143108108556154,1.2273849299532087,0.22040524650162205,-0.6014275697331242,2.600373204817444,M1 Morocco,D4_co2,env_co2_monitor,logit,504,397,True,0.1853351121813981,,504,0,,,,,,,,2.7168491756315163,,,,,
R10i,T2,Single 'any innovation' indicator (product or process) + website,web,0.038440545063599896,0.673364125879243,0.05708730772285542,0.9545043677362702,-1.2853646599350852,1.3622457500622849,M1 Morocco,D4_co2,env_co2_monitor,logit,504,397,True,0.1853351121813981,318.0,504,0,,,0.0017581335056503528,0.030506220562129135,0.9540707815166808,-0.058215797407661675,0.061732064418962375,1.0391889416088076,26.0,14.0,False,0.9545043677362702,
R10i,T2,Single 'any innovation' indicator (product or process) + website,any_innov,-0.44445996373839053,0.36649239438987213,-1.2127399382416024,0.22547199695965192,-1.163509396898825,0.27458946942204393,M2 Korea,D4_co2,env_co2_monitor,logit,1495,1180,True,0.18939296091428337,,0,1495,,,,,,,,0.6411704378402473,,,,,
R10i,T2,Single 'any innovation' indicator (product or process) + website,web,-0.2386400479287758,0.3384237548314934,-0.7051515873866434,0.4808550697876619,-0.9026194723441816,0.42533937648663,M2 Korea,D4_co2,env_co2_monitor,logit,1495,1180,True,0.18939296091428337,606.0,0,1495,,,-0.012872438329404285,0.017895951540325652,0.4721026361329571,-0.04798387313110114,0.022238996472292567,0.7876983650075307,109.0,67.0,False,0.4808550697876619,
R10i,T2,Single 'any innovation' indicator (product or process) + website,any_innov,0.20133182423233445,0.3972208176244693,0.506851139968884,0.6123301306647932,-0.5778046600892252,0.980468308553894,M3 Pooled,D4_co2,env_co2_monitor,logit,1999,1577,True,0.16536905863744233,,504,1495,,,,,,,,1.2230305356670854,,,,,
R10i,T2,Single 'any innovation' indicator (product or process) + website,web,-0.21124760474308085,0.2830336981451784,-0.746369093600735,0.45555573098686974,-0.7664095467484573,0.34391433726229564,M3 Pooled,D4_co2,env_co2_monitor,logit,1999,1577,True,0.16536905863744233,924.0,504,1495,,,-0.011279538696178877,0.015137976565987013,0.4563130214644712,-0.0409722167181948,0.01841313932583705,0.8095735878023023,135.0,81.0,False,0.45555573098686974,
R10i,T2,Single 'any innovation' indicator (product or process) + website,Korea,-0.03782025205362264,0.3627406711212458,-0.10426250780404288,0.9169742881124628,-0.749324983623463,0.6736844795162178,M3 Pooled,D4_co2,env_co2_monitor,logit,1999,1577,True,0.16536905863744233,,504,1495,,,,,,,,0.9628860021185097,,,,,
R10i,T2,Single 'any innovation' indicator (product or process) + website,any_innov,1.2314117854266051,0.7457285549770837,1.6512868887854866,0.09887910801454147,-0.2313119662080323,2.6941355370612428,M4 Pooled x Korea,D4_co2,env_co2_monitor,logit,1999,1577,True,0.17375002798468486,,504,1495,1.9240219715506457,0.14636110684567918,,,,,,3.4260629893865877,,,,,
R10i,T2,Single 'any innovation' indicator (product or process) + website,web,0.26912270036157504,0.8475536513710793,0.3175288076763257,0.7508844199141133,-1.3933278634139237,1.9315732641370738,M4 Pooled x Korea,D4_co2,env_co2_monitor,logit,1999,1577,True,0.17375002798468486,924.0,504,1495,1.9240219715506457,0.14636110684567918,0.014708809718383925,0.04725165460925925,0.75562385115177,-0.07797386555227638,0.10739148498904423,1.3088157233570024,135.0,81.0,False,0.7508844199141133,
R10i,T2,Single 'any innovation' indicator (product or process) + website,Korea,0.6037073089960252,0.8842876143277648,0.682704698351976,0.49489373238316725,-1.1307957995691282,2.3382104175611786,M4 Pooled x Korea,D4_co2,env_co2_monitor,logit,1999,1577,True,0.17375002798468486,,504,1495,1.9240219715506457,0.14636110684567918,,,,,,1.8288864950272845,,,,,
R10i,T2,Single 'any innovation' indicator (product or process) + website,any_innov:Korea,-1.6610273963396105,0.8527302182070536,-1.947893203353434,0.0516049648220942,-3.3336316376327098,0.011576844953488985,M4 Pooled x Korea,D4_co2,env_co2_monitor,logit,1999,1577,True,0.17375002798468486,,504,1495,1.9240219715506457,0.14636110684567918,,,,,,0.1899437323249468,,,,,0.1032099296441884
R10i,T2,Single 'any innovation' indicator (product or process) + website,web:Korea,-0.5486438811360816,0.9385655590754923,-0.5845557359642601,0.5589300932454992,-2.3896115181714546,1.2923237558992915,M4 Pooled x Korea,D4_co2,env_co2_monitor,logit,1999,1577,True,0.17375002798468486,,504,1495,1.9240219715506457,0.14636110684567918,,,,,,0.5777327536639659,,,,,0.5589300932454992
R11,T2,DK on innovation/website kept as separate category (DK dummies added) instead of listwise deletion,prod_innov,0.9197852616779413,1.0040865530585545,0.9160418082247764,0.360192783561915,-1.0541162936433248,2.8936868169992076,M1 Morocco,D1_sales,g_sales,ols,511,403,True,0.045880488717643386,73.0,511,0,,,,,,,,,,,,1.0,
R11,T2,DK on innovation/website kept as separate category (DK dummies added) instead of listwise deletion,proc_innov,0.947917750812375,1.5007606081953735,0.6316248878308592,0.5279901288901843,-2.0023794020158276,3.8982149036405773,M1 Morocco,D1_sales,g_sales,ols,511,403,True,0.045880488717643386,37.0,511,0,,,,,,,,,,,,1.0,
R11,T2,DK on innovation/website kept as separate category (DK dummies added) instead of listwise deletion,web,0.37161607161918264,1.228236596446992,0.302560657038052,0.7623808017675247,-2.042934865891314,2.786167009129679,M1 Morocco,D1_sales,g_sales,ols,511,403,True,0.045880488717643386,326.0,511,0,,,,,,,,,,,,1.0,
R11,T2,DK on innovation/website kept as separate category (DK dummies added) instead of listwise deletion,prod_innov,8.34953399439348,3.193672864891132,2.6143986399427623,0.009057798524664287,2.08331461452659,14.615753374260372,M2 Korea,D1_sales,g_sales,ols,1438,1126,True,0.07486709378390455,111.0,0,1438,,,,,,,,,,,,0.02717339557399286,
R11,T2,DK on innovation/website kept as separate category (DK dummies added) instead of listwise deletion,proc_innov,-10.634680905148683,4.335146362757271,-2.453130763129468,0.014312665248383977,-19.140554644284798,-2.128807166012569,M2 Korea,D1_sales,g_sales,ols,1438,1126,True,0.07486709378390455,47.0,0,1438,,,,,,,,,,,,0.028625330496767954,
R11,T2,DK on innovation/website kept as separate category (DK dummies added) instead of listwise deletion,web,2.0644348449387873,1.1842110689742915,1.7432997368677736,0.08155421434617469,-0.2590737497690019,4.387943439646577,M2 Korea,D1_sales,g_sales,ols,1438,1126,True,0.07486709378390455,596.0,0,1438,,,,,,,,,,,,0.08155421434617469,
R11,T2,DK on innovation/website kept as separate category (DK dummies added) instead of listwise deletion,prod_innov,5.467418482538644,2.1434370030352414,2.5507717160786325,0.010845186964369528,1.2630309827490738,9.671805982328214,M3 Pooled,D1_sales,g_sales,ols,1949,1529,True,0.0662741469305822,184.0,511,1438,,,,,,,,,,,,0.032535560893108585,
R11,T2,DK on innovation/website kept as separate category (DK dummies added) instead of listwise deletion,proc_innov,-4.9035243332631095,2.3243431403466457,-2.109638739713712,0.035051632491184086,-9.462762244457458,-0.3442864220687598,M3 Pooled,D1_sales,g_sales,ols,1949,1529,True,0.0662741469305822,84.0,511,1438,,,,,,,,,,,,0.07010326498236817,
R11,T2,DK on innovation/website kept as separate category (DK dummies added) instead of listwise deletion,web,1.8290059037269857,0.9440443803155975,1.9374151701592062,0.052878577297052434,-0.02275292390590189,3.680764731359873,M3 Pooled,D1_sales,g_sales,ols,1949,1529,True,0.0662741469305822,922.0,511,1438,,,,,,,,,,,,0.07010326498236817,
R11,T2,DK on innovation/website kept as separate category (DK dummies added) instead of listwise deletion,Korea,-1.3805805245081926,0.9685147445788208,-1.425461545356821,0.15422793285565412,-3.2803383805603454,0.5191773315439605,M3 Pooled,D1_sales,g_sales,ols,1949,1529,True,0.0662741469305822,,511,1438,,,,,,,,,,,,,
R11,T2,DK on innovation/website kept as separate category (DK dummies added) instead of listwise deletion,prod_innov,0.9771047715762409,1.0446041763006444,0.9353827925870969,0.34973876507221585,-1.07190377630605,3.0261133194585317,M4 Pooled x Korea,D1_sales,g_sales,ols,1949,1529,True,0.07826490155318222,184.0,511,1438,3.236932366237794,0.021459684575057626,,,,,,,,,,1.0,
R11,T2,DK on innovation/website kept as separate category (DK dummies added) instead of listwise deletion,proc_innov,0.5043523453591259,1.4713299567826437,0.34278670330480654,0.731806048233139,-2.381685951825747,3.3903906425439985,M4 Pooled x Korea,D1_sales,g_sales,ols,1949,1529,True,0.07826490155318222,84.0,511,1438,3.236932366237794,0.021459684575057626,,,,,,,,,,1.0,
R11,T2,DK on innovation/website kept as separate category (DK dummies added) instead of listwise deletion,web,0.2752863661632139,1.1874666501410507,0.2318266084613952,0.8167037109709193,-2.05394931148919,2.6045220438156176,M4 Pooled x Korea,D1_sales,g_sales,ols,1949,1529,True,0.07826490155318222,922.0,511,1438,3.236932366237794,0.021459684575057626,,,,,,,,,,1.0,
R11,T2,DK on innovation/website kept as separate category (DK dummies added) instead of listwise deletion,Korea,-2.7948733378719304,1.1327160602982753,-2.46740859058356,0.013718356465666551,-5.0167148186269666,-0.5730318571168942,M4 Pooled x Korea,D1_sales,g_sales,ols,1949,1529,True,0.07826490155318222,,511,1438,3.236932366237794,0.021459684575057626,,,,,,,,,,,
R11,T2,DK on innovation/website kept as separate category (DK dummies added) instead of listwise deletion,prod_innov:Korea,7.229874868453468,3.3437332963816373,2.162216369432679,0.030756175055429203,0.6710861314718715,13.788663605435065,M4 Pooled x Korea,D1_sales,g_sales,ols,1949,1529,True,0.07826490155318222,,511,1438,3.236932366237794,0.021459684575057626,,,,,,,,,,,0.061512350110858406
R11,T2,DK on innovation/website kept as separate category (DK dummies added) instead of listwise deletion,proc_innov:Korea,-11.209680005580399,4.457533990806822,-2.514771626800635,0.012012853462363885,-19.95320741706793,-2.4661525940928666,M4 Pooled x Korea,D1_sales,g_sales,ols,1949,1529,True,0.07826490155318222,,511,1438,3.236932366237794,0.021459684575057626,,,,,,,,,,,0.036038560387091655
R11,T2,DK on innovation/website kept as separate category (DK dummies added) instead of listwise deletion,web:Korea,2.027004940465558,1.6330139947969724,1.2412661170840544,0.21469785153571605,-1.1761792991381173,5.2301891800692335,M4 Pooled x Korea,D1_sales,g_sales,ols,1949,1529,True,0.07826490155318222,,511,1438,3.236932366237794,0.021459684575057626,,,,,,,,,,,0.21469785153571605
R11,T2,DK on innovation/website kept as separate category (DK dummies added) instead of listwise deletion,prod_innov,2.1729621064145634,1.8102819047736947,1.2003445986420596,0.2307106445333527,-1.385813037538946,5.731737250368073,M1 Morocco,D1_lp,g_lp,ols,511,403,True,0.0328456579299129,73.0,511,0,,,,,,,,,,,,0.6921319336000581,
R11,T2,DK on innovation/website kept as separate category (DK dummies added) instead of listwise deletion,proc_innov,-2.4591624838818213,3.246922108642337,-0.7573826539713612,0.44926324724614786,-8.842182534029192,3.9238575662655486,M1 Morocco,D1_lp,g_lp,ols,511,403,True,0.0328456579299129,37.0,511,0,,,,,,,,,,,,0.8985264944922957,
R11,T2,DK on innovation/website kept as separate category (DK dummies added) instead of listwise deletion,web,-1.1484254808609138,1.754130756153017,-0.6546977623147803,0.5130358440490602,-4.596814882412227,2.299963920690399,M1 Morocco,D1_lp,g_lp,ols,511,403,True,0.0328456579299129,326.0,511,0,,,,,,,,,,,,0.8985264944922957,
R11,T2,DK on innovation/website kept as separate category (DK dummies added) instead of listwise deletion,prod_innov,6.747976078072415,3.329649825131275,2.0266323584962476,0.04293533182557457,0.21495997245471,13.28099218369012,M2 Korea,D1_lp,g_lp,ols,1438,1126,True,0.10949069861087657,111.0,0,1438,,,,,,,,,,,,0.1288059954767237,
R11,T2,DK on innovation/website kept as separate category (DK dummies added) instead of listwise deletion,proc_innov,-7.445177603133365,3.921622448779377,-1.8984942330312065,0.05788648402107483,-15.139687225332903,0.2493320190661743,M2 Korea,D1_lp,g_lp,ols,1438,1126,True,0.10949069861087657,47.0,0,1438,,,,,,,,,,,,0.1288059954767237,
R11,T2,DK on innovation/website kept as separate category (DK dummies added) instead of listwise deletion,web,0.881884539800307,1.3856446920550087,0.6364434871773731,0.5246167553502145,-1.836851533144587,3.600620612745201,M2 Korea,D1_lp,g_lp,ols,1438,1126,True,0.10949069861087657,596.0,0,1438,,,,,,,,,,,,0.5246167553502145,
R11,T2,DK on innovation/website kept as separate category (DK dummies added) instead of listwise deletion,prod_innov,4.96720846923692,2.217350975191347,2.2401543665446435,0.02522407517915331,0.6178374779088234,9.316579460565016,M3 Pooled,D1_lp,g_lp,ols,1949,1529,True,0.07679447404825646,184.0,511,1438,,,,,,,,,,,,0.07567222553745992,
R11,T2,DK on innovation/website kept as separate category (DK dummies added) instead of listwise deletion,proc_innov,-5.097611197970436,2.4749166829652185,-2.059710225017735,0.03959520210970309,-9.95220162920064,-0.24302076674023088,M3 Pooled,D1_lp,g_lp,ols,1949,1529,True,0.07679447404825646,84.0,511,1438,,,,,,,,,,,,0.07919040421940618,
R11,T2,DK on innovation/website kept as separate category (DK dummies added) instead of listwise deletion,web,0.8329168054180722,1.1279336578350674,0.7384448541209024,0.4603574942619533,-1.3795439129880815,3.045377523824226,M3 Pooled,D1_lp,g_lp,ols,1949,1529,True,0.07679447404825646,922.0,511,1438,,,,,,,,,,,,0.4603574942619533,
R11,T2,DK on innovation/website kept as separate category (DK dummies added) instead of listwise deletion,Korea,0.4251878441320957,1.1525498544603563,0.3689105876736031,0.7122454472214979,-1.8355579553084762,2.6859336435726675,M3 Pooled,D1_lp,g_lp,ols,1949,1529,True,0.07679447404825646,,511,1438,,,,,,,,,,,,,
R11,T2,DK on innovation/website kept as separate category (DK dummies added) instead of listwise deletion,prod_innov,2.291034218340594,1.8098588489914123,1.2658634785896858,0.20575480525176737,-1.2590341579670459,5.841102594648234,M4 Pooled x Korea,D1_lp,g_lp,ols,1949,1529,True,0.08051868407789708,184.0,511,1438,1.12048950299093,0.3395318524879702,,,,,,,,,,0.6172644157553021,
R11,T2,DK on innovation/website kept as separate category (DK dummies added) instead of listwise deletion,proc_innov,-2.4534342627055303,3.177275827677698,-0.7721817040035739,0.44012614951633555,-8.685713893203276,3.7788453677922162,M4 Pooled x Korea,D1_lp,g_lp,ols,1949,1529,True,0.08051868407789708,84.0,511,1438,1.12048950299093,0.3395318524879702,,,,,,,,,,0.8802522990326711,
R11,T2,DK on innovation/website kept as separate category (DK dummies added) instead of listwise deletion,web,-1.2208154736685086,1.6562977084492163,-0.7370749035277917,0.46118988395456945,-4.469671106688249,2.0280401593512316,M4 Pooled x Korea,D1_lp,g_lp,ols,1949,1529,True,0.08051868407789708,922.0,511,1438,1.12048950299093,0.3395318524879702,,,,,,,,,,0.8802522990326711,
R11,T2,DK on innovation/website kept as separate category (DK dummies added) instead of listwise deletion,Korea,-1.392436406675493,1.4720553699234158,-0.9459130649059315,0.3443423857256247,-4.279897613858153,1.495024800507167,M4 Pooled x Korea,D1_lp,g_lp,ols,1949,1529,True,0.08051868407789708,,511,1438,1.12048950299093,0.3395318524879702,,,,,,,,,,,
R11,T2,DK on innovation/website kept as separate category (DK dummies added) instead of listwise deletion,prod_innov:Korea,4.194397790545305,3.7422227522875566,1.1208306047472298,0.2625359823984223,-3.1460346732341007,11.53483025432471,M4 Pooled x Korea,D1_lp,g_lp,ols,1949,1529,True,0.08051868407789708,,511,1438,1.12048950299093,0.3395318524879702,,,,,,,,,,,0.5583407755559503
R11,T2,DK on innovation/website kept as separate category (DK dummies added) instead of listwise deletion,proc_innov:Korea,-5.138300378997053,4.904016010876777,-1.0477739810801288,0.29490834765644847,-14.757609733879566,4.481008975885459,M4 Pooled x Korea,D1_lp,g_lp,ols,1949,1529,True,0.08051868407789708,,511,1438,1.12048950299093,0.3395318524879702,,,,,,,,,,,0.5583407755559503
R11,T2,DK on innovation/website kept as separate category (DK dummies added) instead of listwise deletion,web:Korea,2.7386582533927615,2.0704148346339557,1.3227582258301147,0.18611359185198342,-1.3224950428260276,6.799811549611551,M4 Pooled x Korea,D1_lp,g_lp,ols,1949,1529,True,0.08051868407789708,,511,1438,1.12048950299093,0.3395318524879702,,,,,,,,,,,0.5583407755559503
R11,T2,DK on innovation/website kept as separate category (DK dummies added) instead of listwise deletion,prod_innov,-1.3161832209452187,1.5119832010927043,-0.8705012198508675,0.38454349287598133,-4.2885203483735435,1.6561539064831066,M1 Morocco,D2_emp,g_emp,ols,512,404,True,0.07858185200612566,73.0,512,0,,,,,,,,,,,,0.49229864092362563,
R11,T2,DK on innovation/website kept as separate category (DK dummies added) instead of listwise deletion,proc_innov,3.4608020240709094,2.7615253360917484,1.2532211741243022,0.2108500351628983,-1.9679516015430951,8.889555649684914,M1 Morocco,D2_emp,g_emp,ols,512,404,True,0.07858185200612566,38.0,512,0,,,,,,,,,,,,0.49229864092362563,
R11,T2,DK on innovation/website kept as separate category (DK dummies added) instead of listwise deletion,web,1.4574489276778848,1.0455547901957882,1.3939479225234732,0.16409954697454188,-0.5979583806926854,3.5128562360484548,M1 Morocco,D2_emp,g_emp,ols,512,404,True,0.07858185200612566,327.0,512,0,,,,,,,,,,,,0.49229864092362563,
R11,T2,DK on innovation/website kept as separate category (DK dummies added) instead of listwise deletion,prod_innov,1.7171325534119448,2.144231709222748,0.8008148307975446,0.42340469619980003,-2.4899237607246487,5.924188867548539,M2 Korea,D2_emp,g_emp,ols,1463,1147,True,0.10997307961456859,112.0,0,1463,,,,,,,,,,,,0.42340469619980003,
R11,T2,DK on innovation/website kept as separate category (DK dummies added) instead of listwise deletion,proc_innov,-3.4795592318989637,1.8683781940560036,-1.862342026346014,0.06281043405182102,-7.145381467755976,0.1862630039580484,M2 Korea,D2_emp,g_emp,ols,1463,1147,True,0.10997307961456859,48.0,0,1463,,,,,,,,,,,,0.18843130215546305,
R11,T2,DK on innovation/website kept as separate category (DK dummies added) instead of listwise deletion,web,1.1103312122548377,0.7765690231302458,1.429790758043942,0.1530493995697173,-0.4133239030345688,2.6339863275442443,M2 Korea,D2_emp,g_emp,ols,1463,1147,True,0.10997307961456859,600.0,0,1463,,,,,,,,,,,,0.3060987991394346,
R11,T2,DK on innovation/website kept as separate category (DK dummies added) instead of listwise deletion,prod_innov,0.5427719498010328,1.4716114730974188,0.36882829450807225,0.712306052388295,-2.3437861099823767,3.429330009584443,M3 Pooled,D2_emp,g_emp,ols,1975,1551,True,0.09756256063290791,185.0,512,1463,,,,,,,,,,,,1.0,
R11,T2,DK on innovation/website kept as separate category (DK dummies added) instead of listwise deletion,proc_innov,0.09169134454361617,2.0004090017933187,0.04583629870762283,0.963446627642875,-3.8321002489237572,4.015482938010989,M3 Pooled,D2_emp,g_emp,ols,1975,1551,True,0.09756256063290791,86.0,512,1463,,,,,,,,,,,,1.0,
R11,T2,DK on innovation/website kept as separate category (DK dummies added) instead of listwise deletion,web,0.9483952970598732,0.6058352538378954,1.5654343174186383,0.11768509932357553,-0.23994732382627015,2.1367379179460166,M3 Pooled,D2_emp,g_emp,ols,1975,1551,True,0.09756256063290791,927.0,512,1463,,,,,,,,,,,,0.3530552979707266,
R11,T2,DK on innovation/website kept as separate category (DK dummies added) instead of listwise deletion,Korea,-1.9008491209517782,0.5888431996267427,-3.228107452300872,0.001272166032264786,-3.0558619180820337,-0.7458363238215227,M3 Pooled,D2_emp,g_emp,ols,1975,1551,True,0.09756256063290791,,512,1463,,,,,,,,,,,,,
R11,T2,DK on innovation/website kept as separate category (DK dummies added) instead of listwise deletion,prod_innov,-1.4222802657585327,1.5105662391222525,-0.9415543846557697,0.3465674563131196,-4.385247891444068,1.5406873599270021,M4 Pooled x Korea,D2_emp,g_emp,ols,1975,1551,True,0.10326876487827963,185.0,512,1463,1.3298996902103892,0.2629950132806389,,,,,,,,,,0.6161956441421312,
R11,T2,DK on innovation/website kept as separate category (DK dummies added) instead of listwise deletion,proc_innov,2.9629609342822656,2.6695627849796457,1.1099049443427331,0.26721203832252965,-2.2733722378570667,8.199294106421597,M4 Pooled x Korea,D2_emp,g_emp,ols,1975,1551,True,0.10326876487827963,86.0,512,1463,1.3298996902103892,0.2629950132806389,,,,,,,,,,0.6161956441421312,
R11,T2,DK on innovation/website kept as separate category (DK dummies added) instead of listwise deletion,web,1.2781230629672053,1.008897203315148,1.2668516264763197,0.20539854804737706,-0.7008234232222885,3.257069549156699,M4 Pooled x Korea,D2_emp,g_emp,ols,1975,1551,True,0.10326876487827963,927.0,512,1463,1.3298996902103892,0.2629950132806389,,,,,,,,,,0.6161956441421312,
R11,T2,DK on innovation/website kept as separate category (DK dummies added) instead of listwise deletion,Korea,-1.643067184435089,0.9088907935722031,-1.8077718423985358,0.07083567052203354,-3.425851631016463,0.139717262146285,M4 Pooled x Korea,D2_emp,g_emp,ols,1975,1551,True,0.10326876487827963,,512,1463,1.3298996902103892,0.2629950132806389,,,,,,,,,,,
R11,T2,DK on innovation/website kept as separate category (DK dummies added) instead of listwise deletion,prod_innov:Korea,3.2323570621294193,2.646545431476209,1.221349546350486,0.22213931527983732,-1.9588276938111822,8.42354181807002,M4 Pooled x Korea,D2_emp,g_emp,ols,1975,1551,True,0.10326876487827963,,512,1463,1.3298996902103892,0.2629950132806389,,,,,,,,,,,0.44427863055967465
R11,T2,DK on innovation/website kept as separate category (DK dummies added) instead of listwise deletion,proc_innov:Korea,-6.152386220068738,3.1381454025286915,-1.960516620775824,0.05011420291973548,-12.307841698664202,0.003069258526725349,M4 Pooled x Korea,D2_emp,g_emp,ols,1975,1551,True,0.10326876487827963,,512,1463,1.3298996902103892,0.2629950132806389,,,,,,,,,,,0.15034260875920644
R11,T2,DK on innovation/website kept as separate category (DK dummies added) instead of listwise deletion,web:Korea,-0.47890451553934116,1.255551160399814,-0.3814297104283988,0.7029366632463476,-2.9416614237158627,1.9838523926371805,M4 Pooled x Korea,D2_emp,g_emp,ols,1975,1551,True,0.10326876487827963,,512,1463,1.3298996902103892,0.2629950132806389,,,,,,,,,,,0.7029366632463476
R11,T2,DK on innovation/website kept as separate category (DK dummies added) instead of listwise deletion,prod_innov,-0.054474832350615,0.027559809416552297,-1.976604102272843,0.04893147831166306,-0.10869297194283724,-0.00025669275839276806,M1 Morocco,D3_female,female_share,ols,429,325,True,0.10638520562730236,68.0,429,0,,,,,,,,,,,,0.09786295662332611,
R11,T2,DK on innovation/website kept as separate category (DK dummies added) instead of listwise deletion,proc_innov,0.13613699624704614,0.03968901872309992,3.430092268010932,0.0006811988449771281,0.058057183542864196,0.21421680895122808,M1 Morocco,D3_female,female_share,ols,429,325,True,0.10638520562730236,35.0,429,0,,,,,,,,,,,,0.0020435965349313843,
R11,T2,DK on innovation/website kept as separate category (DK dummies added) instead of listwise deletion,web,0.011373080076857922,0.03494272316266617,0.3254777832830515,0.7450289356812922,-0.057369392468252116,0.08011555262196796,M1 Morocco,D3_female,female_share,ols,429,325,True,0.10638520562730236,272.0,429,0,,,,,,,,,,,,0.7450289356812922,
R11,T2,DK on innovation/website kept as separate category (DK dummies added) instead of listwise deletion,prod_innov,0.11186761928310558,0.052062898662009624,2.148701323937915,0.03186175206049902,0.009721083409968245,0.21401415515624292,M2 Korea,D3_female,female_share,ols,1491,1176,True,0.09295486782906659,116.0,0,1491,,,,,,,,,,,,0.09558525618149707,
R11,T2,DK on innovation/website kept as separate category (DK dummies added) instead of listwise deletion,proc_innov,0.008744883179231928,0.05967738732724693,0.14653595894335128,0.8835234202019218,-0.10834115202237475,0.1258309183808386,M2 Korea,D3_female,female_share,ols,1491,1176,True,0.09295486782906659,48.0,0,1491,,,,,,,,,,,,1.0,
R11,T2,DK on innovation/website kept as separate category (DK dummies added) instead of listwise deletion,web,0.006520435339574804,0.023225604604896963,0.280743405844428,0.7789565956869029,-0.039047812201750944,0.05208868288090055,M2 Korea,D3_female,female_share,ols,1491,1176,True,0.09295486782906659,604.0,0,1491,,,,,,,,,,,,1.0,
R11,T2,DK on innovation/website kept as separate category (DK dummies added) instead of listwise deletion,prod_innov,0.04726700098834458,0.037503087828655635,1.2603495798612205,0.20773917699763067,-0.026297019625506908,0.12083102160219608,M3 Pooled,D3_female,female_share,ols,1920,1501,True,0.0800988146128927,184.0,429,1491,,,,,,,,,,,,0.623217530992892,
R11,T2,DK on innovation/website kept as separate category (DK dummies added) instead of listwise deletion,proc_innov,0.04468212348748934,0.042090615462190575,1.0615697346508672,0.2886018313704791,-0.03788054222304978,0.12724478919802845,M3 Pooled,D3_female,female_share,ols,1920,1501,True,0.0800988146128927,83.0,429,1491,,,,,,,,,,,,0.623217530992892,
R11,T2,DK on innovation/website kept as separate category (DK dummies added) instead of listwise deletion,web,0.017183617915517264,0.019486297095489217,0.8818308492019765,0.37800947515735167,-0.02103964433343524,0.05540688016446977,M3 Pooled,D3_female,female_share,ols,1920,1501,True,0.0800988146128927,876.0,429,1491,,,,,,,,,,,,0.623217530992892,
R11,T2,DK on innovation/website kept as separate category (DK dummies added) instead of listwise deletion,Korea,0.09657668305716041,0.021618555552520055,4.4673050806996475,8.514497690863444e-06,0.05417089840355346,0.13898246771076736,M3 Pooled,D3_female,female_share,ols,1920,1501,True,0.0800988146128927,,429,1491,,,,,,,,,,,,,
R11,T2,DK on innovation/website kept as separate category (DK dummies added) instead of listwise deletion,prod_innov,-0.06234224943636636,0.030088544110807098,-2.0719596537066907,0.03843963858844882,-0.12136230371352208,-0.0033221951592106516,M4 Pooled x Korea,D3_female,female_share,ols,1920,1501,True,0.08639577347041649,184.0,429,1491,2.7411496105605138,0.041983547883400786,,,,,,,,,,0.07687927717689765,
R11,T2,DK on innovation/website kept as separate category (DK dummies added) instead of listwise deletion,proc_innov,0.0986654153386629,0.0436385425858329,2.2609695350067507,0.023903801494437285,0.01306641983702439,0.1842644108403014,M4 Pooled x Korea,D3_female,female_share,ols,1920,1501,True,0.08639577347041649,83.0,429,1491,2.7411496105605138,0.041983547883400786,,,,,,,,,,0.07171140448331186,
R11,T2,DK on innovation/website kept as separate category (DK dummies added) instead of listwise deletion,web,0.029060540080930647,0.033545551004256366,0.8663008718277828,0.3864636391516399,-0.03674059119803963,0.09486167135990092,M4 Pooled x Korea,D3_female,female_share,ols,1920,1501,True,0.08639577347041649,876.0,429,1491,2.7411496105605138,0.041983547883400786,,,,,,,,,,0.3864636391516399,
R11,T2,DK on innovation/website kept as separate category (DK dummies added) instead of listwise deletion,Korea,0.09485515735058232,0.03145713819829132,3.0153778373817435,0.002609682211505649,0.03315054322801684,0.1565597714731478,M4 Pooled x Korea,D3_female,female_share,ols,1920,1501,True,0.08639577347041649,,429,1491,2.7411496105605138,0.041983547883400786,,,,,,,,,,,
R11,T2,DK on innovation/website kept as separate category (DK dummies added) instead of listwise deletion,prod_innov:Korea,0.16895907742957153,0.05983678588649273,2.823665658614721,0.004810493699016486,0.051586487456935115,0.28633166740220795,M4 Pooled x Korea,D3_female,female_share,ols,1920,1501,True,0.08639577347041649,,429,1491,2.7411496105605138,0.041983547883400786,,,,,,,,,,,0.014431481097049458
R11,T2,DK on innovation/website kept as separate category (DK dummies added) instead of listwise deletion,proc_innov:Korea,-0.08760173004621591,0.0746866697480189,-1.172923231706145,0.24101269461473693,-0.23410304583187483,0.05889958573944301,M4 Pooled x Korea,D3_female,female_share,ols,1920,1501,True,0.08639577347041649,,429,1491,2.7411496105605138,0.041983547883400786,,,,,,,,,,,0.48202538922947386
R11,T2,DK on innovation/website kept as separate category (DK dummies added) instead of listwise deletion,web:Korea,-0.018278556236205827,0.04050499516852682,-0.45126671809625657,0.651862516899397,-0.0977309552801241,0.06117384280771245,M4 Pooled x Korea,D3_female,female_share,ols,1920,1501,True,0.08639577347041649,,429,1491,2.7411496105605138,0.041983547883400786,,,,,,,,,,,0.651862516899397
R11,T2,DK on innovation/website kept as separate category (DK dummies added) instead of listwise deletion,prod_innov,0.008080019077676887,0.04544999532560033,0.1777782158126143,0.8590099910466269,-0.08133959191048931,0.09749963006584308,M1 Morocco,D3_lowskill,lowskill_prod_share,ols,421,319,True,0.15097469114830997,70.0,421,0,,,,,,,,,,,,1.0,
R11,T2,DK on innovation/website kept as separate category (DK dummies added) instead of listwise deletion,proc_innov,-0.02659341675391137,0.04355849793195157,-0.610521896220031,0.541950857466308,-0.11229164207606115,0.05910480856823841,M1 Morocco,D3_lowskill,lowskill_prod_share,ols,421,319,True,0.15097469114830997,36.0,421,0,,,,,,,,,,,,1.0,
R11,T2,DK on innovation/website kept as separate category (DK dummies added) instead of listwise deletion,web,-0.059383412280418345,0.04200150750454927,-1.413840021670327,0.15838402804565266,-0.14201837043756158,0.023251545876724893,M1 Morocco,D3_lowskill,lowskill_prod_share,ols,421,319,True,0.15097469114830997,264.0,421,0,,,,,,,,,,,,0.475152084136958,
R11,T2,DK on innovation/website kept as separate category (DK dummies added) instead of listwise deletion,prod_innov,0.04430447905762592,0.055166758430858207,0.8031010035355578,0.4220814465533155,-0.06393370700777928,0.15254266512303113,M2 Korea,D3_lowskill,lowskill_prod_share,ols,1469,1156,True,0.10330913261458141,113.0,0,1469,,,,,,,,,,,,0.844162893106631,
R11,T2,DK on innovation/website kept as separate category (DK dummies added) instead of listwise deletion,proc_innov,0.002088004195333726,0.07645997258890197,0.02730846120701848,0.9782184217186735,-0.14792785635238578,0.15210386474305324,M2 Korea,D3_lowskill,lowskill_prod_share,ols,1469,1156,True,0.10330913261458141,45.0,0,1469,,,,,,,,,,,,0.9782184217186735,
R11,T2,DK on innovation/website kept as separate category (DK dummies added) instead of listwise deletion,web,0.04423441726760691,0.023874906380330477,1.8527577265831614,0.06417181722934813,-0.0026085844347162324,0.09107741896993005,M2 Korea,D3_lowskill,lowskill_prod_share,ols,1469,1156,True,0.10330913261458141,589.0,0,1469,,,,,,,,,,,,0.1925154516880444,
R11,T2,DK on innovation/website kept as separate category (DK dummies added) instead of listwise deletion,prod_innov,0.034027667056951566,0.04040348555391081,0.8421963251548701,0.3998146017844956,-0.0452267436401549,0.11328207775405803,M3 Pooled,D3_lowskill,lowskill_prod_share,ols,1890,1475,True,0.11882512810227608,183.0,421,1469,,,,,,,,,,,,1.0,
R11,T2,DK on innovation/website kept as separate category (DK dummies added) instead of listwise deletion,proc_innov,-0.026361394999321983,0.04354059264202397,-0.6054441016927917,0.5449770968578777,-0.11176947214756607,0.0590466821489221,M3 Pooled,D3_lowskill,lowskill_prod_share,ols,1890,1475,True,0.11882512810227608,81.0,421,1469,,,,,,,,,,,,1.0,
R11,T2,DK on innovation/website kept as separate category (DK dummies added) instead of listwise deletion,web,0.020013947381340207,0.020828509638903783,0.9608919566649107,0.33676398294664767,-0.020842707298308803,0.060870602060989216,M3 Pooled,D3_lowskill,lowskill_prod_share,ols,1890,1475,True,0.11882512810227608,853.0,421,1469,,,,,,,,,,,,1.0,
R11,T2,DK on innovation/website kept as separate category (DK dummies added) instead of listwise deletion,Korea,-0.10043946184448035,0.023790354869355882,-4.221856394998774,2.571031426597993e-05,-0.14710599394181656,-0.05377292974714416,M3 Pooled,D3_lowskill,lowskill_prod_share,ols,1890,1475,True,0.11882512810227608,,421,1469,,,,,,,,,,,,,
R11,T2,DK on innovation/website kept as separate category (DK dummies added) instead of listwise deletion,prod_innov,0.005327259368330119,0.04830195722021436,0.11029075579779327,0.9121937920839907,-0.08942058484666968,0.10007510358332991,M4 Pooled x Korea,D3_lowskill,lowskill_prod_share,ols,1890,1475,True,0.12953447515593108,183.0,421,1469,2.6865442903349215,0.045183775201128595,,,,,,,,,,0.9121937920839907,
R11,T2,DK on innovation/website kept as separate category (DK dummies added) instead of listwise deletion,proc_innov,-0.03431002920969724,0.043881216521438955,-0.7818841848410119,0.43440812939520845,-0.12038626516806121,0.051766206748666735,M4 Pooled x Korea,D3_lowskill,lowskill_prod_share,ols,1890,1475,True,0.12953447515593108,81.0,421,1469,2.6865442903349215,0.045183775201128595,,,,,,,,,,0.8688162587904169,
R11,T2,DK on innovation/website kept as separate category (DK dummies added) instead of listwise deletion,web,-0.0714422992512799,0.0410480382078695,-1.7404558748823076,0.08198754285599433,-0.15196104741958277,0.009076448917022972,M4 Pooled x Korea,D3_lowskill,lowskill_prod_share,ols,1890,1475,True,0.12953447515593108,853.0,421,1469,2.6865442903349215,0.045183775201128595,,,,,,,,,,0.24596262856798298,
R11,T2,DK on innovation/website kept as separate category (DK dummies added) instead of listwise deletion,Korea,-0.1771976191453289,0.03655690740932305,-4.847172031300943,1.3845412187490495e-06,-0.24890668369543284,-0.10548855459522492,M4 Pooled x Korea,D3_lowskill,lowskill_prod_share,ols,1890,1475,True,0.12953447515593108,,421,1469,2.6865442903349215,0.045183775201128595,,,,,,,,,,,
R11,T2,DK on innovation/website kept as separate category (DK dummies added) instead of listwise deletion,prod_innov:Korea,0.03956055331635854,0.07417244843185881,0.5333591401219857,0.5938653512879157,-0.10593416353386842,0.18505527016658552,M4 Pooled x Korea,D3_lowskill,lowskill_prod_share,ols,1890,1475,True,0.12953447515593108,,421,1469,2.6865442903349215,0.045183775201128595,,,,,,,,,,,1.0
R11,T2,DK on innovation/website kept as separate category (DK dummies added) instead of listwise deletion,proc_innov:Korea,0.04263764870676416,0.0901221668712206,0.473109448951565,0.6362050998061457,-0.134143614795724,0.2194189122092523,M4 Pooled x Korea,D3_lowskill,lowskill_prod_share,ols,1890,1475,True,0.12953447515593108,,421,1469,2.6865442903349215,0.045183775201128595,,,,,,,,,,,1.0
R11,T2,DK on innovation/website kept as separate category (DK dummies added) instead of listwise deletion,web:Korea,0.11815212726230623,0.04673312868849943,2.5282306273532744,0.011567519955445643,0.02648165568140677,0.2098225988432057,M4 Pooled x Korea,D3_lowskill,lowskill_prod_share,ols,1890,1475,True,0.12953447515593108,,421,1469,2.6865442903349215,0.045183775201128595,,,,,,,,,,,0.03470255986633693
R11,T2,DK on innovation/website kept as separate category (DK dummies added) instead of listwise deletion,prod_innov,-0.5999194243260628,1.2242684717065955,-0.49002276722016064,0.624378619622628,-3.0065112024481495,1.8066723537960236,M1 Morocco,D4_energy,env_energy_mgmt,logit,519,412,True,0.2053948823041286,75.0,519,0,,,-0.04192877644756536,0.07206557942510192,0.5610100511734791,-0.1835908668616839,0.09973331396655317,0.5488558587430802,24.0,65.0,False,0.624378619622628,
R11,T2,DK on innovation/website kept as separate category (DK dummies added) instead of listwise deletion,proc_innov,1.6297314698687695,1.1569714480912077,1.408618572703354,0.15970218831288907,-0.6445719520081237,3.9040348917456624,M1 Morocco,D4_energy,env_energy_mgmt,logit,519,412,True,0.2053948823041286,39.0,519,0,,,0.1931857341579084,0.16981499760989863,0.2559383820646658,-0.1406261596337547,0.5269976279495715,5.102504358388503,10.0,79.0,False,0.31940437662577814,
R11,T2,DK on innovation/website kept as separate category (DK dummies added) instead of listwise deletion,web,1.4037743650885826,0.42761780773922736,3.282778078186681,0.0011155532107259695,0.5631895390746632,2.244359191102502,M1 Morocco,D4_energy,env_energy_mgmt,logit,519,412,True,0.2053948823041286,329.0,519,0,,,0.08910633677477493,0.03256838771520852,0.006488421362079966,0.025085400261678797,0.15312727328787107,4.070534693250091,52.0,37.0,False,0.003346659632177908,
R11,T2,DK on innovation/website kept as separate category (DK dummies added) instead of listwise deletion,prod_innov,0.19402625454429856,0.4520447497831566,0.42921913071078005,0.6678430554931439,-0.6928858158162992,1.0809383249048963,M2 Korea,D4_energy,env_energy_mgmt,logit,1481,1166,True,0.14960908230121583,116.0,0,1481,,,0.018421972824367982,0.04507488554543639,0.6828370462606272,-0.07001497966661203,0.106858925315348,1.2141281589193194,49.0,199.0,False,0.7375437679914044,
R11,T2,DK on innovation/website kept as separate category (DK dummies added) instead of listwise deletion,proc_innov,0.6513068440206229,0.7243787731727617,0.8991246957277813,0.3687718839957022,-0.7699247436664558,2.0725384317077014,M2 Korea,D4_energy,env_energy_mgmt,logit,1481,1166,True,0.14960908230121583,47.0,0,1481,,,0.07125800960908549,0.09412063962676026,0.44914753625336085,-0.11340674182332688,0.25592276104149786,1.9180457785251925,21.0,227.0,False,0.7375437679914044,
R11,T2,DK on innovation/website kept as separate category (DK dummies added) instead of listwise deletion,web,0.6015571220482459,0.29626776005881034,2.0304508392301424,0.04253732313699823,0.020279599013408145,1.1828346450830836,M2 Korea,D4_energy,env_energy_mgmt,logit,1481,1166,True,0.14960908230121583,599.0,0,1481,,,0.05800657106381103,0.030538246507457192,0.057748908286680674,-0.001909486910766818,0.11792262903838888,1.8249582718772268,158.0,90.0,False,0.12761196941099467,
R11,T2,DK on innovation/website kept as separate category (DK dummies added) instead of listwise deletion,prod_innov,-0.050629071878457554,0.47143184700214263,-0.1073942547590075,0.9144898641529424,-0.9753277704054969,0.8740696266485818,M3 Pooled,D4_energy,env_energy_mgmt,logit,2000,1578,True,0.14967127767748978,191.0,519,1481,,,-0.004418736696723645,0.04060147484529441,0.9133496379274775,-0.08405724900018165,0.07521977560673436,0.9506312209960277,73.0,264.0,False,0.9144898641529424,
R11,T2,DK on innovation/website kept as separate category (DK dummies added) instead of listwise deletion,proc_innov,1.1058928910033554,0.7187211697348076,1.5386953071264142,0.12407918326101737,-0.303856014344966,2.5156417963516766,M3 Pooled,D4_energy,env_energy_mgmt,logit,2000,1578,True,0.14967127767748978,86.0,519,1481,,,0.13418090829337845,0.11216887023336734,0.23178255651970067,-0.08583479276631625,0.3541966093530732,3.0219215110750794,31.0,306.0,False,0.24815836652203474,
R11,T2,DK on innovation/website kept as separate category (DK dummies added) instead of listwise deletion,web,0.722724429779036,0.25767963595821225,2.8047401848093254,0.005097444261784364,0.21729395128529683,1.2281549082727752,M3 Pooled,D4_energy,env_energy_mgmt,logit,2000,1578,True,0.14967127767748978,928.0,519,1481,,,0.06623582081637193,0.02509564141271175,0.008388670427933726,0.01701151172354487,0.11546012990919899,2.060038001124247,210.0,127.0,False,0.01529233278535309,
R11,T2,DK on innovation/website kept as separate category (DK dummies added) instead of listwise deletion,Korea,0.1818836380092842,0.27832648215194705,0.6534902342134598,0.5135354902342573,-0.36404497807410263,0.727812254092671,M3 Pooled,D4_energy,env_energy_mgmt,logit,2000,1578,True,0.14967127767748978,,519,1481,,,,,,,,1.1994746125053184,,,,,
R11,T2,DK on innovation/website kept as separate category (DK dummies added) instead of listwise deletion,prod_innov,-0.7735914091092009,1.2640570400705595,-0.6119909027728836,0.5406319416173357,-3.252999423756704,1.7058166055383022,M4 Pooled x Korea,D4_energy,env_energy_mgmt,logit,2000,1578,True,0.15365835340365763,191.0,519,1481,1.0466332751059946,0.37086711075105183,-0.055574386603308865,0.0723000799904997,0.4422084973720347,-0.19738871309770045,0.08623993989108271,0.4613531814106154,73.0,264.0,False,0.5406319416173357,
R11,T2,DK on innovation/website kept as separate category (DK dummies added) instead of listwise deletion,proc_innov,1.7805577971936126,1.2508946336930011,1.4234274808077907,0.15480995053519103,-0.6730325724979764,4.234148166885202,M4 Pooled x Korea,D4_energy,env_energy_mgmt,logit,2000,1578,True,0.15365835340365763,86.0,519,1481,1.0466332751059946,0.37086711075105183,0.24999998323960218,0.2337521065371831,0.2850039399562845,-0.20849740098973404,0.7084973674689384,5.9331649985324795,31.0,306.0,False,0.30961990107038206,
R11,T2,DK on innovation/website kept as separate category (DK dummies added) instead of listwise deletion,web,1.3708376468198678,0.4180508724918106,3.2791168181253387,0.001064000476648679,0.5508440461127998,2.1908312475269356,M4 Pooled x Korea,D4_energy,env_energy_mgmt,logit,2000,1578,True,0.15365835340365763,928.0,519,1481,1.0466332751059946,0.37086711075105183,0.1329897911112764,0.049804069660490224,0.007657083165370822,0.035300679335601215,0.2306789028869516,3.938648510474897,210.0,127.0,False,0.003192001429946037,
R11,T2,DK on innovation/website kept as separate category (DK dummies added) instead of listwise deletion,Korea,0.7835918830752988,0.35242594469296334,2.223422806621037,0.026328449519046775,0.09231950837876202,1.4748642577718356,M4 Pooled x Korea,D4_energy,env_energy_mgmt,logit,2000,1578,True,0.15365835340365763,,519,1481,1.0466332751059946,0.37086711075105183,,,,,,2.189321947939162,,,,,
R11,T2,DK on innovation/website kept as separate category (DK dummies added) instead of listwise deletion,prod_innov:Korea,0.9815672203465147,1.3428967800790268,0.7309327380238051,0.4649287513428372,-1.652482457654098,3.6156168983471275,M4 Pooled x Korea,D4_energy,env_energy_mgmt,logit,2000,1578,True,0.15365835340365763,,519,1481,1.0466332751059946,0.37086711075105183,,,,,,2.6686353058658048,,,,,0.8828068557856604
R11,T2,DK on innovation/website kept as separate category (DK dummies added) instead of listwise deletion,proc_innov:Korea,-1.1083533867533086,1.4393830475552372,-0.7700197585596303,0.4414034278928302,-3.9316578351482896,1.7149510616416723,M4 Pooled x Korea,D4_energy,env_energy_mgmt,logit,2000,1578,True,0.15365835340365763,,519,1481,1.0466332751059946,0.37086711075105183,,,,,,0.33010206424378596,,,,,0.8828068557856604
R11,T2,DK on innovation/website kept as separate category (DK dummies added) instead of listwise deletion,web:Korea,-0.7691326724139581,0.48684332361029276,-1.5798361302570345,0.1143448126395363,-1.7240604962165995,0.1857951513886834,M4 Pooled x Korea,D4_energy,env_energy_mgmt,logit,2000,1578,True,0.15365835340365763,,519,1481,1.0466332751059946,0.37086711075105183,,,,,,0.4634148265208759,,,,,0.3430344379186089
R11,T2,DK on innovation/website kept as separate category (DK dummies added) instead of listwise deletion,prod_innov,2.2962776991280593,0.8541194470928994,2.6884737339065663,0.0074683852924805295,0.617314119200921,3.9752412790551976,M1 Morocco,D4_co2,env_co2_monitor,logit,521,413,True,0.2774278531798501,75.0,521,0,,,0.17703655848295696,0.09712281273590595,0.069054831149888,-0.013880140485417719,0.3679532574513317,9.937124559871634,8.0,33.0,False,0.014936770584961059,
R11,T2,DK on innovation/website kept as separate category (DK dummies added) instead of listwise deletion,proc_innov,-6.5267575426463775,1.4315597715529833,-4.559193176800454,6.775359508625775e-06,-9.340809754087068,-3.7127053312056875,M1 Morocco,D4_co2,env_co2_monitor,logit,521,413,True,0.2774278531798501,39.0,521,0,,,-0.07691138668531923,0.02090536435987713,0.0002651091092081052,-0.11800557498041712,-0.035817198390221336,0.0014637442919803673,1.0,40.0,True,2.0326078525877324e-05,
R11,T2,DK on innovation/website kept as separate category (DK dummies added) instead of listwise deletion,web,-0.025993818165065078,0.6903235486148059,-0.03765454360817319,0.9699813129942999,-1.3829797765520508,1.3309921402219205,M1 Morocco,D4_co2,env_co2_monitor,logit,521,413,True,0.2774278531798501,330.0,521,0,,,-0.0010810712650066283,0.028862421620376215,0.9701395090677165,-0.05781664249459202,0.05565449996457876,0.9743411128060617,26.0,15.0,False,0.9699813129942999,
R11,T2,DK on innovation/website kept as separate category (DK dummies added) instead of listwise deletion,prod_innov,-0.3772546974871405,0.41290841002146067,-0.9136522490969194,0.36108545574305945,-1.187367748846185,0.4328583538719039,M2 Korea,D4_co2,env_co2_monitor,logit,1500,1185,True,0.1931817630947552,116.0,0,1500,,,-0.018595086604301,0.018389026180984133,0.312124452883795,-0.05467376591776943,0.01748359270916743,0.6857413950416864,30.0,147.0,False,0.9120125898084277,
R11,T2,DK on innovation/website kept as separate category (DK dummies added) instead of listwise deletion,proc_innov,-0.5452609923281051,0.5302390091417019,-1.0283305885221823,0.30400419660280925,-1.5855729143426134,0.4950509296864032,M2 Korea,D4_co2,env_co2_monitor,logit,1500,1185,True,0.1931817630947552,48.0,0,1500,,,-0.024978835865383128,0.020271640714295876,0.21811660130295876,-0.06475114448525099,0.01479347275448473,0.579690468829702,11.0,166.0,False,0.9120125898084277,
R11,T2,DK on innovation/website kept as separate category (DK dummies added) instead of listwise deletion,web,-0.2075293523237031,0.3327946862734336,-0.6235957510246755,0.5330131126010915,-0.8604618483196912,0.44540314367228506,M2 Korea,D4_co2,env_co2_monitor,logit,1500,1185,True,0.1931817630947552,607.0,0,1500,,,-0.01124931241859092,0.01774323071342853,0.5261993521237428,-0.04606096174652788,0.023562336909346043,0.8125893900362334,110.0,67.0,False,0.9120125898084277,
R11,T2,DK on innovation/website kept as separate category (DK dummies added) instead of listwise deletion,prod_innov,0.6144818557904581,0.48340768452113275,1.27114623012079,0.20386162796169885,-0.33369796121194606,1.5626616727928622,M3 Pooled,D4_co2,env_co2_monitor,logit,2021,1598,True,0.17480267878054268,191.0,521,1500,,,0.04003313021885798,0.03818540820589475,0.2946183356635421,-0.03486562402973024,0.1149318844674462,1.8486984589505653,38.0,180.0,False,0.4077232559233977,
R11,T2,DK on innovation/website kept as separate category (DK dummies added) instead of listwise deletion,proc_innov,-1.8612046328131941,0.7170003021989424,-2.595821266888079,0.009522979744255195,-3.2675645999765655,-0.45484466564982284,M3 Pooled,D4_co2,env_co2_monitor,logit,2021,1598,True,0.17480267878054268,87.0,521,1500,,,-0.05360895698267553,0.01247021723087954,1.8197039141329042e-05,-0.07806865977715746,-0.029149254188193603,0.15548521491540557,12.0,206.0,False,0.028568939232765586,
R11,T2,DK on innovation/website kept as separate category (DK dummies added) instead of listwise deletion,web,-0.17122597012418905,0.28122703507032426,-0.6088531640685679,0.542708310649245,-0.7228386299710385,0.38038668972266043,M3 Pooled,D4_co2,env_co2_monitor,logit,2021,1598,True,0.17480267878054268,937.0,521,1500,,,-0.009091948192729734,0.01493941803788581,0.5428841603695775,-0.03839486396105722,0.020210967575597757,0.8426311424926597,136.0,82.0,False,0.542708310649245,
R11,T2,DK on innovation/website kept as separate category (DK dummies added) instead of listwise deletion,Korea,-0.027801290516836948,0.36700698403208887,-0.07575139364216069,0.9396263691788108,-0.747666998284537,0.692064417250863,M3 Pooled,D4_co2,env_co2_monitor,logit,2021,1598,True,0.17480267878054268,,521,1500,,,,,,,,0.9725816087899197,,,,,
R11,T2,DK on innovation/website kept as separate category (DK dummies added) instead of listwise deletion,prod_innov,2.340289642620132,0.8444442929040641,2.771396126761447,0.00564634748543286,0.6839547088723068,3.9966245763679575,M4 Pooled x Korea,D4_co2,env_co2_monitor,logit,2021,1598,True,0.1920875224180264,191.0,521,1500,4.779952308554136,0.0025473383227967556,0.2500718516996022,0.13553622319438113,0.06521439824508635,-0.015775621190595945,0.5159193245898004,10.384243846787877,38.0,180.0,False,0.01129269497086572,
R11,T2,DK on innovation/website kept as separate category (DK dummies added) instead of listwise deletion,proc_innov,-5.741169658607174,1.33401066891629,-4.303690961685581,1.7816902282277732e-05,-8.357764372415467,-3.124574944798882,M4 Pooled x Korea,D4_co2,env_co2_monitor,logit,2021,1598,True,0.1920875224180264,87.0,521,1500,4.779952308554136,0.0025473383227967556,-0.07734825902774843,0.009178155819289938,7.770697006553446e-17,-0.09535074923179782,-0.059345768823699054,0.0032110102921307127,12.0,206.0,False,5.345070684683319e-05,
R11,T2,DK on innovation/website kept as separate category (DK dummies added) instead of listwise deletion,web,0.37506080600280656,0.8975831162694194,0.4178563513556865,0.6761082867240947,-1.3855032524106674,2.1356248644162803,M4 Pooled x Korea,D4_co2,env_co2_monitor,logit,2021,1598,True,0.1920875224180264,937.0,521,1500,4.779952308554136,0.0025473383227967556,0.020467456437567737,0.05065975198462509,0.6862534749422692,-0.07889909462119829,0.11983400749633377,1.4550798895201174,136.0,82.0,False,0.6761082867240947,
R11,T2,DK on innovation/website kept as separate category (DK dummies added) instead of listwise deletion,Korea,0.7117739094127643,0.9430116712392039,0.7547880170745161,0.45048740465920606,-1.1378959706853684,2.5614437895108972,M4 Pooled x Korea,D4_co2,env_co2_monitor,logit,2021,1598,True,0.1920875224180264,,521,1500,4.779952308554136,0.0025473383227967556,,,,,,2.037602577014773,,,,,
R11,T2,DK on innovation/website kept as separate category (DK dummies added) instead of listwise deletion,prod_innov:Korea,-2.657878668173159,0.95819743100517,-2.773831970500053,0.005604450067652289,-4.5373346509274795,-0.7784226854188392,M4 Pooled x Korea,D4_co2,env_co2_monitor,logit,2021,1598,True,0.1920875224180264,,521,1500,4.779952308554136,0.0025473383227967556,,,,,,0.07009676263022385,,,,,0.011208900135304577
R11,T2,DK on innovation/website kept as separate category (DK dummies added) instead of listwise deletion,proc_innov:Korea,5.003011533392951,1.4100501891172734,3.548108834711026,0.0003992230260081787,2.2372691319128317,7.76875393487307,M4 Pooled x Korea,D4_co2,env_co2_monitor,logit,2021,1598,True,0.1920875224180264,,521,1500,4.779952308554136,0.0025473383227967556,,,,,,148.86078396747658,,,,,0.0011976690780245362
R11,T2,DK on innovation/website kept as separate category (DK dummies added) instead of listwise deletion,web:Korea,-0.6175206818982132,0.9847271429010412,-0.627098264072396,0.5306844083215433,-2.549013357853785,1.3139719940573586,M4 Pooled x Korea,D4_co2,env_co2_monitor,logit,2021,1598,True,0.1920875224180264,,521,1500,4.779952308554136,0.0025473383227967556,,,,,,0.5392798277209595,,,,,0.5306844083215433
R12,T2,Fractional logit (quasi-binomial) for D3 shares instead of OLS,prod_innov,-0.30991286301705984,0.15734322459811187,-1.9696613172168254,0.04975589584543027,-0.6194931623844195,-0.00033256364970013497,M1 Morocco,D3_female,female_share,frac,418,314,True,,68.0,418,0,,,,,,,,,,,,0.24877947922715135,
R12,T2,Fractional logit (quasi-binomial) for D3 shares instead of OLS,proc_innov,0.7086445001629568,0.19370188657300746,3.658428488748168,0.0002975225072826242,0.32752679912142363,1.0897622012044899,M1 Morocco,D3_female,female_share,frac,418,314,True,,35.0,418,0,,,,,,,,,,,,0.0017851350436957451,
R12,T2,Fractional logit (quasi-binomial) for D3 shares instead of OLS,web,0.06161060994140298,0.1909916583410355,0.32258272678794603,0.7472259609372001,-0.3141745877810274,0.4373958076638334,M1 Morocco,D3_female,female_share,frac,418,314,True,,264.0,418,0,,,,,,,,,,,,1.0,
R12,T2,Fractional logit (quasi-binomial) for D3 shares instead of OLS,prod_innov,0.49361724336818885,0.2234511734571271,2.209060868784821,0.027363610131137008,0.055207464371561876,0.9320270223648158,M2 Korea,D3_female,female_share,frac,1485,1170,True,,116.0,0,1485,,,,,,,,,,,,0.16418166078682206,
R12,T2,Fractional logit (quasi-binomial) for D3 shares instead of OLS,proc_innov,0.03376457447898737,0.2661666321848021,0.12685502386919897,0.8990769415646207,-0.4884526624548994,0.5559818114128742,M2 Korea,D3_female,female_share,frac,1485,1170,True,,48.0,0,1485,,,,,,,,,,,,1.0,
R12,T2,Fractional logit (quasi-binomial) for D3 shares instead of OLS,web,0.03509814708476408,0.10728527914644648,0.3271478376530524,0.7436145915539375,-0.17539488722104807,0.24559118139057623,M2 Korea,D3_female,female_share,frac,1485,1170,True,,601.0,0,1485,,,,,,,,,,,,1.0,
R12,T2,Fractional logit (quasi-binomial) for D3 shares instead of OLS,prod_innov,0.21997786904511646,0.17114578097181163,1.2853245215629807,0.1988794555566175,-0.11573550499093016,0.5556912430811631,M3 Pooled,D3_female,female_share,frac,1903,1484,True,,184.0,418,1485,,,,,,,,,,,,1.0,
R12,T2,Fractional logit (quasi-binomial) for D3 shares instead of OLS,proc_innov,0.21362670046046411,0.1929350978483327,1.1072464411239327,0.26836683220835655,-0.16482780949503745,0.5920812104159656,M3 Pooled,D3_female,female_share,frac,1903,1484,True,,83.0,418,1485,,,,,,,,,,,,1.0,
R12,T2,Fractional logit (quasi-binomial) for D3 shares instead of OLS,web,0.08331869663475322,0.09309551933854829,0.894980738350672,0.37094251925907124,-0.09929410706579275,0.2659315003352992,M3 Pooled,D3_female,female_share,frac,1903,1484,True,,865.0,418,1485,,,,,,,,,,,,1.0,
R12,T2,Fractional logit (quasi-binomial) for D3 shares instead of OLS,Korea,0.4726581119481764,0.10925471271588057,4.326203421332816,1.6183587781536694e-05,0.2583480189565865,0.6869682049397663,M3 Pooled,D3_female,female_share,frac,1903,1484,True,,,418,1485,,,,,,,,,,,,,
R12,T2,Fractional logit (quasi-binomial) for D3 shares instead of OLS,prod_innov,-0.34464690898080313,0.16602304078229857,-2.0758980642495826,0.038075220364203,-0.6703117011379033,-0.018982116823702988,M4 Pooled x Korea,D3_female,female_share,frac,1903,1484,True,,184.0,418,1485,3.1209703254822987,0.02513426599213945,,,,,,,,,,0.190376101821015,
R12,T2,Fractional logit (quasi-binomial) for D3 shares instead of OLS,proc_innov,0.5139585125143861,0.19998747701255354,2.5699534800477735,0.010268068218068464,0.12167031065740525,0.9062467143713668,M4 Pooled x Korea,D3_female,female_share,frac,1903,1484,True,,83.0,418,1485,3.1209703254822987,0.02513426599213945,,,,,,,,,,0.061608409308410786,
R12,T2,Fractional logit (quasi-binomial) for D3 shares instead of OLS,web,0.15030423657353031,0.18259805329681328,0.8231426012478383,0.4105591583933577,-0.2078735006549644,0.508481973802025,M4 Pooled x Korea,D3_female,female_share,frac,1903,1484,True,,865.0,418,1485,3.1209703254822987,0.02513426599213945,,,,,,,,,,1.0,
R12,T2,Fractional logit (quasi-binomial) for D3 shares instead of OLS,Korea,0.47036969955851626,0.16544942081909134,2.842981844420213,0.004530565131927004,0.14583009957483256,0.7949092995422,M4 Pooled x Korea,D3_female,female_share,frac,1903,1484,True,,,418,1485,3.1209703254822987,0.02513426599213945,,,,,,,,,,,
R12,T2,Fractional logit (quasi-binomial) for D3 shares instead of OLS,prod_innov:Korea,0.8112901725980567,0.27503196608723746,2.949803196115478,0.0032295784121378064,0.271797415145149,1.3507829300509644,M4 Pooled x Korea,D3_female,female_share,frac,1903,1484,True,,,418,1485,3.1209703254822987,0.02513426599213945,,,,,,,,,,,0.019377470472826838
R12,T2,Fractional logit (quasi-binomial) for D3 shares instead of OLS,proc_innov:Korea,-0.4715532841350151,0.3319583864371236,-1.4205192680810077,0.15566662641450288,-1.1227108488588786,0.1796042805888483,M4 Pooled x Korea,D3_female,female_share,frac,1903,1484,True,,,418,1485,3.1209703254822987,0.02513426599213945,,,,,,,,,,,0.6226665056580115
R12,T2,Fractional logit (quasi-binomial) for D3 shares instead of OLS,web:Korea,-0.09343284048856686,0.20956428555361575,-0.4458433374834885,0.6557754514831031,-0.5045065636102919,0.31764088263315815,M4 Pooled x Korea,D3_female,female_share,frac,1903,1484,True,,,418,1485,3.1209703254822987,0.02513426599213945,,,,,,,,,,,1.0
R12,T2,Fractional logit (quasi-binomial) for D3 shares instead of OLS,prod_innov,0.039715969661552344,0.2411639219131428,0.16468454048386386,0.8693006649281055,-0.43482741342200715,0.5142593527451118,M1 Morocco,D3_lowskill,lowskill_prod_share,frac,407,307,True,,69.0,407,0,,,,,,,,,,,,1.0,
R12,T2,Fractional logit (quasi-binomial) for D3 shares instead of OLS,proc_innov,-0.10796777421880309,0.23697306803435014,-0.4556120031460822,0.6489910922077742,-0.5742647249095133,0.3583291764719071,M1 Morocco,D3_lowskill,lowskill_prod_share,frac,407,307,True,,36.0,407,0,,,,,,,,,,,,1.0,
R12,T2,Fractional logit (quasi-binomial) for D3 shares instead of OLS,web,-0.29829119221669226,0.20342228773276905,-1.4663643573242584,0.1435725896126757,-0.6985695582737534,0.10198717384036893,M1 Morocco,D3_lowskill,lowskill_prod_share,frac,407,307,True,,254.0,407,0,,,,,,,,,,,,0.5742903584507028,
R12,T2,Fractional logit (quasi-binomial) for D3 shares instead of OLS,prod_innov,0.30009488962662534,0.34924977640357935,0.8592557816840158,0.39037817457906304,-0.3851420343247044,0.9853318135779551,M2 Korea,D3_lowskill,lowskill_prod_share,frac,1465,1152,True,,113.0,0,1465,,,,,,,,,,,,1.0,
R12,T2,Fractional logit (quasi-binomial) for D3 shares instead of OLS,proc_innov,0.01123980660825274,0.4603763784876261,0.02441438599690197,0.9805263015805966,-0.8920303306077346,0.9145099438242401,M2 Korea,D3_lowskill,lowskill_prod_share,frac,1465,1152,True,,45.0,0,1465,,,,,,,,,,,,1.0,
R12,T2,Fractional logit (quasi-binomial) for D3 shares instead of OLS,web,0.3088451443664906,0.16134949824855818,1.9141376187654207,0.05585011632511147,-0.007726665641400843,0.6254169543743819,M2 Korea,D3_lowskill,lowskill_prod_share,frac,1465,1152,True,,588.0,0,1465,,,,,,,,,,,,0.2792505816255574,
R12,T2,Fractional logit (quasi-binomial) for D3 shares instead of OLS,prod_innov,0.21523371277629164,0.23613449974347556,0.9114877877231431,0.36218898828571283,-0.24796566005987855,0.6784330856124619,M3 Pooled,D3_lowskill,lowskill_prod_share,frac,1872,1459,True,,182.0,407,1465,,,,,,,,,,,,1.0,
R12,T2,Fractional logit (quasi-binomial) for D3 shares instead of OLS,proc_innov,-0.14510024057504056,0.2536482154161745,-0.5720530709706223,0.5673741466415143,-0.6426543651498935,0.35245388399981237,M3 Pooled,D3_lowskill,lowskill_prod_share,frac,1872,1459,True,,81.0,407,1465,,,,,,,,,,,,1.0,
R12,T2,Fractional logit (quasi-binomial) for D3 shares instead of OLS,web,0.1375172630316259,0.13293560938644347,1.03446520963291,0.30109016284761303,-0.12324806758413501,0.39828259364738683,M3 Pooled,D3_lowskill,lowskill_prod_share,frac,1872,1459,True,,842.0,407,1465,,,,,,,,,,,,1.0,
R12,T2,Fractional logit (quasi-binomial) for D3 shares instead of OLS,Korea,-0.5933505854516221,0.1365705364880596,-4.344645636678003,1.4914337415256186e-05,-0.8612461573307431,-0.32545501357250123,M3 Pooled,D3_lowskill,lowskill_prod_share,frac,1872,1459,True,,,407,1465,,,,,,,,,,,,,
R12,T2,Fractional logit (quasi-binomial) for D3 shares instead of OLS,prod_innov,0.04332918253943713,0.24896203842923645,0.17403931463933917,0.861858709457213,-0.4450325781762294,0.5316909432551036,M4 Pooled x Korea,D3_lowskill,lowskill_prod_share,frac,1872,1459,True,,182.0,407,1465,3.3133425614433847,0.01934941150308752,,,,,,,,,,1.0,
R12,T2,Fractional logit (quasi-binomial) for D3 shares instead of OLS,proc_innov,-0.17264789794460306,0.2322326486747782,-0.7434264688010408,0.45734321835752734,-0.6281934337942925,0.2828976379050863,M4 Pooled x Korea,D3_lowskill,lowskill_prod_share,frac,1872,1459,True,,81.0,407,1465,3.3133425614433847,0.01934941150308752,,,,,,,,,,1.0,
R12,T2,Fractional logit (quasi-binomial) for D3 shares instead of OLS,web,-0.3577368625322357,0.20056211084840123,-1.7836712079812425,0.07468490454334233,-0.7511577479200124,0.035684022855541064,M4 Pooled x Korea,D3_lowskill,lowskill_prod_share,frac,1872,1459,True,,842.0,407,1465,3.3133425614433847,0.01934941150308752,,,,,,,,,,0.2987396181733693,
R12,T2,Fractional logit (quasi-binomial) for D3 shares instead of OLS,Korea,-1.0385006952504463,0.18566157934935237,-5.593514279528662,2.652995946921114e-08,-1.4026928281569764,-0.6743085623439161,M4 Pooled x Korea,D3_lowskill,lowskill_prod_share,frac,1872,1459,True,,,407,1465,3.3133425614433847,0.01934941150308752,,,,,,,,,,,
R12,T2,Fractional logit (quasi-binomial) for D3 shares instead of OLS,prod_innov:Korea,0.2521873795394028,0.4281361990323524,0.5890354053438637,0.5559287094680144,-0.5876408501165087,1.0920156091953142,M4 Pooled x Korea,D3_lowskill,lowskill_prod_share,frac,1872,1459,True,,,407,1465,3.3133425614433847,0.01934941150308752,,,,,,,,,,,1.0
R12,T2,Fractional logit (quasi-binomial) for D3 shares instead of OLS,proc_innov:Korea,0.2241050152043656,0.5167098050419497,0.43371542985558664,0.6645592207081661,-0.7894684265999334,1.2376784570086645,M4 Pooled x Korea,D3_lowskill,lowskill_prod_share,frac,1872,1459,True,,,407,1465,3.3133425614433847,0.01934941150308752,,,,,,,,,,,1.0
R12,T2,Fractional logit (quasi-binomial) for D3 shares instead of OLS,web:Korea,0.6946392392645948,0.24779666711647716,2.803263043639238,0.005125797345815528,0.2085634607403395,1.1807150177888501,M4 Pooled x Korea,D3_lowskill,lowskill_prod_share,frac,1872,1459,True,,,407,1465,3.3133425614433847,0.01934941150308752,,,,,,,,,,,0.025628986729077638
